Importing module 'gym_38' (/home/caozhuo/isaacgym/python/isaacgym/_bindings/linux-x86_64/gym_38.so)
Setting GYM_USD_PLUG_INFO_PATH to /home/caozhuo/isaacgym/python/isaacgym/_bindings/linux-x86_64/usd/plugInfo.json
PyTorch version 2.4.1+cu121
Device count 8
/home/caozhuo/isaacgym/python/isaacgym/_bindings/src/gymtorch
Using /home/caozhuo/.cache/torch_extensions/py38_cu121 as PyTorch extensions root...
Emitting ninja build file /home/caozhuo/.cache/torch_extensions/py38_cu121/gymtorch/build.ninja...
Building extension module gymtorch...
Allowing ninja to set a default number of workers... (overridable by setting the environment variable MAX_JOBS=N)
ninja: no work to do.
Not connected to PVD
+++ Using GPU PhysX
Physics Engine: PhysX
Physics Device: cuda:0
GPU Pipeline: enabled
[Error] [carb.windowing-glfw.plugin] GLFW initialization failed.
[Error] [carb.windowing-glfw.plugin] GLFW window creation failed!
[Error] [carb.gym.plugin] Failed to create Window in CreateGymViewerInternal
logdir: /home/caozhuo/dynamic_handover/dexteroushandenvs/logs/allegro_hand_dynamic_handover/mappo/mappo
Setting seed: 22
Algorithm:  mappo
Task type: MultiAgent
Averaging factor:  0.01
Obs type: full_state
ENTER ASSET CREATING!
self.num_allegro_hand_bodies:  23
self.num_allegro_hand_shapes:  28
self.num_allegro_hand_dofs:  22
self.num_allegro_hand_actuators:  22
self.num_allegro_hand_tendons:  0
another_hand_base_rigid_body_index:  29
hand_base_rigid_body_index:  6
RL device:  cuda:0
Actor(
  (base): MLPBase(
    (feature_norm): LayerNorm((450,), eps=1e-05, elementwise_affine=True)
    (mlp): MLPLayer(
      (fc1): Sequential(
        (0): Linear(in_features=450, out_features=512, bias=True)
        (1): ELU(alpha=1.0)
        (2): LayerNorm((512,), eps=1e-05, elementwise_affine=True)
      )
      (fc2): ModuleList(
        (0-1): 2 x Sequential(
          (0): Linear(in_features=512, out_features=512, bias=True)
          (1): ELU(alpha=1.0)
          (2): LayerNorm((512,), eps=1e-05, elementwise_affine=True)
        )
      )
    )
  )
  (act): ACTLayer(
    (action_out): DiagGaussian(
      (fc_mean): Linear(in_features=512, out_features=22, bias=True)
    )
  )
)
Critic(
  (base): MLPBase(
    (feature_norm): LayerNorm((215,), eps=1e-05, elementwise_affine=True)
    (mlp): MLPLayer(
      (fc1): Sequential(
        (0): Linear(in_features=215, out_features=512, bias=True)
        (1): ELU(alpha=1.0)
        (2): LayerNorm((512,), eps=1e-05, elementwise_affine=True)
      )
      (fc2): ModuleList(
        (0-1): 2 x Sequential(
          (0): Linear(in_features=512, out_features=512, bias=True)
          (1): ELU(alpha=1.0)
          (2): LayerNorm((512,), eps=1e-05, elementwise_affine=True)
        )
      )
    )
  )
  (v_out): Linear(in_features=512, out_features=1, bias=True)
)
Actor(
  (base): MLPBase(
    (feature_norm): LayerNorm((450,), eps=1e-05, elementwise_affine=True)
    (mlp): MLPLayer(
      (fc1): Sequential(
        (0): Linear(in_features=450, out_features=512, bias=True)
        (1): ELU(alpha=1.0)
        (2): LayerNorm((512,), eps=1e-05, elementwise_affine=True)
      )
      (fc2): ModuleList(
        (0-1): 2 x Sequential(
          (0): Linear(in_features=512, out_features=512, bias=True)
          (1): ELU(alpha=1.0)
          (2): LayerNorm((512,), eps=1e-05, elementwise_affine=True)
        )
      )
    )
  )
  (act): ACTLayer(
    (action_out): DiagGaussian(
      (fc_mean): Linear(in_features=512, out_features=22, bias=True)
    )
  )
)
Critic(
  (base): MLPBase(
    (feature_norm): LayerNorm((215,), eps=1e-05, elementwise_affine=True)
    (mlp): MLPLayer(
      (fc1): Sequential(
        (0): Linear(in_features=215, out_features=512, bias=True)
        (1): ELU(alpha=1.0)
        (2): LayerNorm((512,), eps=1e-05, elementwise_affine=True)
      )
      (fc2): ModuleList(
        (0-1): 2 x Sequential(
          (0): Linear(in_features=512, out_features=512, bias=True)
          (1): ELU(alpha=1.0)
          (2): LayerNorm((512,), eps=1e-05, elementwise_affine=True)
        )
      )
    )
  )
  (v_out): Linear(in_features=512, out_features=1, bias=True)
)

Algo mappo Exp check updates 0/6103 episodes, total num timesteps 16384/100000000, FPS 2881.

some episodes done, average rewards:  -0.03455192595720291
some episodes done, average rewards:  -0.049427248537540436
some episodes done, average rewards:  -0.060221318155527115
some episodes done, average rewards:  -0.0705891028046608
some episodes done, average rewards:  -0.07408636063337326
some episodes done, average rewards:  -0.06764735281467438
some episodes done, average rewards:  -0.05733020603656769
some episodes done, average rewards:  -0.04939571022987366
some episodes done, average rewards:  -0.0404847152531147
some episodes done, average rewards:  -0.023573290556669235
some episodes done, average rewards:  -0.010466717183589935
some episodes done, average rewards:  0.0010667946189641953
some episodes done, average rewards:  0.008090914227068424
some episodes done, average rewards:  0.033073559403419495
some episodes done, average rewards:  0.05232531577348709
some episodes done, average rewards:  0.06183893606066704
some episodes done, average rewards:  0.08622459322214127
some episodes done, average rewards:  0.0936022475361824
some episodes done, average rewards:  0.08643046766519547
some episodes done, average rewards:  0.12543317675590515
some episodes done, average rewards:  0.14542195200920105
some episodes done, average rewards:  0.14115512371063232
some episodes done, average rewards:  0.16400736570358276
some episodes done, average rewards:  0.15028947591781616
some episodes done, average rewards:  0.19626539945602417

Algo mappo Exp check updates 25/6103 episodes, total num timesteps 425984/100000000, FPS 3139.

some episodes done, average rewards:  0.21909266710281372
some episodes done, average rewards:  0.2077130228281021
some episodes done, average rewards:  0.23512621223926544
some episodes done, average rewards:  0.30508971214294434
some episodes done, average rewards:  0.2601447105407715
some episodes done, average rewards:  0.3679243326187134
some episodes done, average rewards:  0.3892335593700409
some episodes done, average rewards:  0.3753339350223541
some episodes done, average rewards:  0.3920663893222809
some episodes done, average rewards:  0.39381226897239685
some episodes done, average rewards:  0.5116868019104004
some episodes done, average rewards:  0.5390529036521912
some episodes done, average rewards:  0.7434625029563904
some episodes done, average rewards:  0.6789407134056091
some episodes done, average rewards:  0.682624340057373
some episodes done, average rewards:  0.8544391989707947
some episodes done, average rewards:  0.7282949090003967
some episodes done, average rewards:  0.6569014191627502
some episodes done, average rewards:  0.9844193458557129
some episodes done, average rewards:  1.2077758312225342
some episodes done, average rewards:  1.1820878982543945
some episodes done, average rewards:  1.0329861640930176
some episodes done, average rewards:  1.359181523323059
some episodes done, average rewards:  1.401565670967102
some episodes done, average rewards:  1.1764765977859497

Algo mappo Exp check updates 50/6103 episodes, total num timesteps 835584/100000000, FPS 3191.

some episodes done, average rewards:  1.381978988647461
some episodes done, average rewards:  1.5722662210464478
some episodes done, average rewards:  1.4957181215286255
some episodes done, average rewards:  1.7971247434616089
some episodes done, average rewards:  2.0508878231048584
some episodes done, average rewards:  2.1054959297180176
some episodes done, average rewards:  1.642577052116394
some episodes done, average rewards:  1.738842248916626
some episodes done, average rewards:  2.1366093158721924
some episodes done, average rewards:  2.0492501258850098
some episodes done, average rewards:  2.1383469104766846
some episodes done, average rewards:  1.932883858680725
some episodes done, average rewards:  2.322938919067383
some episodes done, average rewards:  2.023052215576172
some episodes done, average rewards:  2.0355887413024902
some episodes done, average rewards:  1.850242257118225
some episodes done, average rewards:  2.08384370803833
some episodes done, average rewards:  1.8625829219818115
some episodes done, average rewards:  1.9220820665359497
some episodes done, average rewards:  2.064096689224243
some episodes done, average rewards:  1.82466721534729
some episodes done, average rewards:  1.8643097877502441
some episodes done, average rewards:  1.558142900466919
some episodes done, average rewards:  1.6175988912582397
some episodes done, average rewards:  1.6598824262619019

Algo mappo Exp check updates 75/6103 episodes, total num timesteps 1245184/100000000, FPS 3231.

some episodes done, average rewards:  1.5940455198287964
some episodes done, average rewards:  1.5492887496948242
some episodes done, average rewards:  1.4379498958587646
some episodes done, average rewards:  1.6864153146743774
some episodes done, average rewards:  1.4968643188476562
some episodes done, average rewards:  1.3956053256988525
some episodes done, average rewards:  1.536041498184204
some episodes done, average rewards:  1.3789764642715454
some episodes done, average rewards:  1.478722095489502
some episodes done, average rewards:  1.346210241317749
some episodes done, average rewards:  1.3211255073547363
some episodes done, average rewards:  1.4040840864181519
some episodes done, average rewards:  1.376792311668396
some episodes done, average rewards:  1.3947864770889282
some episodes done, average rewards:  1.2956258058547974
some episodes done, average rewards:  1.236680030822754
some episodes done, average rewards:  1.3885743618011475
some episodes done, average rewards:  1.2861969470977783
some episodes done, average rewards:  1.3522720336914062
some episodes done, average rewards:  1.4297257661819458
some episodes done, average rewards:  1.254744291305542
some episodes done, average rewards:  1.5590544939041138
some episodes done, average rewards:  1.3533921241760254
some episodes done, average rewards:  1.652461051940918
some episodes done, average rewards:  1.3568657636642456

Algo mappo Exp check updates 100/6103 episodes, total num timesteps 1654784/100000000, FPS 3259.

some episodes done, average rewards:  1.3042986392974854
some episodes done, average rewards:  1.4100608825683594
some episodes done, average rewards:  1.2905751466751099
some episodes done, average rewards:  1.3048433065414429
some episodes done, average rewards:  1.3365026712417603
some episodes done, average rewards:  1.239686131477356
some episodes done, average rewards:  1.2383227348327637
some episodes done, average rewards:  1.3371670246124268
some episodes done, average rewards:  1.2997249364852905
some episodes done, average rewards:  1.3215776681900024
some episodes done, average rewards:  1.2903486490249634
some episodes done, average rewards:  1.3044406175613403
some episodes done, average rewards:  1.3618149757385254
some episodes done, average rewards:  1.4306784868240356
some episodes done, average rewards:  1.3993221521377563
some episodes done, average rewards:  1.3187448978424072
some episodes done, average rewards:  1.3096226453781128
some episodes done, average rewards:  1.3273781538009644
some episodes done, average rewards:  1.3885656595230103
some episodes done, average rewards:  1.3635412454605103
some episodes done, average rewards:  1.347967505455017
some episodes done, average rewards:  1.250278353691101
some episodes done, average rewards:  1.3276338577270508
some episodes done, average rewards:  1.3240231275558472
some episodes done, average rewards:  1.2693579196929932

Algo mappo Exp check updates 125/6103 episodes, total num timesteps 2064384/100000000, FPS 3265.

some episodes done, average rewards:  1.336490273475647
some episodes done, average rewards:  1.2279640436172485
some episodes done, average rewards:  1.256087303161621
some episodes done, average rewards:  1.2665516138076782
some episodes done, average rewards:  1.206697940826416
some episodes done, average rewards:  1.2699226140975952
some episodes done, average rewards:  1.3594849109649658
some episodes done, average rewards:  1.1764767169952393
some episodes done, average rewards:  1.2806931734085083
some episodes done, average rewards:  1.3406211137771606
some episodes done, average rewards:  1.2486021518707275
some episodes done, average rewards:  1.3342679738998413
some episodes done, average rewards:  1.3724745512008667
some episodes done, average rewards:  1.247767448425293
some episodes done, average rewards:  1.307597279548645
some episodes done, average rewards:  1.341538906097412
some episodes done, average rewards:  1.475934386253357
some episodes done, average rewards:  1.3195561170578003
some episodes done, average rewards:  1.3746654987335205
some episodes done, average rewards:  1.328190803527832
some episodes done, average rewards:  1.257301926612854
some episodes done, average rewards:  1.3367453813552856
some episodes done, average rewards:  1.304065465927124
some episodes done, average rewards:  1.4137005805969238
some episodes done, average rewards:  1.5325649976730347

Algo mappo Exp check updates 150/6103 episodes, total num timesteps 2473984/100000000, FPS 3245.

some episodes done, average rewards:  1.3451167345046997
some episodes done, average rewards:  1.297440528869629
some episodes done, average rewards:  1.3024605512619019
some episodes done, average rewards:  1.2359073162078857
some episodes done, average rewards:  1.146733045578003
some episodes done, average rewards:  1.108896255493164
some episodes done, average rewards:  1.1957048177719116
some episodes done, average rewards:  1.2215347290039062
some episodes done, average rewards:  1.2068126201629639
some episodes done, average rewards:  1.2658123970031738
some episodes done, average rewards:  1.2440390586853027
some episodes done, average rewards:  1.3193540573120117
some episodes done, average rewards:  1.298634648323059
some episodes done, average rewards:  1.3283779621124268
some episodes done, average rewards:  1.3544222116470337
some episodes done, average rewards:  1.303425908088684
some episodes done, average rewards:  1.3370054960250854
some episodes done, average rewards:  1.4176818132400513
some episodes done, average rewards:  1.3767024278640747
some episodes done, average rewards:  1.4344024658203125
some episodes done, average rewards:  1.4013841152191162
some episodes done, average rewards:  1.4920165538787842
some episodes done, average rewards:  1.5082530975341797
some episodes done, average rewards:  1.4892646074295044
some episodes done, average rewards:  1.573169231414795

Algo mappo Exp check updates 175/6103 episodes, total num timesteps 2883584/100000000, FPS 3231.

some episodes done, average rewards:  1.528581142425537
some episodes done, average rewards:  1.5582880973815918
some episodes done, average rewards:  1.5315483808517456
some episodes done, average rewards:  1.4883787631988525
some episodes done, average rewards:  1.5373735427856445
some episodes done, average rewards:  1.500589370727539
some episodes done, average rewards:  1.494986891746521
some episodes done, average rewards:  1.4485357999801636
some episodes done, average rewards:  1.506145715713501
some episodes done, average rewards:  1.4918601512908936
some episodes done, average rewards:  1.5400564670562744
some episodes done, average rewards:  1.5283818244934082
some episodes done, average rewards:  1.4597054719924927
some episodes done, average rewards:  1.4621144533157349
some episodes done, average rewards:  1.5715217590332031
some episodes done, average rewards:  1.5553858280181885
some episodes done, average rewards:  1.5180108547210693
some episodes done, average rewards:  1.5332547426223755
some episodes done, average rewards:  1.573649287223816
some episodes done, average rewards:  1.647881269454956
some episodes done, average rewards:  1.6047852039337158
some episodes done, average rewards:  1.5968602895736694
some episodes done, average rewards:  1.6721700429916382
some episodes done, average rewards:  1.6771668195724487
some episodes done, average rewards:  1.5763670206069946

Algo mappo Exp check updates 200/6103 episodes, total num timesteps 3293184/100000000, FPS 3305.

some episodes done, average rewards:  1.6633446216583252
some episodes done, average rewards:  1.5815680027008057
some episodes done, average rewards:  1.6423449516296387
some episodes done, average rewards:  1.692723274230957
some episodes done, average rewards:  1.6468784809112549
some episodes done, average rewards:  1.5941497087478638
some episodes done, average rewards:  1.5771360397338867
some episodes done, average rewards:  1.6854078769683838
some episodes done, average rewards:  1.7109920978546143
some episodes done, average rewards:  1.6019508838653564
some episodes done, average rewards:  1.6836910247802734
some episodes done, average rewards:  1.665414810180664
some episodes done, average rewards:  1.6030402183532715
some episodes done, average rewards:  1.603651523590088
some episodes done, average rewards:  1.7462000846862793
some episodes done, average rewards:  1.6203927993774414
some episodes done, average rewards:  1.7159967422485352
some episodes done, average rewards:  1.7051740884780884
some episodes done, average rewards:  1.7163933515548706
some episodes done, average rewards:  1.705947756767273
some episodes done, average rewards:  1.726324439048767
some episodes done, average rewards:  1.690826654434204
some episodes done, average rewards:  1.795825481414795
some episodes done, average rewards:  1.6952457427978516
some episodes done, average rewards:  1.7554030418395996

Algo mappo Exp check updates 225/6103 episodes, total num timesteps 3702784/100000000, FPS 3451.

some episodes done, average rewards:  1.7468602657318115
some episodes done, average rewards:  1.86329984664917
some episodes done, average rewards:  1.6249008178710938
some episodes done, average rewards:  1.6360535621643066
some episodes done, average rewards:  1.697947382926941
some episodes done, average rewards:  1.6698302030563354
some episodes done, average rewards:  1.7175524234771729
some episodes done, average rewards:  1.6560992002487183
some episodes done, average rewards:  1.7000418901443481
some episodes done, average rewards:  1.7261962890625
some episodes done, average rewards:  1.6868153810501099
some episodes done, average rewards:  1.6624692678451538
some episodes done, average rewards:  1.7137287855148315
some episodes done, average rewards:  1.7154988050460815
some episodes done, average rewards:  1.704641580581665
some episodes done, average rewards:  1.6241170167922974
some episodes done, average rewards:  1.7186806201934814
some episodes done, average rewards:  1.7571712732315063
some episodes done, average rewards:  1.6484532356262207
some episodes done, average rewards:  1.731736660003662
some episodes done, average rewards:  1.667214274406433
some episodes done, average rewards:  1.916137456893921
some episodes done, average rewards:  1.8461123704910278
some episodes done, average rewards:  1.7967615127563477
some episodes done, average rewards:  1.8617279529571533

Algo mappo Exp check updates 250/6103 episodes, total num timesteps 4112384/100000000, FPS 3507.

some episodes done, average rewards:  1.7801804542541504
some episodes done, average rewards:  1.7505966424942017
some episodes done, average rewards:  1.7375231981277466
some episodes done, average rewards:  1.913252353668213
some episodes done, average rewards:  1.9235724210739136
some episodes done, average rewards:  1.9009108543395996
some episodes done, average rewards:  1.869949221611023
some episodes done, average rewards:  1.9289125204086304
some episodes done, average rewards:  1.8994327783584595
some episodes done, average rewards:  1.8891911506652832
some episodes done, average rewards:  1.8416775465011597
some episodes done, average rewards:  1.777618169784546
some episodes done, average rewards:  1.8459140062332153
some episodes done, average rewards:  1.823311686515808
some episodes done, average rewards:  1.997318983078003
some episodes done, average rewards:  1.8518941402435303
some episodes done, average rewards:  1.9411141872406006
some episodes done, average rewards:  1.906508207321167
some episodes done, average rewards:  1.8956960439682007
some episodes done, average rewards:  1.926905870437622
some episodes done, average rewards:  1.9088770151138306
some episodes done, average rewards:  1.9821443557739258
some episodes done, average rewards:  2.019716501235962
some episodes done, average rewards:  1.9506161212921143
some episodes done, average rewards:  1.9431495666503906

Algo mappo Exp check updates 275/6103 episodes, total num timesteps 4521984/100000000, FPS 3496.

some episodes done, average rewards:  1.9895260334014893
some episodes done, average rewards:  2.18947696685791
some episodes done, average rewards:  2.2318594455718994
some episodes done, average rewards:  2.138528823852539
some episodes done, average rewards:  2.0777199268341064
some episodes done, average rewards:  2.0798966884613037
some episodes done, average rewards:  2.10107421875
some episodes done, average rewards:  2.088005304336548
some episodes done, average rewards:  2.2073283195495605
some episodes done, average rewards:  2.3146345615386963
some episodes done, average rewards:  2.245619535446167
some episodes done, average rewards:  2.2165913581848145
some episodes done, average rewards:  2.3180317878723145
some episodes done, average rewards:  2.2724475860595703
some episodes done, average rewards:  2.4199140071868896
some episodes done, average rewards:  2.415818929672241
some episodes done, average rewards:  2.390803098678589
some episodes done, average rewards:  2.412473201751709
some episodes done, average rewards:  2.422150135040283
some episodes done, average rewards:  2.3384556770324707
some episodes done, average rewards:  2.194392204284668
some episodes done, average rewards:  2.1176249980926514
some episodes done, average rewards:  2.2203776836395264
some episodes done, average rewards:  2.1906208992004395
some episodes done, average rewards:  2.141646146774292

Algo mappo Exp check updates 300/6103 episodes, total num timesteps 4931584/100000000, FPS 3484.

some episodes done, average rewards:  2.05090594291687
some episodes done, average rewards:  2.133192777633667
some episodes done, average rewards:  2.0863726139068604
some episodes done, average rewards:  2.0891928672790527
some episodes done, average rewards:  2.104862689971924
some episodes done, average rewards:  2.137249708175659
some episodes done, average rewards:  2.143908739089966
some episodes done, average rewards:  2.0749387741088867
some episodes done, average rewards:  2.0542025566101074
some episodes done, average rewards:  2.1641502380371094
some episodes done, average rewards:  2.173823595046997
some episodes done, average rewards:  2.1878116130828857
some episodes done, average rewards:  2.175797700881958
some episodes done, average rewards:  2.1618523597717285
some episodes done, average rewards:  2.3090860843658447
some episodes done, average rewards:  2.2548937797546387
some episodes done, average rewards:  2.203479051589966
some episodes done, average rewards:  2.220567464828491
some episodes done, average rewards:  2.2198948860168457
some episodes done, average rewards:  2.3385050296783447
some episodes done, average rewards:  2.2414605617523193
some episodes done, average rewards:  2.102173089981079
some episodes done, average rewards:  2.274113416671753
some episodes done, average rewards:  2.2822909355163574
some episodes done, average rewards:  2.3748440742492676

Algo mappo Exp check updates 325/6103 episodes, total num timesteps 5341184/100000000, FPS 3476.

some episodes done, average rewards:  2.363447904586792
some episodes done, average rewards:  2.25793194770813
some episodes done, average rewards:  2.3808820247650146
some episodes done, average rewards:  2.260589838027954
some episodes done, average rewards:  2.193399667739868
some episodes done, average rewards:  2.3084917068481445
some episodes done, average rewards:  2.1961147785186768
some episodes done, average rewards:  2.415423631668091
some episodes done, average rewards:  2.2472522258758545
some episodes done, average rewards:  2.2310123443603516
some episodes done, average rewards:  2.326906442642212
some episodes done, average rewards:  2.245176315307617
some episodes done, average rewards:  2.2654201984405518
some episodes done, average rewards:  2.290839195251465
some episodes done, average rewards:  2.396627187728882
some episodes done, average rewards:  2.2686970233917236
some episodes done, average rewards:  2.33528208732605
some episodes done, average rewards:  2.2220778465270996
some episodes done, average rewards:  2.448328971862793
some episodes done, average rewards:  2.324016809463501
some episodes done, average rewards:  2.2435011863708496
some episodes done, average rewards:  2.273698091506958
some episodes done, average rewards:  2.2676875591278076
some episodes done, average rewards:  2.299361228942871
some episodes done, average rewards:  2.3178181648254395

Algo mappo Exp check updates 350/6103 episodes, total num timesteps 5750784/100000000, FPS 3468.

some episodes done, average rewards:  2.3097763061523438
some episodes done, average rewards:  2.3955888748168945
some episodes done, average rewards:  2.32338285446167
some episodes done, average rewards:  2.3343334197998047
some episodes done, average rewards:  2.389478921890259
some episodes done, average rewards:  2.3134093284606934
some episodes done, average rewards:  2.3603675365448
some episodes done, average rewards:  2.3262734413146973
some episodes done, average rewards:  2.2990260124206543
some episodes done, average rewards:  2.2977921962738037
some episodes done, average rewards:  2.321387767791748
some episodes done, average rewards:  2.242495536804199
some episodes done, average rewards:  2.243278741836548
some episodes done, average rewards:  2.447281837463379
some episodes done, average rewards:  2.313577651977539
some episodes done, average rewards:  2.3084473609924316
some episodes done, average rewards:  2.345992088317871
some episodes done, average rewards:  2.2432968616485596
some episodes done, average rewards:  2.2971653938293457
some episodes done, average rewards:  2.2701776027679443
some episodes done, average rewards:  2.2212915420532227
some episodes done, average rewards:  2.3258190155029297
some episodes done, average rewards:  2.3319337368011475
some episodes done, average rewards:  2.360821008682251
some episodes done, average rewards:  2.3223812580108643

Algo mappo Exp check updates 375/6103 episodes, total num timesteps 6160384/100000000, FPS 3456.

some episodes done, average rewards:  2.393852472305298
some episodes done, average rewards:  2.368313789367676
some episodes done, average rewards:  2.430396795272827
some episodes done, average rewards:  2.3235604763031006
some episodes done, average rewards:  2.350374698638916
some episodes done, average rewards:  2.4683351516723633
some episodes done, average rewards:  2.4377989768981934
some episodes done, average rewards:  2.442715883255005
some episodes done, average rewards:  2.41452956199646
some episodes done, average rewards:  2.436561107635498
some episodes done, average rewards:  2.321357488632202
some episodes done, average rewards:  2.336874485015869
some episodes done, average rewards:  2.323007345199585
some episodes done, average rewards:  2.3388636112213135
some episodes done, average rewards:  2.3105955123901367
some episodes done, average rewards:  2.3727872371673584
some episodes done, average rewards:  2.311352491378784
some episodes done, average rewards:  2.3554227352142334
some episodes done, average rewards:  2.4824962615966797
some episodes done, average rewards:  2.5576488971710205
some episodes done, average rewards:  2.660567283630371
some episodes done, average rewards:  2.560685634613037
some episodes done, average rewards:  2.4901270866394043
some episodes done, average rewards:  2.5454604625701904
some episodes done, average rewards:  2.4685909748077393

Algo mappo Exp check updates 400/6103 episodes, total num timesteps 6569984/100000000, FPS 3447.

some episodes done, average rewards:  2.5352048873901367
some episodes done, average rewards:  2.4087541103363037
some episodes done, average rewards:  2.574915885925293
some episodes done, average rewards:  2.5032622814178467
some episodes done, average rewards:  2.6931827068328857
some episodes done, average rewards:  2.4468905925750732
some episodes done, average rewards:  2.6031200885772705
some episodes done, average rewards:  2.523057222366333
some episodes done, average rewards:  2.6423254013061523
some episodes done, average rewards:  2.4530158042907715
some episodes done, average rewards:  2.537041664123535
some episodes done, average rewards:  2.5967862606048584
some episodes done, average rewards:  2.552626848220825
some episodes done, average rewards:  2.516489267349243
some episodes done, average rewards:  2.5018787384033203
some episodes done, average rewards:  2.6394705772399902
some episodes done, average rewards:  2.451698064804077
some episodes done, average rewards:  2.5705959796905518
some episodes done, average rewards:  2.56585431098938
some episodes done, average rewards:  2.5689597129821777
some episodes done, average rewards:  2.64542293548584
some episodes done, average rewards:  2.642261028289795
some episodes done, average rewards:  2.5442094802856445
some episodes done, average rewards:  2.6111762523651123
some episodes done, average rewards:  2.5192034244537354

Algo mappo Exp check updates 425/6103 episodes, total num timesteps 6979584/100000000, FPS 3438.

some episodes done, average rewards:  2.607469320297241
some episodes done, average rewards:  2.515037775039673
some episodes done, average rewards:  2.6794371604919434
some episodes done, average rewards:  2.694401979446411
some episodes done, average rewards:  2.6783225536346436
some episodes done, average rewards:  2.726776361465454
some episodes done, average rewards:  2.9427449703216553
some episodes done, average rewards:  2.61171293258667
some episodes done, average rewards:  2.661158800125122
some episodes done, average rewards:  2.5768678188323975
some episodes done, average rewards:  2.6280710697174072
some episodes done, average rewards:  2.5622451305389404
some episodes done, average rewards:  2.6791024208068848
some episodes done, average rewards:  2.5783965587615967
some episodes done, average rewards:  2.563431978225708
some episodes done, average rewards:  2.504305839538574
some episodes done, average rewards:  2.5471417903900146
some episodes done, average rewards:  2.5350899696350098
some episodes done, average rewards:  2.6067943572998047
some episodes done, average rewards:  2.598170518875122
some episodes done, average rewards:  2.6874501705169678
some episodes done, average rewards:  2.764160633087158
some episodes done, average rewards:  2.6905746459960938
some episodes done, average rewards:  2.512686014175415
some episodes done, average rewards:  2.6509108543395996

Algo mappo Exp check updates 450/6103 episodes, total num timesteps 7389184/100000000, FPS 3425.

some episodes done, average rewards:  2.51816463470459
some episodes done, average rewards:  2.738938331604004
some episodes done, average rewards:  2.76835298538208
some episodes done, average rewards:  2.7009522914886475
some episodes done, average rewards:  2.8251328468322754
some episodes done, average rewards:  2.760678291320801
some episodes done, average rewards:  2.9019112586975098
some episodes done, average rewards:  2.9428491592407227
some episodes done, average rewards:  2.791700601577759
some episodes done, average rewards:  2.8896830081939697
some episodes done, average rewards:  2.8644206523895264
some episodes done, average rewards:  2.646507740020752
some episodes done, average rewards:  2.715667486190796
some episodes done, average rewards:  2.64237117767334
some episodes done, average rewards:  2.593350887298584
some episodes done, average rewards:  2.6085662841796875
some episodes done, average rewards:  2.4605371952056885
some episodes done, average rewards:  2.384303092956543
some episodes done, average rewards:  2.3145852088928223
some episodes done, average rewards:  2.550445556640625
some episodes done, average rewards:  2.4004204273223877
some episodes done, average rewards:  2.3815314769744873
some episodes done, average rewards:  2.3411178588867188
some episodes done, average rewards:  2.40543532371521
some episodes done, average rewards:  2.487077236175537

Algo mappo Exp check updates 475/6103 episodes, total num timesteps 7798784/100000000, FPS 3413.

some episodes done, average rewards:  2.270303964614868
some episodes done, average rewards:  2.382969617843628
some episodes done, average rewards:  2.50225567817688
some episodes done, average rewards:  2.470553398132324
some episodes done, average rewards:  2.4778811931610107
some episodes done, average rewards:  2.5425400733947754
some episodes done, average rewards:  2.4952006340026855
some episodes done, average rewards:  2.574256658554077
some episodes done, average rewards:  2.719679355621338
some episodes done, average rewards:  2.6519434452056885
some episodes done, average rewards:  2.75710129737854
some episodes done, average rewards:  2.52793288230896
some episodes done, average rewards:  2.711656093597412
some episodes done, average rewards:  2.648221731185913
some episodes done, average rewards:  2.736266851425171
some episodes done, average rewards:  2.8425495624542236
some episodes done, average rewards:  2.670262575149536
some episodes done, average rewards:  2.6513402462005615
some episodes done, average rewards:  2.744814395904541
some episodes done, average rewards:  2.7878010272979736
some episodes done, average rewards:  2.804316282272339
some episodes done, average rewards:  2.7217321395874023
some episodes done, average rewards:  2.860919237136841
some episodes done, average rewards:  2.734320640563965
some episodes done, average rewards:  2.6305336952209473

Algo mappo Exp check updates 500/6103 episodes, total num timesteps 8208384/100000000, FPS 3415.

some episodes done, average rewards:  2.612535238265991
some episodes done, average rewards:  3.0541799068450928
some episodes done, average rewards:  2.9996225833892822
some episodes done, average rewards:  3.037651300430298
some episodes done, average rewards:  3.0044641494750977
some episodes done, average rewards:  3.036679983139038
some episodes done, average rewards:  3.071042776107788
some episodes done, average rewards:  3.1500699520111084
some episodes done, average rewards:  2.9737799167633057
some episodes done, average rewards:  3.086998462677002
some episodes done, average rewards:  3.0740280151367188
some episodes done, average rewards:  3.1490659713745117
some episodes done, average rewards:  3.157957077026367
some episodes done, average rewards:  3.0729827880859375
some episodes done, average rewards:  2.9910457134246826
some episodes done, average rewards:  3.0400283336639404
some episodes done, average rewards:  3.2390756607055664
some episodes done, average rewards:  2.9500200748443604
some episodes done, average rewards:  3.1037328243255615
some episodes done, average rewards:  2.894102096557617
some episodes done, average rewards:  2.8192477226257324
some episodes done, average rewards:  3.155559539794922
some episodes done, average rewards:  3.0623891353607178
some episodes done, average rewards:  3.0656652450561523
some episodes done, average rewards:  3.1406948566436768

Algo mappo Exp check updates 525/6103 episodes, total num timesteps 8617984/100000000, FPS 3410.

some episodes done, average rewards:  2.8626556396484375
some episodes done, average rewards:  2.9092929363250732
some episodes done, average rewards:  3.310683012008667
some episodes done, average rewards:  2.9935343265533447
some episodes done, average rewards:  3.4930570125579834
some episodes done, average rewards:  3.4363670349121094
some episodes done, average rewards:  3.5778136253356934
some episodes done, average rewards:  3.7262959480285645
some episodes done, average rewards:  3.5630686283111572
some episodes done, average rewards:  3.918475866317749
some episodes done, average rewards:  3.7244720458984375
some episodes done, average rewards:  3.497981309890747
some episodes done, average rewards:  3.425581216812134
some episodes done, average rewards:  3.5370771884918213
some episodes done, average rewards:  3.5604512691497803
some episodes done, average rewards:  3.5921597480773926
some episodes done, average rewards:  3.414614677429199
some episodes done, average rewards:  3.3187966346740723
some episodes done, average rewards:  3.2786002159118652
some episodes done, average rewards:  3.2214603424072266
some episodes done, average rewards:  3.4438891410827637
some episodes done, average rewards:  3.422699451446533
some episodes done, average rewards:  3.3221113681793213
some episodes done, average rewards:  3.4024627208709717
some episodes done, average rewards:  3.506075620651245

Algo mappo Exp check updates 550/6103 episodes, total num timesteps 9027584/100000000, FPS 3469.

some episodes done, average rewards:  3.496807336807251
some episodes done, average rewards:  3.319714069366455
some episodes done, average rewards:  3.2562291622161865
some episodes done, average rewards:  3.1619555950164795
some episodes done, average rewards:  3.3661367893218994
some episodes done, average rewards:  3.130429267883301
some episodes done, average rewards:  3.1997294425964355
some episodes done, average rewards:  3.234009027481079
some episodes done, average rewards:  3.3270790576934814
some episodes done, average rewards:  3.1607236862182617
some episodes done, average rewards:  3.630373239517212
some episodes done, average rewards:  3.5804736614227295
some episodes done, average rewards:  3.755617618560791
some episodes done, average rewards:  3.985818386077881
some episodes done, average rewards:  3.7832460403442383
some episodes done, average rewards:  3.916166305541992
some episodes done, average rewards:  3.5794780254364014
some episodes done, average rewards:  3.8086893558502197
some episodes done, average rewards:  3.7935001850128174
some episodes done, average rewards:  3.830918788909912
some episodes done, average rewards:  3.867431879043579
some episodes done, average rewards:  4.062937259674072
some episodes done, average rewards:  3.8917644023895264
some episodes done, average rewards:  4.293728351593018
some episodes done, average rewards:  4.111335277557373

Algo mappo Exp check updates 575/6103 episodes, total num timesteps 9437184/100000000, FPS 3524.

some episodes done, average rewards:  4.073558330535889
some episodes done, average rewards:  4.093556880950928
some episodes done, average rewards:  4.168235778808594
some episodes done, average rewards:  3.7067275047302246
some episodes done, average rewards:  3.7564120292663574
some episodes done, average rewards:  3.82999587059021
some episodes done, average rewards:  3.723233461380005
some episodes done, average rewards:  3.7619571685791016
some episodes done, average rewards:  3.4555225372314453
some episodes done, average rewards:  3.503169536590576
some episodes done, average rewards:  3.502126693725586
some episodes done, average rewards:  3.3364169597625732
some episodes done, average rewards:  3.8918633460998535
some episodes done, average rewards:  3.2908682823181152
some episodes done, average rewards:  3.5330536365509033
some episodes done, average rewards:  3.470228910446167
some episodes done, average rewards:  3.489271640777588
some episodes done, average rewards:  3.4466426372528076
some episodes done, average rewards:  3.76100492477417
some episodes done, average rewards:  3.8368940353393555
some episodes done, average rewards:  4.058602333068848
some episodes done, average rewards:  3.992950201034546
some episodes done, average rewards:  3.825563907623291
some episodes done, average rewards:  4.003018379211426
some episodes done, average rewards:  4.248542785644531

Algo mappo Exp check updates 600/6103 episodes, total num timesteps 9846784/100000000, FPS 3534.

some episodes done, average rewards:  4.079859733581543
some episodes done, average rewards:  3.955636739730835
some episodes done, average rewards:  4.195085048675537
some episodes done, average rewards:  3.9551150798797607
some episodes done, average rewards:  3.8967599868774414
some episodes done, average rewards:  4.032591342926025
some episodes done, average rewards:  4.410717964172363
some episodes done, average rewards:  4.1132988929748535
some episodes done, average rewards:  4.202495574951172
some episodes done, average rewards:  4.127596855163574
some episodes done, average rewards:  3.8373920917510986
some episodes done, average rewards:  4.111344814300537
some episodes done, average rewards:  4.046010494232178
some episodes done, average rewards:  3.809549331665039
some episodes done, average rewards:  3.968106508255005
some episodes done, average rewards:  3.8965094089508057
some episodes done, average rewards:  4.092259407043457
some episodes done, average rewards:  4.093295574188232
some episodes done, average rewards:  3.9764201641082764
some episodes done, average rewards:  3.939997673034668
some episodes done, average rewards:  3.84488582611084
some episodes done, average rewards:  4.1456804275512695
some episodes done, average rewards:  3.8038835525512695
some episodes done, average rewards:  4.096873760223389
some episodes done, average rewards:  4.141247272491455

Algo mappo Exp check updates 625/6103 episodes, total num timesteps 10256384/100000000, FPS 3537.

some episodes done, average rewards:  3.948824644088745
some episodes done, average rewards:  3.7244606018066406
some episodes done, average rewards:  3.7135367393493652
some episodes done, average rewards:  3.576275110244751
some episodes done, average rewards:  3.6284234523773193
some episodes done, average rewards:  3.3421554565429688
some episodes done, average rewards:  3.450941324234009
some episodes done, average rewards:  3.2624704837799072
some episodes done, average rewards:  3.338460922241211
some episodes done, average rewards:  3.2022178173065186
some episodes done, average rewards:  3.220176935195923
some episodes done, average rewards:  3.3875062465667725
some episodes done, average rewards:  3.3186187744140625
some episodes done, average rewards:  3.378516674041748
some episodes done, average rewards:  3.4672985076904297
some episodes done, average rewards:  3.573904514312744
some episodes done, average rewards:  3.4501242637634277
some episodes done, average rewards:  3.7771401405334473
some episodes done, average rewards:  4.180508613586426
some episodes done, average rewards:  3.771430253982544
some episodes done, average rewards:  3.8007938861846924
some episodes done, average rewards:  4.144614219665527
some episodes done, average rewards:  3.8551862239837646
some episodes done, average rewards:  4.061678409576416
some episodes done, average rewards:  3.9432878494262695

Algo mappo Exp check updates 650/6103 episodes, total num timesteps 10665984/100000000, FPS 3539.

some episodes done, average rewards:  4.0657172203063965
some episodes done, average rewards:  3.6837730407714844
some episodes done, average rewards:  4.206352710723877
some episodes done, average rewards:  4.257073879241943
some episodes done, average rewards:  4.523125648498535
some episodes done, average rewards:  4.17110538482666
some episodes done, average rewards:  4.232534885406494
some episodes done, average rewards:  4.137057304382324
some episodes done, average rewards:  4.289366722106934
some episodes done, average rewards:  4.2810959815979
some episodes done, average rewards:  4.158710956573486
some episodes done, average rewards:  3.883091926574707
some episodes done, average rewards:  4.131639003753662
some episodes done, average rewards:  4.057397842407227
some episodes done, average rewards:  4.139814376831055
some episodes done, average rewards:  4.118936061859131
some episodes done, average rewards:  3.9668779373168945
some episodes done, average rewards:  4.007296562194824
some episodes done, average rewards:  4.061307907104492
some episodes done, average rewards:  4.153393268585205
some episodes done, average rewards:  3.8756415843963623
some episodes done, average rewards:  3.995633125305176
some episodes done, average rewards:  4.023707389831543
some episodes done, average rewards:  3.8923449516296387
some episodes done, average rewards:  3.8593943119049072

Algo mappo Exp check updates 675/6103 episodes, total num timesteps 11075584/100000000, FPS 3540.

some episodes done, average rewards:  3.968606948852539
some episodes done, average rewards:  3.800757646560669
some episodes done, average rewards:  4.142856597900391
some episodes done, average rewards:  3.5767738819122314
some episodes done, average rewards:  4.3077287673950195
some episodes done, average rewards:  4.3772711753845215
some episodes done, average rewards:  4.368518352508545
some episodes done, average rewards:  4.659786701202393
some episodes done, average rewards:  4.731614112854004
some episodes done, average rewards:  4.614868640899658
some episodes done, average rewards:  4.821667671203613
some episodes done, average rewards:  4.3862786293029785
some episodes done, average rewards:  4.560913562774658
some episodes done, average rewards:  4.37886905670166
some episodes done, average rewards:  4.875808238983154
some episodes done, average rewards:  4.4731364250183105
some episodes done, average rewards:  4.515243053436279
some episodes done, average rewards:  4.2300214767456055
some episodes done, average rewards:  4.231489658355713
some episodes done, average rewards:  4.385368347167969
some episodes done, average rewards:  4.362231254577637
some episodes done, average rewards:  4.470602512359619
some episodes done, average rewards:  4.207342624664307
some episodes done, average rewards:  4.141332626342773
some episodes done, average rewards:  4.080905914306641

Algo mappo Exp check updates 700/6103 episodes, total num timesteps 11485184/100000000, FPS 3543.

some episodes done, average rewards:  3.980311870574951
some episodes done, average rewards:  4.011725902557373
some episodes done, average rewards:  4.425488471984863
some episodes done, average rewards:  4.026989459991455
some episodes done, average rewards:  4.365411281585693
some episodes done, average rewards:  4.231178283691406
some episodes done, average rewards:  4.000978469848633
some episodes done, average rewards:  3.8606579303741455
some episodes done, average rewards:  3.907792806625366
some episodes done, average rewards:  3.8483517169952393
some episodes done, average rewards:  4.025215148925781
some episodes done, average rewards:  3.5960123538970947
some episodes done, average rewards:  3.8831775188446045
some episodes done, average rewards:  3.83622145652771
some episodes done, average rewards:  3.7036445140838623
some episodes done, average rewards:  3.862567663192749
some episodes done, average rewards:  3.8002703189849854
some episodes done, average rewards:  3.618581771850586
some episodes done, average rewards:  3.7705023288726807
some episodes done, average rewards:  3.894287109375
some episodes done, average rewards:  3.974472999572754
some episodes done, average rewards:  3.7910311222076416
some episodes done, average rewards:  3.9066672325134277
some episodes done, average rewards:  3.5497853755950928
some episodes done, average rewards:  3.964695930480957

Algo mappo Exp check updates 725/6103 episodes, total num timesteps 11894784/100000000, FPS 3543.

some episodes done, average rewards:  3.8733227252960205
some episodes done, average rewards:  4.275051116943359
some episodes done, average rewards:  4.146858215332031
some episodes done, average rewards:  4.297487735748291
some episodes done, average rewards:  4.3910980224609375
some episodes done, average rewards:  4.319356441497803
some episodes done, average rewards:  3.9433257579803467
some episodes done, average rewards:  4.502721786499023
some episodes done, average rewards:  4.153271198272705
some episodes done, average rewards:  4.315377235412598
some episodes done, average rewards:  4.299528121948242
some episodes done, average rewards:  4.44185209274292
some episodes done, average rewards:  4.48440408706665
some episodes done, average rewards:  4.222494602203369
some episodes done, average rewards:  4.409938812255859
some episodes done, average rewards:  4.387973785400391
some episodes done, average rewards:  4.359367370605469
some episodes done, average rewards:  4.576196193695068
some episodes done, average rewards:  4.746277809143066
some episodes done, average rewards:  4.565755844116211
some episodes done, average rewards:  4.71275520324707
some episodes done, average rewards:  4.600193023681641
some episodes done, average rewards:  4.553171634674072
some episodes done, average rewards:  4.773850440979004
some episodes done, average rewards:  4.762572765350342

Algo mappo Exp check updates 750/6103 episodes, total num timesteps 12304384/100000000, FPS 3549.

some episodes done, average rewards:  4.768228530883789
some episodes done, average rewards:  4.433659553527832
some episodes done, average rewards:  5.065268516540527
some episodes done, average rewards:  4.859635353088379
some episodes done, average rewards:  5.119017124176025
some episodes done, average rewards:  4.9531426429748535
some episodes done, average rewards:  5.265181541442871
some episodes done, average rewards:  5.295845985412598
some episodes done, average rewards:  4.678199768066406
some episodes done, average rewards:  4.991024494171143
some episodes done, average rewards:  5.22935676574707
some episodes done, average rewards:  5.478745460510254
some episodes done, average rewards:  5.4196953773498535
some episodes done, average rewards:  5.2323126792907715
some episodes done, average rewards:  5.045605182647705
some episodes done, average rewards:  5.067960739135742
some episodes done, average rewards:  5.245214939117432
some episodes done, average rewards:  5.436312675476074
some episodes done, average rewards:  5.488691806793213
some episodes done, average rewards:  5.276134490966797
some episodes done, average rewards:  5.157683849334717
some episodes done, average rewards:  5.042600631713867
some episodes done, average rewards:  5.178065776824951
some episodes done, average rewards:  5.170521259307861
some episodes done, average rewards:  5.568173885345459

Algo mappo Exp check updates 775/6103 episodes, total num timesteps 12713984/100000000, FPS 3555.

some episodes done, average rewards:  5.101119518280029
some episodes done, average rewards:  5.379978179931641
some episodes done, average rewards:  5.653399467468262
some episodes done, average rewards:  5.494167804718018
some episodes done, average rewards:  5.0516886711120605
some episodes done, average rewards:  5.232518196105957
some episodes done, average rewards:  5.231316089630127
some episodes done, average rewards:  5.2403106689453125
some episodes done, average rewards:  5.1662278175354
some episodes done, average rewards:  5.652644157409668
some episodes done, average rewards:  5.357848167419434
some episodes done, average rewards:  4.939602375030518
some episodes done, average rewards:  5.099244117736816
some episodes done, average rewards:  5.138998031616211
some episodes done, average rewards:  4.880976676940918
some episodes done, average rewards:  5.0522027015686035
some episodes done, average rewards:  5.267199516296387
some episodes done, average rewards:  5.472557544708252
some episodes done, average rewards:  5.645809650421143
some episodes done, average rewards:  5.1515350341796875
some episodes done, average rewards:  5.192903518676758
some episodes done, average rewards:  5.565093517303467
some episodes done, average rewards:  5.483201503753662
some episodes done, average rewards:  5.600259304046631
some episodes done, average rewards:  5.631460666656494

Algo mappo Exp check updates 800/6103 episodes, total num timesteps 13123584/100000000, FPS 3558.

some episodes done, average rewards:  5.550232410430908
some episodes done, average rewards:  5.308810234069824
some episodes done, average rewards:  5.074440956115723
some episodes done, average rewards:  5.668981075286865
some episodes done, average rewards:  5.268402099609375
some episodes done, average rewards:  5.650299549102783
some episodes done, average rewards:  5.709361553192139
some episodes done, average rewards:  5.464548587799072
some episodes done, average rewards:  5.544101238250732
some episodes done, average rewards:  5.420439720153809
some episodes done, average rewards:  5.486741542816162
some episodes done, average rewards:  5.181390762329102
some episodes done, average rewards:  5.23969030380249
some episodes done, average rewards:  5.225016117095947
some episodes done, average rewards:  5.62758731842041
some episodes done, average rewards:  5.355055332183838
some episodes done, average rewards:  5.26199197769165
some episodes done, average rewards:  5.12631368637085
some episodes done, average rewards:  4.95925235748291
some episodes done, average rewards:  4.872299671173096
some episodes done, average rewards:  5.021778106689453
some episodes done, average rewards:  5.3124823570251465
some episodes done, average rewards:  5.159908771514893
some episodes done, average rewards:  4.9734787940979
some episodes done, average rewards:  5.373992919921875

Algo mappo Exp check updates 825/6103 episodes, total num timesteps 13533184/100000000, FPS 3561.

some episodes done, average rewards:  5.7417426109313965
some episodes done, average rewards:  5.699453830718994
some episodes done, average rewards:  5.39327335357666
some episodes done, average rewards:  5.405942440032959
some episodes done, average rewards:  4.441184997558594
some episodes done, average rewards:  5.2624101638793945
some episodes done, average rewards:  5.189662933349609
some episodes done, average rewards:  5.097780704498291
some episodes done, average rewards:  4.950060844421387
some episodes done, average rewards:  5.432326316833496
some episodes done, average rewards:  5.509838104248047
some episodes done, average rewards:  5.1871256828308105
some episodes done, average rewards:  5.257917881011963
some episodes done, average rewards:  5.286444187164307
some episodes done, average rewards:  5.2178778648376465
some episodes done, average rewards:  5.332077503204346
some episodes done, average rewards:  6.049598217010498
some episodes done, average rewards:  5.9742431640625
some episodes done, average rewards:  5.7501220703125
some episodes done, average rewards:  5.727843761444092
some episodes done, average rewards:  5.535367012023926
some episodes done, average rewards:  6.452572345733643
some episodes done, average rewards:  5.587203025817871
some episodes done, average rewards:  5.636814117431641
some episodes done, average rewards:  6.3313164710998535

Algo mappo Exp check updates 850/6103 episodes, total num timesteps 13942784/100000000, FPS 3566.

some episodes done, average rewards:  6.426019668579102
some episodes done, average rewards:  5.943308353424072
some episodes done, average rewards:  6.206320762634277
some episodes done, average rewards:  6.022708892822266
some episodes done, average rewards:  5.674007415771484
some episodes done, average rewards:  6.207197666168213
some episodes done, average rewards:  6.138824939727783
some episodes done, average rewards:  5.6495513916015625
some episodes done, average rewards:  5.5519304275512695
some episodes done, average rewards:  5.576739311218262
some episodes done, average rewards:  5.805542469024658
some episodes done, average rewards:  5.301788806915283
some episodes done, average rewards:  6.000249862670898
some episodes done, average rewards:  6.178207874298096
some episodes done, average rewards:  5.926214694976807
some episodes done, average rewards:  5.967713832855225
some episodes done, average rewards:  5.86431884765625
some episodes done, average rewards:  6.06983757019043
some episodes done, average rewards:  5.992205619812012
some episodes done, average rewards:  6.599844932556152
some episodes done, average rewards:  6.686273097991943
some episodes done, average rewards:  6.249334335327148
some episodes done, average rewards:  6.191190719604492
some episodes done, average rewards:  6.49732780456543
some episodes done, average rewards:  6.272444725036621

Algo mappo Exp check updates 875/6103 episodes, total num timesteps 14352384/100000000, FPS 3566.

some episodes done, average rewards:  5.761219024658203
some episodes done, average rewards:  6.1754608154296875
some episodes done, average rewards:  6.048996925354004
some episodes done, average rewards:  6.368738174438477
some episodes done, average rewards:  6.182042121887207
some episodes done, average rewards:  6.25808572769165
some episodes done, average rewards:  6.00754451751709
some episodes done, average rewards:  6.263192176818848
some episodes done, average rewards:  6.816963195800781
some episodes done, average rewards:  6.503983974456787
some episodes done, average rewards:  6.220707416534424
some episodes done, average rewards:  6.145707130432129
some episodes done, average rewards:  6.200822353363037
some episodes done, average rewards:  6.665763854980469
some episodes done, average rewards:  6.400105953216553
some episodes done, average rewards:  6.731189250946045
some episodes done, average rewards:  6.926786422729492
some episodes done, average rewards:  7.231428623199463
some episodes done, average rewards:  7.220770835876465
some episodes done, average rewards:  6.423789024353027
some episodes done, average rewards:  7.555243968963623
some episodes done, average rewards:  7.163090229034424
some episodes done, average rewards:  6.482833385467529
some episodes done, average rewards:  6.800690174102783
some episodes done, average rewards:  7.296032905578613

Algo mappo Exp check updates 900/6103 episodes, total num timesteps 14761984/100000000, FPS 3570.

some episodes done, average rewards:  7.393276691436768
some episodes done, average rewards:  6.841866970062256
some episodes done, average rewards:  6.85659122467041
some episodes done, average rewards:  6.8732523918151855
some episodes done, average rewards:  6.723482608795166
some episodes done, average rewards:  8.153044700622559
some episodes done, average rewards:  7.818330764770508
some episodes done, average rewards:  6.677865982055664
some episodes done, average rewards:  7.115025043487549
some episodes done, average rewards:  7.175447940826416
some episodes done, average rewards:  6.928560256958008
some episodes done, average rewards:  7.522299766540527
some episodes done, average rewards:  7.262793064117432
some episodes done, average rewards:  6.533622741699219
some episodes done, average rewards:  7.124139785766602
some episodes done, average rewards:  6.980469703674316
some episodes done, average rewards:  6.808028697967529
some episodes done, average rewards:  7.104024887084961
some episodes done, average rewards:  6.971070289611816
some episodes done, average rewards:  6.949831485748291
some episodes done, average rewards:  7.386419296264648
some episodes done, average rewards:  7.110597133636475
some episodes done, average rewards:  6.792245864868164
some episodes done, average rewards:  7.25363826751709
some episodes done, average rewards:  6.928775310516357

Algo mappo Exp check updates 925/6103 episodes, total num timesteps 15171584/100000000, FPS 3610.

some episodes done, average rewards:  7.0641913414001465
some episodes done, average rewards:  7.503054618835449
some episodes done, average rewards:  7.130383014678955
some episodes done, average rewards:  7.523622512817383
some episodes done, average rewards:  7.296488285064697
some episodes done, average rewards:  7.285603046417236
some episodes done, average rewards:  7.505540370941162
some episodes done, average rewards:  6.678403377532959
some episodes done, average rewards:  6.738636493682861
some episodes done, average rewards:  6.916159152984619
some episodes done, average rewards:  6.940645217895508
some episodes done, average rewards:  7.731899738311768
some episodes done, average rewards:  7.50663423538208
some episodes done, average rewards:  7.5948991775512695
some episodes done, average rewards:  7.55116081237793
some episodes done, average rewards:  7.292728900909424
some episodes done, average rewards:  7.6528191566467285
some episodes done, average rewards:  7.71502685546875
some episodes done, average rewards:  7.9376044273376465
some episodes done, average rewards:  7.8357133865356445
some episodes done, average rewards:  7.299377918243408
some episodes done, average rewards:  7.54221248626709
some episodes done, average rewards:  7.213779926300049
some episodes done, average rewards:  7.8608527183532715
some episodes done, average rewards:  7.722031593322754

Algo mappo Exp check updates 950/6103 episodes, total num timesteps 15581184/100000000, FPS 3650.

some episodes done, average rewards:  7.1482696533203125
some episodes done, average rewards:  7.825945854187012
some episodes done, average rewards:  7.90751838684082
some episodes done, average rewards:  7.7871575355529785
some episodes done, average rewards:  8.18201732635498
some episodes done, average rewards:  8.863445281982422
some episodes done, average rewards:  7.600612640380859
some episodes done, average rewards:  8.395864486694336
some episodes done, average rewards:  8.338139533996582
some episodes done, average rewards:  7.787209987640381
some episodes done, average rewards:  7.708082675933838
some episodes done, average rewards:  7.397862434387207
some episodes done, average rewards:  8.486383438110352
some episodes done, average rewards:  8.454070091247559
some episodes done, average rewards:  7.988167762756348
some episodes done, average rewards:  9.041258811950684
some episodes done, average rewards:  8.00765323638916
some episodes done, average rewards:  8.0729398727417
some episodes done, average rewards:  8.707650184631348
some episodes done, average rewards:  8.116456031799316
some episodes done, average rewards:  8.812691688537598
some episodes done, average rewards:  8.8435697555542
some episodes done, average rewards:  8.123010635375977
some episodes done, average rewards:  9.406254768371582
some episodes done, average rewards:  8.017195701599121

Algo mappo Exp check updates 975/6103 episodes, total num timesteps 15990784/100000000, FPS 3660.

some episodes done, average rewards:  8.357608795166016
some episodes done, average rewards:  8.541604995727539
some episodes done, average rewards:  9.000229835510254
some episodes done, average rewards:  8.747687339782715
some episodes done, average rewards:  8.493389129638672
some episodes done, average rewards:  8.948081970214844
some episodes done, average rewards:  8.9384126663208
some episodes done, average rewards:  8.410884857177734
some episodes done, average rewards:  9.046984672546387
some episodes done, average rewards:  9.670219421386719
some episodes done, average rewards:  9.999320030212402
some episodes done, average rewards:  8.908278465270996
some episodes done, average rewards:  8.02608585357666
some episodes done, average rewards:  8.870217323303223
some episodes done, average rewards:  8.901876449584961
some episodes done, average rewards:  8.61429500579834
some episodes done, average rewards:  8.751309394836426
some episodes done, average rewards:  8.68596363067627
some episodes done, average rewards:  8.542520523071289
some episodes done, average rewards:  9.034612655639648
some episodes done, average rewards:  8.35960865020752
some episodes done, average rewards:  8.207642555236816
some episodes done, average rewards:  7.798277854919434
some episodes done, average rewards:  7.644226551055908
some episodes done, average rewards:  9.010531425476074

Algo mappo Exp check updates 1000/6103 episodes, total num timesteps 16400384/100000000, FPS 3665.

some episodes done, average rewards:  9.636425971984863
some episodes done, average rewards:  8.474328994750977
some episodes done, average rewards:  7.609350681304932
some episodes done, average rewards:  7.595008373260498
some episodes done, average rewards:  8.619597434997559
some episodes done, average rewards:  7.782370567321777
some episodes done, average rewards:  7.730718612670898
some episodes done, average rewards:  8.618632316589355
some episodes done, average rewards:  8.275671005249023
some episodes done, average rewards:  8.69859790802002
some episodes done, average rewards:  8.296298027038574
some episodes done, average rewards:  8.684359550476074
some episodes done, average rewards:  8.691753387451172
some episodes done, average rewards:  9.083107948303223
some episodes done, average rewards:  8.6050386428833
some episodes done, average rewards:  9.670485496520996
some episodes done, average rewards:  8.968942642211914
some episodes done, average rewards:  8.826192855834961
some episodes done, average rewards:  8.153558731079102
some episodes done, average rewards:  9.742610931396484
some episodes done, average rewards:  9.17695140838623
some episodes done, average rewards:  9.592862129211426
some episodes done, average rewards:  8.56950569152832
some episodes done, average rewards:  9.2123441696167
some episodes done, average rewards:  8.666741371154785

Algo mappo Exp check updates 1025/6103 episodes, total num timesteps 16809984/100000000, FPS 3668.

some episodes done, average rewards:  10.857072830200195
some episodes done, average rewards:  7.909870147705078
some episodes done, average rewards:  9.629973411560059
some episodes done, average rewards:  10.547280311584473
some episodes done, average rewards:  9.319014549255371
some episodes done, average rewards:  9.146990776062012
some episodes done, average rewards:  9.772909164428711
some episodes done, average rewards:  8.921659469604492
some episodes done, average rewards:  9.934587478637695
some episodes done, average rewards:  9.190885543823242
some episodes done, average rewards:  9.431123733520508
some episodes done, average rewards:  9.230440139770508
some episodes done, average rewards:  8.74128532409668
some episodes done, average rewards:  8.568467140197754
some episodes done, average rewards:  9.400209426879883
some episodes done, average rewards:  9.308844566345215
some episodes done, average rewards:  8.690078735351562
some episodes done, average rewards:  9.455588340759277
some episodes done, average rewards:  9.4660062789917
some episodes done, average rewards:  10.099203109741211
some episodes done, average rewards:  8.614906311035156
some episodes done, average rewards:  9.430130958557129
some episodes done, average rewards:  8.394054412841797
some episodes done, average rewards:  9.96760368347168
some episodes done, average rewards:  8.449214935302734

Algo mappo Exp check updates 1050/6103 episodes, total num timesteps 17219584/100000000, FPS 3671.

some episodes done, average rewards:  8.888944625854492
some episodes done, average rewards:  9.159407615661621
some episodes done, average rewards:  8.886541366577148
some episodes done, average rewards:  8.965653419494629
some episodes done, average rewards:  9.21345329284668
some episodes done, average rewards:  8.634562492370605
some episodes done, average rewards:  9.225617408752441
some episodes done, average rewards:  8.581411361694336
some episodes done, average rewards:  8.868948936462402
some episodes done, average rewards:  8.382354736328125
some episodes done, average rewards:  9.48867416381836
some episodes done, average rewards:  11.342954635620117
some episodes done, average rewards:  9.643797874450684
some episodes done, average rewards:  9.470354080200195
some episodes done, average rewards:  8.732028007507324
some episodes done, average rewards:  9.075117111206055
some episodes done, average rewards:  9.75275707244873
some episodes done, average rewards:  8.880661010742188
some episodes done, average rewards:  9.278478622436523
some episodes done, average rewards:  8.325864791870117
some episodes done, average rewards:  10.290157318115234
some episodes done, average rewards:  10.864907264709473
some episodes done, average rewards:  9.600296020507812
some episodes done, average rewards:  10.008968353271484
some episodes done, average rewards:  10.19168758392334

Algo mappo Exp check updates 1075/6103 episodes, total num timesteps 17629184/100000000, FPS 3674.

some episodes done, average rewards:  9.606386184692383
some episodes done, average rewards:  10.335789680480957
some episodes done, average rewards:  9.750595092773438
some episodes done, average rewards:  10.367596626281738
some episodes done, average rewards:  9.001648902893066
some episodes done, average rewards:  9.078985214233398
some episodes done, average rewards:  8.65397834777832
some episodes done, average rewards:  9.822020530700684
some episodes done, average rewards:  8.251594543457031
some episodes done, average rewards:  9.80169677734375
some episodes done, average rewards:  8.64606761932373
some episodes done, average rewards:  9.58030891418457
some episodes done, average rewards:  8.59235954284668
some episodes done, average rewards:  8.916069030761719
some episodes done, average rewards:  8.93167495727539
some episodes done, average rewards:  8.905179023742676
some episodes done, average rewards:  9.420760154724121
some episodes done, average rewards:  9.696944236755371
some episodes done, average rewards:  10.205536842346191
some episodes done, average rewards:  9.961928367614746
some episodes done, average rewards:  10.326996803283691
some episodes done, average rewards:  10.300652503967285
some episodes done, average rewards:  9.322793006896973
some episodes done, average rewards:  9.350229263305664
some episodes done, average rewards:  9.780705451965332

Algo mappo Exp check updates 1100/6103 episodes, total num timesteps 18038784/100000000, FPS 3679.

some episodes done, average rewards:  8.319768905639648
some episodes done, average rewards:  10.031179428100586
some episodes done, average rewards:  9.968013763427734
some episodes done, average rewards:  9.067543029785156
some episodes done, average rewards:  9.43134593963623
some episodes done, average rewards:  9.433279991149902
some episodes done, average rewards:  8.932289123535156
some episodes done, average rewards:  9.879003524780273
some episodes done, average rewards:  9.366570472717285
some episodes done, average rewards:  8.910975456237793
some episodes done, average rewards:  9.887600898742676
some episodes done, average rewards:  10.044636726379395
some episodes done, average rewards:  8.739509582519531
some episodes done, average rewards:  9.627528190612793
some episodes done, average rewards:  9.285232543945312
some episodes done, average rewards:  9.251816749572754
some episodes done, average rewards:  10.176961898803711
some episodes done, average rewards:  9.85423755645752
some episodes done, average rewards:  9.0201997756958
some episodes done, average rewards:  9.632598876953125
some episodes done, average rewards:  9.4642972946167
some episodes done, average rewards:  9.080891609191895
some episodes done, average rewards:  8.878387451171875
some episodes done, average rewards:  8.940494537353516
some episodes done, average rewards:  8.715922355651855

Algo mappo Exp check updates 1125/6103 episodes, total num timesteps 18448384/100000000, FPS 3682.

some episodes done, average rewards:  9.646587371826172
some episodes done, average rewards:  8.523567199707031
some episodes done, average rewards:  8.986488342285156
some episodes done, average rewards:  8.974382400512695
some episodes done, average rewards:  8.20071792602539
some episodes done, average rewards:  8.585022926330566
some episodes done, average rewards:  8.345279693603516
some episodes done, average rewards:  8.109941482543945
some episodes done, average rewards:  8.557221412658691
some episodes done, average rewards:  8.20473861694336
some episodes done, average rewards:  8.416486740112305
some episodes done, average rewards:  8.436637878417969
some episodes done, average rewards:  9.265276908874512
some episodes done, average rewards:  8.488356590270996
some episodes done, average rewards:  8.282293319702148
some episodes done, average rewards:  8.56293773651123
some episodes done, average rewards:  8.755019187927246
some episodes done, average rewards:  7.782833099365234
some episodes done, average rewards:  7.816664695739746
some episodes done, average rewards:  8.92104434967041
some episodes done, average rewards:  7.623064041137695
some episodes done, average rewards:  8.40845012664795
some episodes done, average rewards:  8.469913482666016
some episodes done, average rewards:  8.156519889831543
some episodes done, average rewards:  8.419327735900879

Algo mappo Exp check updates 1150/6103 episodes, total num timesteps 18857984/100000000, FPS 3683.

some episodes done, average rewards:  8.870865821838379
some episodes done, average rewards:  8.593327522277832
some episodes done, average rewards:  8.331674575805664
some episodes done, average rewards:  8.412086486816406
some episodes done, average rewards:  9.616838455200195
some episodes done, average rewards:  7.85404634475708
some episodes done, average rewards:  7.440112590789795
some episodes done, average rewards:  7.9622578620910645
some episodes done, average rewards:  8.214797019958496
some episodes done, average rewards:  8.359665870666504
some episodes done, average rewards:  8.51750659942627
some episodes done, average rewards:  9.08018970489502
some episodes done, average rewards:  8.413661003112793
some episodes done, average rewards:  8.867720603942871
some episodes done, average rewards:  8.778793334960938
some episodes done, average rewards:  9.429621696472168
some episodes done, average rewards:  8.400514602661133
some episodes done, average rewards:  9.280673027038574
some episodes done, average rewards:  8.75765609741211
some episodes done, average rewards:  9.307833671569824
some episodes done, average rewards:  8.393506050109863
some episodes done, average rewards:  9.234076499938965
some episodes done, average rewards:  9.525972366333008
some episodes done, average rewards:  9.466525077819824
some episodes done, average rewards:  9.610190391540527

Algo mappo Exp check updates 1175/6103 episodes, total num timesteps 19267584/100000000, FPS 3686.

some episodes done, average rewards:  8.522889137268066
some episodes done, average rewards:  10.561383247375488
some episodes done, average rewards:  8.961761474609375
some episodes done, average rewards:  10.251411437988281
some episodes done, average rewards:  9.819292068481445
some episodes done, average rewards:  9.806597709655762
some episodes done, average rewards:  10.684545516967773
some episodes done, average rewards:  9.310325622558594
some episodes done, average rewards:  8.769201278686523
some episodes done, average rewards:  10.743626594543457
some episodes done, average rewards:  9.871598243713379
some episodes done, average rewards:  7.727327346801758
some episodes done, average rewards:  9.916747093200684
some episodes done, average rewards:  9.03632926940918
some episodes done, average rewards:  10.127275466918945
some episodes done, average rewards:  10.224347114562988
some episodes done, average rewards:  10.198935508728027
some episodes done, average rewards:  9.84031867980957
some episodes done, average rewards:  10.129573822021484
some episodes done, average rewards:  9.077049255371094
some episodes done, average rewards:  9.515838623046875
some episodes done, average rewards:  8.847198486328125
some episodes done, average rewards:  9.587376594543457
some episodes done, average rewards:  8.488967895507812
some episodes done, average rewards:  8.603708267211914

Algo mappo Exp check updates 1200/6103 episodes, total num timesteps 19677184/100000000, FPS 3688.

some episodes done, average rewards:  9.113717079162598
some episodes done, average rewards:  9.516266822814941
some episodes done, average rewards:  8.460307121276855
some episodes done, average rewards:  10.28947639465332
some episodes done, average rewards:  8.645288467407227
some episodes done, average rewards:  8.354389190673828
some episodes done, average rewards:  8.492765426635742
some episodes done, average rewards:  8.712592124938965
some episodes done, average rewards:  8.415807723999023
some episodes done, average rewards:  7.343510150909424
some episodes done, average rewards:  7.719102382659912
some episodes done, average rewards:  8.940041542053223
some episodes done, average rewards:  7.574636459350586
some episodes done, average rewards:  7.812769889831543
some episodes done, average rewards:  8.934332847595215
some episodes done, average rewards:  8.926483154296875
some episodes done, average rewards:  9.40536880493164
some episodes done, average rewards:  9.2986478805542
some episodes done, average rewards:  8.684586524963379
some episodes done, average rewards:  9.920927047729492
some episodes done, average rewards:  8.475860595703125
some episodes done, average rewards:  9.17231559753418
some episodes done, average rewards:  8.727828025817871
some episodes done, average rewards:  8.867955207824707
some episodes done, average rewards:  9.133674621582031

Algo mappo Exp check updates 1225/6103 episodes, total num timesteps 20086784/100000000, FPS 3690.

some episodes done, average rewards:  7.752677917480469
some episodes done, average rewards:  9.163338661193848
some episodes done, average rewards:  8.983521461486816
some episodes done, average rewards:  8.129403114318848
some episodes done, average rewards:  8.146299362182617
some episodes done, average rewards:  7.992938041687012
some episodes done, average rewards:  8.088364601135254
some episodes done, average rewards:  7.8490142822265625
some episodes done, average rewards:  7.995419502258301
some episodes done, average rewards:  8.643272399902344
some episodes done, average rewards:  7.845220565795898
some episodes done, average rewards:  7.865724563598633
some episodes done, average rewards:  8.584708213806152
some episodes done, average rewards:  7.489877700805664
some episodes done, average rewards:  7.196300029754639
some episodes done, average rewards:  6.20073127746582
some episodes done, average rewards:  5.7408857345581055
some episodes done, average rewards:  5.9407148361206055
some episodes done, average rewards:  6.6272783279418945
some episodes done, average rewards:  5.369321823120117
some episodes done, average rewards:  6.567413330078125
some episodes done, average rewards:  5.897144794464111
some episodes done, average rewards:  6.785192489624023
some episodes done, average rewards:  6.873088359832764
some episodes done, average rewards:  6.221726417541504

Algo mappo Exp check updates 1250/6103 episodes, total num timesteps 20496384/100000000, FPS 3693.

some episodes done, average rewards:  7.106011390686035
some episodes done, average rewards:  8.37691593170166
some episodes done, average rewards:  8.42153549194336
some episodes done, average rewards:  7.768369197845459
some episodes done, average rewards:  7.524515151977539
some episodes done, average rewards:  6.905568599700928
some episodes done, average rewards:  7.582245826721191
some episodes done, average rewards:  7.223568916320801
some episodes done, average rewards:  7.3072638511657715
some episodes done, average rewards:  6.874225616455078
some episodes done, average rewards:  7.2214202880859375
some episodes done, average rewards:  6.768047332763672
some episodes done, average rewards:  7.073983669281006
some episodes done, average rewards:  6.154544830322266
some episodes done, average rewards:  6.37836217880249
some episodes done, average rewards:  6.009932994842529
some episodes done, average rewards:  5.983079433441162
some episodes done, average rewards:  7.103814601898193
some episodes done, average rewards:  6.760566711425781
some episodes done, average rewards:  7.197293758392334
some episodes done, average rewards:  6.06871223449707
some episodes done, average rewards:  6.182810306549072
some episodes done, average rewards:  6.337066650390625
some episodes done, average rewards:  7.33756160736084
some episodes done, average rewards:  6.822770595550537

Algo mappo Exp check updates 1275/6103 episodes, total num timesteps 20905984/100000000, FPS 3696.

some episodes done, average rewards:  6.783483028411865
some episodes done, average rewards:  7.152705192565918
some episodes done, average rewards:  8.323357582092285
some episodes done, average rewards:  8.462077140808105
some episodes done, average rewards:  7.0988311767578125
some episodes done, average rewards:  7.297583103179932
some episodes done, average rewards:  8.098749160766602
some episodes done, average rewards:  6.436863899230957
some episodes done, average rewards:  8.35405158996582
some episodes done, average rewards:  9.167696952819824
some episodes done, average rewards:  8.887080192565918
some episodes done, average rewards:  8.829644203186035
some episodes done, average rewards:  7.909276008605957
some episodes done, average rewards:  8.51440715789795
some episodes done, average rewards:  8.43032455444336
some episodes done, average rewards:  8.253703117370605
some episodes done, average rewards:  8.455344200134277
some episodes done, average rewards:  8.0449857711792
some episodes done, average rewards:  8.605744361877441
some episodes done, average rewards:  8.3671875
some episodes done, average rewards:  7.977494716644287
some episodes done, average rewards:  7.559422016143799
some episodes done, average rewards:  8.12212085723877
some episodes done, average rewards:  8.969202041625977
some episodes done, average rewards:  7.673773288726807

Algo mappo Exp check updates 1300/6103 episodes, total num timesteps 21315584/100000000, FPS 3710.

some episodes done, average rewards:  6.754175186157227
some episodes done, average rewards:  7.571104049682617
some episodes done, average rewards:  7.773256301879883
some episodes done, average rewards:  8.038541793823242
some episodes done, average rewards:  7.738112926483154
some episodes done, average rewards:  9.67491340637207
some episodes done, average rewards:  8.11874008178711
some episodes done, average rewards:  8.774455070495605
some episodes done, average rewards:  8.235956192016602
some episodes done, average rewards:  8.606720924377441
some episodes done, average rewards:  7.776895523071289
some episodes done, average rewards:  7.654085636138916
some episodes done, average rewards:  8.110121726989746
some episodes done, average rewards:  7.344638824462891
some episodes done, average rewards:  7.185693264007568
some episodes done, average rewards:  8.883688926696777
some episodes done, average rewards:  9.326902389526367
some episodes done, average rewards:  8.328518867492676
some episodes done, average rewards:  8.89005184173584
some episodes done, average rewards:  9.93453311920166
some episodes done, average rewards:  8.484049797058105
some episodes done, average rewards:  8.468442916870117
some episodes done, average rewards:  10.810080528259277
some episodes done, average rewards:  8.194501876831055
some episodes done, average rewards:  8.157578468322754

Algo mappo Exp check updates 1325/6103 episodes, total num timesteps 21725184/100000000, FPS 3739.

some episodes done, average rewards:  7.638524055480957
some episodes done, average rewards:  9.538529396057129
some episodes done, average rewards:  7.114292144775391
some episodes done, average rewards:  9.262921333312988
some episodes done, average rewards:  8.111152648925781
some episodes done, average rewards:  8.692829132080078
some episodes done, average rewards:  8.278526306152344
some episodes done, average rewards:  9.145805358886719
some episodes done, average rewards:  8.92755126953125
some episodes done, average rewards:  8.272841453552246
some episodes done, average rewards:  9.060951232910156
some episodes done, average rewards:  8.221059799194336
some episodes done, average rewards:  9.16706657409668
some episodes done, average rewards:  7.955135345458984
some episodes done, average rewards:  8.355789184570312
some episodes done, average rewards:  9.750913619995117
some episodes done, average rewards:  7.802891731262207
some episodes done, average rewards:  7.584840774536133
some episodes done, average rewards:  9.761178970336914
some episodes done, average rewards:  9.091069221496582
some episodes done, average rewards:  6.583999156951904
some episodes done, average rewards:  7.8349609375
some episodes done, average rewards:  8.27198600769043
some episodes done, average rewards:  8.126338958740234
some episodes done, average rewards:  8.270015716552734

Algo mappo Exp check updates 1350/6103 episodes, total num timesteps 22134784/100000000, FPS 3763.

some episodes done, average rewards:  8.512784004211426
some episodes done, average rewards:  8.095378875732422
some episodes done, average rewards:  8.346774101257324
some episodes done, average rewards:  9.587945938110352
some episodes done, average rewards:  10.652337074279785
some episodes done, average rewards:  9.328877449035645
some episodes done, average rewards:  8.84998607635498
some episodes done, average rewards:  7.42502498626709
some episodes done, average rewards:  9.351949691772461
some episodes done, average rewards:  11.570272445678711
some episodes done, average rewards:  9.83520221710205
some episodes done, average rewards:  9.460249900817871
some episodes done, average rewards:  12.69232177734375
some episodes done, average rewards:  9.684191703796387
some episodes done, average rewards:  12.423003196716309
some episodes done, average rewards:  10.707785606384277
some episodes done, average rewards:  9.970475196838379
some episodes done, average rewards:  13.288399696350098
some episodes done, average rewards:  10.15357780456543
some episodes done, average rewards:  12.09461784362793
some episodes done, average rewards:  10.334155082702637
some episodes done, average rewards:  12.83222484588623
some episodes done, average rewards:  10.072500228881836
some episodes done, average rewards:  10.580126762390137
some episodes done, average rewards:  10.648807525634766

Algo mappo Exp check updates 1375/6103 episodes, total num timesteps 22544384/100000000, FPS 3768.

some episodes done, average rewards:  10.597213745117188
some episodes done, average rewards:  9.88911247253418
some episodes done, average rewards:  11.254494667053223
some episodes done, average rewards:  10.838990211486816
some episodes done, average rewards:  9.048842430114746
some episodes done, average rewards:  11.955695152282715
some episodes done, average rewards:  9.744033813476562
some episodes done, average rewards:  10.431373596191406
some episodes done, average rewards:  11.70374584197998
some episodes done, average rewards:  9.675851821899414
some episodes done, average rewards:  10.593794822692871
some episodes done, average rewards:  10.581244468688965
some episodes done, average rewards:  11.162736892700195
some episodes done, average rewards:  10.515276908874512
some episodes done, average rewards:  10.94828987121582
some episodes done, average rewards:  10.03927230834961
some episodes done, average rewards:  9.750450134277344
some episodes done, average rewards:  11.511507034301758
some episodes done, average rewards:  11.009855270385742
some episodes done, average rewards:  9.958610534667969
some episodes done, average rewards:  9.649942398071289
some episodes done, average rewards:  8.604621887207031
some episodes done, average rewards:  9.618613243103027
some episodes done, average rewards:  8.856843948364258
some episodes done, average rewards:  10.009773254394531

Algo mappo Exp check updates 1400/6103 episodes, total num timesteps 22953984/100000000, FPS 3771.

some episodes done, average rewards:  9.671560287475586
some episodes done, average rewards:  10.092192649841309
some episodes done, average rewards:  10.35434627532959
some episodes done, average rewards:  10.941246032714844
some episodes done, average rewards:  9.931711196899414
some episodes done, average rewards:  9.914580345153809
some episodes done, average rewards:  9.07922649383545
some episodes done, average rewards:  10.047281265258789
some episodes done, average rewards:  10.893753051757812
some episodes done, average rewards:  10.010763168334961
some episodes done, average rewards:  13.06545352935791
some episodes done, average rewards:  11.405393600463867
some episodes done, average rewards:  9.393155097961426
some episodes done, average rewards:  11.353099822998047
some episodes done, average rewards:  9.846624374389648
some episodes done, average rewards:  10.885981559753418
some episodes done, average rewards:  9.606890678405762
some episodes done, average rewards:  10.052855491638184
some episodes done, average rewards:  9.70682144165039
some episodes done, average rewards:  11.144145011901855
some episodes done, average rewards:  10.759048461914062
some episodes done, average rewards:  10.43899154663086
some episodes done, average rewards:  10.968842506408691
some episodes done, average rewards:  11.873645782470703
some episodes done, average rewards:  9.846800804138184

Algo mappo Exp check updates 1425/6103 episodes, total num timesteps 23363584/100000000, FPS 3776.

some episodes done, average rewards:  11.201427459716797
some episodes done, average rewards:  10.141448974609375
some episodes done, average rewards:  10.88162899017334
some episodes done, average rewards:  10.201807975769043
some episodes done, average rewards:  12.30504322052002
some episodes done, average rewards:  10.726881980895996
some episodes done, average rewards:  11.456954002380371
some episodes done, average rewards:  11.50177001953125
some episodes done, average rewards:  10.274465560913086
some episodes done, average rewards:  10.731008529663086
some episodes done, average rewards:  10.704257011413574
some episodes done, average rewards:  11.449153900146484
some episodes done, average rewards:  11.897309303283691
some episodes done, average rewards:  11.445293426513672
some episodes done, average rewards:  12.227984428405762
some episodes done, average rewards:  11.155503273010254
some episodes done, average rewards:  12.748336791992188
some episodes done, average rewards:  12.531657218933105
some episodes done, average rewards:  9.860593795776367
some episodes done, average rewards:  11.110214233398438
some episodes done, average rewards:  10.945326805114746
some episodes done, average rewards:  11.104265213012695
some episodes done, average rewards:  10.126927375793457
some episodes done, average rewards:  9.415369987487793
some episodes done, average rewards:  10.508077621459961

Algo mappo Exp check updates 1450/6103 episodes, total num timesteps 23773184/100000000, FPS 3777.

some episodes done, average rewards:  9.848504066467285
some episodes done, average rewards:  9.584883689880371
some episodes done, average rewards:  10.706259727478027
some episodes done, average rewards:  9.435935020446777
some episodes done, average rewards:  10.21693229675293
some episodes done, average rewards:  10.89555549621582
some episodes done, average rewards:  11.034543991088867
some episodes done, average rewards:  11.657455444335938
some episodes done, average rewards:  10.666550636291504
some episodes done, average rewards:  11.61385440826416
some episodes done, average rewards:  10.445913314819336
some episodes done, average rewards:  11.123109817504883
some episodes done, average rewards:  12.214028358459473
some episodes done, average rewards:  11.630691528320312
some episodes done, average rewards:  12.585404396057129
some episodes done, average rewards:  11.161636352539062
some episodes done, average rewards:  12.163479804992676
some episodes done, average rewards:  12.302679061889648
some episodes done, average rewards:  10.34959602355957
some episodes done, average rewards:  12.469128608703613
some episodes done, average rewards:  12.2839937210083
some episodes done, average rewards:  12.531085014343262
some episodes done, average rewards:  11.483209609985352
some episodes done, average rewards:  11.072664260864258
some episodes done, average rewards:  11.404712677001953

Algo mappo Exp check updates 1475/6103 episodes, total num timesteps 24182784/100000000, FPS 3780.

some episodes done, average rewards:  12.093609809875488
some episodes done, average rewards:  11.84938907623291
some episodes done, average rewards:  11.166805267333984
some episodes done, average rewards:  12.022528648376465
some episodes done, average rewards:  9.489296913146973
some episodes done, average rewards:  8.485456466674805
some episodes done, average rewards:  10.13295841217041
some episodes done, average rewards:  10.986305236816406
some episodes done, average rewards:  12.90977954864502
some episodes done, average rewards:  11.57114315032959
some episodes done, average rewards:  11.546832084655762
some episodes done, average rewards:  11.306422233581543
some episodes done, average rewards:  10.164669036865234
some episodes done, average rewards:  10.102760314941406
some episodes done, average rewards:  12.044790267944336
some episodes done, average rewards:  9.430892944335938
some episodes done, average rewards:  9.432069778442383
some episodes done, average rewards:  11.03209114074707
some episodes done, average rewards:  9.6442232131958
some episodes done, average rewards:  10.30532169342041
some episodes done, average rewards:  8.922354698181152
some episodes done, average rewards:  10.621577262878418
some episodes done, average rewards:  8.16195011138916
some episodes done, average rewards:  9.892104148864746
some episodes done, average rewards:  9.712228775024414

Algo mappo Exp check updates 1500/6103 episodes, total num timesteps 24592384/100000000, FPS 3782.

some episodes done, average rewards:  10.576715469360352
some episodes done, average rewards:  10.568583488464355
some episodes done, average rewards:  9.955674171447754
some episodes done, average rewards:  12.09632682800293
some episodes done, average rewards:  9.063667297363281
some episodes done, average rewards:  9.513357162475586
some episodes done, average rewards:  8.47911548614502
some episodes done, average rewards:  9.928756713867188
some episodes done, average rewards:  9.23614501953125
some episodes done, average rewards:  9.896405220031738
some episodes done, average rewards:  9.999351501464844
some episodes done, average rewards:  9.685770034790039
some episodes done, average rewards:  9.25218391418457
some episodes done, average rewards:  10.425148010253906
some episodes done, average rewards:  9.20474910736084
some episodes done, average rewards:  10.981382369995117
some episodes done, average rewards:  8.430036544799805
some episodes done, average rewards:  8.744507789611816
some episodes done, average rewards:  10.054080963134766
some episodes done, average rewards:  9.238238334655762
some episodes done, average rewards:  10.446112632751465
some episodes done, average rewards:  9.721652030944824
some episodes done, average rewards:  9.695616722106934
some episodes done, average rewards:  12.261950492858887
some episodes done, average rewards:  7.82818603515625

Algo mappo Exp check updates 1525/6103 episodes, total num timesteps 25001984/100000000, FPS 3783.

some episodes done, average rewards:  10.935567855834961
some episodes done, average rewards:  9.794692039489746
some episodes done, average rewards:  11.583967208862305
some episodes done, average rewards:  10.793414115905762
some episodes done, average rewards:  12.228738784790039
some episodes done, average rewards:  9.653960227966309
some episodes done, average rewards:  12.475741386413574
some episodes done, average rewards:  9.723392486572266
some episodes done, average rewards:  10.818299293518066
some episodes done, average rewards:  10.4150972366333
some episodes done, average rewards:  10.412038803100586
some episodes done, average rewards:  9.765129089355469
some episodes done, average rewards:  11.662748336791992
some episodes done, average rewards:  11.09549331665039
some episodes done, average rewards:  13.732872009277344
some episodes done, average rewards:  12.589975357055664
some episodes done, average rewards:  12.05100154876709
some episodes done, average rewards:  11.196187973022461
some episodes done, average rewards:  12.25510025024414
some episodes done, average rewards:  11.519712448120117
some episodes done, average rewards:  12.457152366638184
some episodes done, average rewards:  12.14055347442627
some episodes done, average rewards:  13.2896146774292
some episodes done, average rewards:  11.097333908081055
some episodes done, average rewards:  11.466025352478027

Algo mappo Exp check updates 1550/6103 episodes, total num timesteps 25411584/100000000, FPS 3785.

some episodes done, average rewards:  10.883808135986328
some episodes done, average rewards:  13.259989738464355
some episodes done, average rewards:  13.356976509094238
some episodes done, average rewards:  11.45419692993164
some episodes done, average rewards:  11.203763961791992
some episodes done, average rewards:  11.697166442871094
some episodes done, average rewards:  11.430435180664062
some episodes done, average rewards:  10.598273277282715
some episodes done, average rewards:  9.0548734664917
some episodes done, average rewards:  8.783591270446777
some episodes done, average rewards:  8.318262100219727
some episodes done, average rewards:  9.998607635498047
some episodes done, average rewards:  9.910964965820312
some episodes done, average rewards:  8.99154281616211
some episodes done, average rewards:  9.689104080200195
some episodes done, average rewards:  8.262794494628906
some episodes done, average rewards:  8.207435607910156
some episodes done, average rewards:  9.25097942352295
some episodes done, average rewards:  9.32274341583252
some episodes done, average rewards:  8.476325035095215
some episodes done, average rewards:  9.577431678771973
some episodes done, average rewards:  8.767014503479004
some episodes done, average rewards:  8.132389068603516
some episodes done, average rewards:  8.374893188476562
some episodes done, average rewards:  8.38267993927002

Algo mappo Exp check updates 1575/6103 episodes, total num timesteps 25821184/100000000, FPS 3787.

some episodes done, average rewards:  8.673909187316895
some episodes done, average rewards:  8.572077751159668
some episodes done, average rewards:  10.192883491516113
some episodes done, average rewards:  9.132801055908203
some episodes done, average rewards:  9.761510848999023
some episodes done, average rewards:  10.36894416809082
some episodes done, average rewards:  8.052577018737793
some episodes done, average rewards:  9.64638614654541
some episodes done, average rewards:  8.236786842346191
some episodes done, average rewards:  9.893950462341309
some episodes done, average rewards:  9.42374324798584
some episodes done, average rewards:  8.628283500671387
some episodes done, average rewards:  8.678218841552734
some episodes done, average rewards:  7.34071159362793
some episodes done, average rewards:  9.263331413269043
some episodes done, average rewards:  9.663390159606934
some episodes done, average rewards:  9.526823043823242
some episodes done, average rewards:  9.191115379333496
some episodes done, average rewards:  10.266423225402832
some episodes done, average rewards:  8.356388092041016
some episodes done, average rewards:  9.422691345214844
some episodes done, average rewards:  8.20007038116455
some episodes done, average rewards:  9.608906745910645
some episodes done, average rewards:  8.432323455810547
some episodes done, average rewards:  10.031280517578125

Algo mappo Exp check updates 1600/6103 episodes, total num timesteps 26230784/100000000, FPS 3789.

some episodes done, average rewards:  10.63011360168457
some episodes done, average rewards:  10.180025100708008
some episodes done, average rewards:  10.035945892333984
some episodes done, average rewards:  11.757465362548828
some episodes done, average rewards:  9.698997497558594
some episodes done, average rewards:  9.23698902130127
some episodes done, average rewards:  10.186717987060547
some episodes done, average rewards:  10.562554359436035
some episodes done, average rewards:  9.802264213562012
some episodes done, average rewards:  8.957901000976562
some episodes done, average rewards:  9.478940963745117
some episodes done, average rewards:  10.367112159729004
some episodes done, average rewards:  9.736754417419434
some episodes done, average rewards:  9.025458335876465
some episodes done, average rewards:  9.141425132751465
some episodes done, average rewards:  8.78974437713623
some episodes done, average rewards:  7.894495010375977
some episodes done, average rewards:  9.998335838317871
some episodes done, average rewards:  9.962382316589355
some episodes done, average rewards:  10.076322555541992
some episodes done, average rewards:  8.762491226196289
some episodes done, average rewards:  9.562621116638184
some episodes done, average rewards:  11.428102493286133
some episodes done, average rewards:  10.99619197845459
some episodes done, average rewards:  11.193156242370605

Algo mappo Exp check updates 1625/6103 episodes, total num timesteps 26640384/100000000, FPS 3791.

some episodes done, average rewards:  11.0861234664917
some episodes done, average rewards:  10.919195175170898
some episodes done, average rewards:  9.604876518249512
some episodes done, average rewards:  12.934693336486816
some episodes done, average rewards:  9.5983304977417
some episodes done, average rewards:  10.256144523620605
some episodes done, average rewards:  9.269046783447266
some episodes done, average rewards:  11.061176300048828
some episodes done, average rewards:  10.112631797790527
some episodes done, average rewards:  10.227608680725098
some episodes done, average rewards:  12.147238731384277
some episodes done, average rewards:  12.24303913116455
some episodes done, average rewards:  10.603540420532227
some episodes done, average rewards:  12.309097290039062
some episodes done, average rewards:  12.454190254211426
some episodes done, average rewards:  11.931528091430664
some episodes done, average rewards:  13.697883605957031
some episodes done, average rewards:  13.386463165283203
some episodes done, average rewards:  14.471184730529785
some episodes done, average rewards:  13.431638717651367
some episodes done, average rewards:  12.102432250976562
some episodes done, average rewards:  12.122366905212402
some episodes done, average rewards:  12.74442195892334
some episodes done, average rewards:  11.448285102844238
some episodes done, average rewards:  12.427691459655762

Algo mappo Exp check updates 1650/6103 episodes, total num timesteps 27049984/100000000, FPS 3792.

some episodes done, average rewards:  11.946383476257324
some episodes done, average rewards:  12.4065580368042
some episodes done, average rewards:  9.979538917541504
some episodes done, average rewards:  11.595961570739746
some episodes done, average rewards:  11.549568176269531
some episodes done, average rewards:  11.342757225036621
some episodes done, average rewards:  11.201581001281738
some episodes done, average rewards:  10.335954666137695
some episodes done, average rewards:  11.132851600646973
some episodes done, average rewards:  9.39175033569336
some episodes done, average rewards:  11.889116287231445
some episodes done, average rewards:  10.328633308410645
some episodes done, average rewards:  9.020768165588379
some episodes done, average rewards:  12.86325454711914
some episodes done, average rewards:  8.924944877624512
some episodes done, average rewards:  9.96453857421875
some episodes done, average rewards:  10.965813636779785
some episodes done, average rewards:  12.018037796020508
some episodes done, average rewards:  12.92452335357666
some episodes done, average rewards:  9.985247611999512
some episodes done, average rewards:  10.411239624023438
some episodes done, average rewards:  10.163102149963379
some episodes done, average rewards:  11.127649307250977
some episodes done, average rewards:  9.847291946411133
some episodes done, average rewards:  9.447908401489258

Algo mappo Exp check updates 1675/6103 episodes, total num timesteps 27459584/100000000, FPS 3792.

some episodes done, average rewards:  11.82877254486084
some episodes done, average rewards:  10.011592864990234
some episodes done, average rewards:  9.169448852539062
some episodes done, average rewards:  9.399639129638672
some episodes done, average rewards:  9.865835189819336
some episodes done, average rewards:  10.177631378173828
some episodes done, average rewards:  8.65937328338623
some episodes done, average rewards:  7.729364395141602
some episodes done, average rewards:  9.236069679260254
some episodes done, average rewards:  7.908882141113281
some episodes done, average rewards:  7.632575988769531
some episodes done, average rewards:  8.216043472290039
some episodes done, average rewards:  8.242393493652344
some episodes done, average rewards:  8.209489822387695
some episodes done, average rewards:  9.460634231567383
some episodes done, average rewards:  8.828845977783203
some episodes done, average rewards:  7.34292459487915
some episodes done, average rewards:  10.944287300109863
some episodes done, average rewards:  9.050962448120117
some episodes done, average rewards:  9.492385864257812
some episodes done, average rewards:  9.48965072631836
some episodes done, average rewards:  8.276938438415527
some episodes done, average rewards:  9.956720352172852
some episodes done, average rewards:  8.49262523651123
some episodes done, average rewards:  8.423171043395996

Algo mappo Exp check updates 1700/6103 episodes, total num timesteps 27869184/100000000, FPS 3802.

some episodes done, average rewards:  7.702671527862549
some episodes done, average rewards:  9.684385299682617
some episodes done, average rewards:  7.8230462074279785
some episodes done, average rewards:  7.372874736785889
some episodes done, average rewards:  8.478879928588867
some episodes done, average rewards:  8.141799926757812
some episodes done, average rewards:  8.074810981750488
some episodes done, average rewards:  7.388660907745361
some episodes done, average rewards:  6.962409973144531
some episodes done, average rewards:  7.197885513305664
some episodes done, average rewards:  8.024189949035645
some episodes done, average rewards:  7.369874477386475
some episodes done, average rewards:  9.235190391540527
some episodes done, average rewards:  8.163387298583984
some episodes done, average rewards:  6.1018757820129395
some episodes done, average rewards:  8.188227653503418
some episodes done, average rewards:  8.550436973571777
some episodes done, average rewards:  8.287073135375977
some episodes done, average rewards:  8.703485488891602
some episodes done, average rewards:  7.7815728187561035
some episodes done, average rewards:  7.968451023101807
some episodes done, average rewards:  9.643377304077148
some episodes done, average rewards:  8.554705619812012
some episodes done, average rewards:  7.772307872772217
some episodes done, average rewards:  7.592733860015869

Algo mappo Exp check updates 1725/6103 episodes, total num timesteps 28278784/100000000, FPS 3824.

some episodes done, average rewards:  9.477470397949219
some episodes done, average rewards:  10.517115592956543
some episodes done, average rewards:  9.302160263061523
some episodes done, average rewards:  8.7937650680542
some episodes done, average rewards:  9.933988571166992
some episodes done, average rewards:  9.678685188293457
some episodes done, average rewards:  9.753173828125
some episodes done, average rewards:  11.783060073852539
some episodes done, average rewards:  9.993255615234375
some episodes done, average rewards:  8.933294296264648
some episodes done, average rewards:  10.122089385986328
some episodes done, average rewards:  9.609330177307129
some episodes done, average rewards:  9.557241439819336
some episodes done, average rewards:  10.463410377502441
some episodes done, average rewards:  9.559062004089355
some episodes done, average rewards:  9.613035202026367
some episodes done, average rewards:  10.174640655517578
some episodes done, average rewards:  10.563543319702148
some episodes done, average rewards:  9.439750671386719
some episodes done, average rewards:  9.564451217651367
some episodes done, average rewards:  10.176507949829102
some episodes done, average rewards:  10.889860153198242
some episodes done, average rewards:  10.902238845825195
some episodes done, average rewards:  9.583391189575195
some episodes done, average rewards:  11.046175956726074

Algo mappo Exp check updates 1750/6103 episodes, total num timesteps 28688384/100000000, FPS 3837.

some episodes done, average rewards:  10.160654067993164
some episodes done, average rewards:  9.657543182373047
some episodes done, average rewards:  10.618422508239746
some episodes done, average rewards:  9.450165748596191
some episodes done, average rewards:  10.67113971710205
some episodes done, average rewards:  9.632405281066895
some episodes done, average rewards:  9.60329532623291
some episodes done, average rewards:  10.381052017211914
some episodes done, average rewards:  12.163390159606934
some episodes done, average rewards:  10.899505615234375
some episodes done, average rewards:  9.561177253723145
some episodes done, average rewards:  9.081787109375
some episodes done, average rewards:  12.08583927154541
some episodes done, average rewards:  9.874530792236328
some episodes done, average rewards:  10.587919235229492
some episodes done, average rewards:  8.927238464355469
some episodes done, average rewards:  12.211520195007324
some episodes done, average rewards:  10.236458778381348
some episodes done, average rewards:  9.926597595214844
some episodes done, average rewards:  9.7830228805542
some episodes done, average rewards:  10.003776550292969
some episodes done, average rewards:  9.738661766052246
some episodes done, average rewards:  9.28809642791748
some episodes done, average rewards:  11.08156967163086
some episodes done, average rewards:  9.378302574157715

Algo mappo Exp check updates 1775/6103 episodes, total num timesteps 29097984/100000000, FPS 3840.

some episodes done, average rewards:  8.861255645751953
some episodes done, average rewards:  9.54911994934082
some episodes done, average rewards:  10.114665031433105
some episodes done, average rewards:  10.223628044128418
some episodes done, average rewards:  9.52564811706543
some episodes done, average rewards:  10.570107460021973
some episodes done, average rewards:  10.378388404846191
some episodes done, average rewards:  8.156499862670898
some episodes done, average rewards:  9.35227108001709
some episodes done, average rewards:  8.262890815734863
some episodes done, average rewards:  9.932987213134766
some episodes done, average rewards:  9.067598342895508
some episodes done, average rewards:  8.789031028747559
some episodes done, average rewards:  7.670244216918945
some episodes done, average rewards:  8.964580535888672
some episodes done, average rewards:  7.454634666442871
some episodes done, average rewards:  9.863948822021484
some episodes done, average rewards:  10.809361457824707
some episodes done, average rewards:  10.354042053222656
some episodes done, average rewards:  9.4191255569458
some episodes done, average rewards:  9.711095809936523
some episodes done, average rewards:  8.372237205505371
some episodes done, average rewards:  6.464982032775879
some episodes done, average rewards:  8.502190589904785
some episodes done, average rewards:  7.37615966796875

Algo mappo Exp check updates 1800/6103 episodes, total num timesteps 29507584/100000000, FPS 3842.

some episodes done, average rewards:  9.284463882446289
some episodes done, average rewards:  7.712434768676758
some episodes done, average rewards:  7.8249945640563965
some episodes done, average rewards:  7.059848785400391
some episodes done, average rewards:  7.548600196838379
some episodes done, average rewards:  7.85892915725708
some episodes done, average rewards:  7.465059280395508
some episodes done, average rewards:  7.9824419021606445
some episodes done, average rewards:  6.756187915802002
some episodes done, average rewards:  6.051863670349121
some episodes done, average rewards:  8.114581108093262
some episodes done, average rewards:  7.523906230926514
some episodes done, average rewards:  7.677754878997803
some episodes done, average rewards:  6.912549018859863
some episodes done, average rewards:  7.104372024536133
some episodes done, average rewards:  7.794428825378418
some episodes done, average rewards:  7.116087913513184
some episodes done, average rewards:  7.645018100738525
some episodes done, average rewards:  8.485433578491211
some episodes done, average rewards:  8.295917510986328
some episodes done, average rewards:  6.610889911651611
some episodes done, average rewards:  7.589278697967529
some episodes done, average rewards:  8.875252723693848
some episodes done, average rewards:  7.62639856338501
some episodes done, average rewards:  7.184043884277344

Algo mappo Exp check updates 1825/6103 episodes, total num timesteps 29917184/100000000, FPS 3843.

some episodes done, average rewards:  8.157378196716309
some episodes done, average rewards:  6.7079267501831055
some episodes done, average rewards:  7.395033359527588
some episodes done, average rewards:  9.128768920898438
some episodes done, average rewards:  7.983547210693359
some episodes done, average rewards:  8.187036514282227
some episodes done, average rewards:  7.0063300132751465
some episodes done, average rewards:  9.25433349609375
some episodes done, average rewards:  7.897069454193115
some episodes done, average rewards:  7.161154747009277
some episodes done, average rewards:  8.497658729553223
some episodes done, average rewards:  6.4540910720825195
some episodes done, average rewards:  7.448963165283203
some episodes done, average rewards:  8.131743431091309
some episodes done, average rewards:  8.158629417419434
some episodes done, average rewards:  7.385313987731934
some episodes done, average rewards:  9.52996826171875
some episodes done, average rewards:  9.28080940246582
some episodes done, average rewards:  9.44310188293457
some episodes done, average rewards:  9.589951515197754
some episodes done, average rewards:  8.098642349243164
some episodes done, average rewards:  7.538146495819092
some episodes done, average rewards:  9.183159828186035
some episodes done, average rewards:  10.793264389038086
some episodes done, average rewards:  9.601875305175781

Algo mappo Exp check updates 1850/6103 episodes, total num timesteps 30326784/100000000, FPS 3846.

some episodes done, average rewards:  9.138854026794434
some episodes done, average rewards:  8.011897087097168
some episodes done, average rewards:  8.816717147827148
some episodes done, average rewards:  8.14122486114502
some episodes done, average rewards:  8.166067123413086
some episodes done, average rewards:  8.320719718933105
some episodes done, average rewards:  8.82919692993164
some episodes done, average rewards:  9.059337615966797
some episodes done, average rewards:  8.961100578308105
some episodes done, average rewards:  8.395661354064941
some episodes done, average rewards:  7.531073093414307
some episodes done, average rewards:  7.752265930175781
some episodes done, average rewards:  10.036372184753418
some episodes done, average rewards:  8.485407829284668
some episodes done, average rewards:  8.77690315246582
some episodes done, average rewards:  8.972858428955078
some episodes done, average rewards:  8.240145683288574
some episodes done, average rewards:  10.031888008117676
some episodes done, average rewards:  9.26025390625
some episodes done, average rewards:  7.950078964233398
some episodes done, average rewards:  8.862933158874512
some episodes done, average rewards:  8.698336601257324
some episodes done, average rewards:  8.440521240234375
some episodes done, average rewards:  8.276174545288086
some episodes done, average rewards:  8.772313117980957

Algo mappo Exp check updates 1875/6103 episodes, total num timesteps 30736384/100000000, FPS 3848.

some episodes done, average rewards:  9.952994346618652
some episodes done, average rewards:  9.620969772338867
some episodes done, average rewards:  9.379170417785645
some episodes done, average rewards:  9.008942604064941
some episodes done, average rewards:  8.589515686035156
some episodes done, average rewards:  9.835740089416504
some episodes done, average rewards:  9.179298400878906
some episodes done, average rewards:  9.693986892700195
some episodes done, average rewards:  9.899222373962402
some episodes done, average rewards:  11.356935501098633
some episodes done, average rewards:  9.467260360717773
some episodes done, average rewards:  9.010014533996582
some episodes done, average rewards:  9.558640480041504
some episodes done, average rewards:  8.580559730529785
some episodes done, average rewards:  8.434683799743652
some episodes done, average rewards:  10.170890808105469
some episodes done, average rewards:  9.4788818359375
some episodes done, average rewards:  9.28333568572998
some episodes done, average rewards:  10.063985824584961
some episodes done, average rewards:  9.373054504394531
some episodes done, average rewards:  8.558831214904785
some episodes done, average rewards:  9.297327041625977
some episodes done, average rewards:  9.658905029296875
some episodes done, average rewards:  10.660959243774414
some episodes done, average rewards:  8.588820457458496

Algo mappo Exp check updates 1900/6103 episodes, total num timesteps 31145984/100000000, FPS 3849.

some episodes done, average rewards:  9.81298542022705
some episodes done, average rewards:  8.965685844421387
some episodes done, average rewards:  9.30708122253418
some episodes done, average rewards:  9.845718383789062
some episodes done, average rewards:  8.55163860321045
some episodes done, average rewards:  7.06576681137085
some episodes done, average rewards:  9.234575271606445
some episodes done, average rewards:  8.016058921813965
some episodes done, average rewards:  8.57133960723877
some episodes done, average rewards:  8.160017013549805
some episodes done, average rewards:  8.61136531829834
some episodes done, average rewards:  8.17911434173584
some episodes done, average rewards:  7.54913330078125
some episodes done, average rewards:  8.341635704040527
some episodes done, average rewards:  8.308319091796875
some episodes done, average rewards:  8.575982093811035
some episodes done, average rewards:  8.246416091918945
some episodes done, average rewards:  7.90341329574585
some episodes done, average rewards:  8.228113174438477
some episodes done, average rewards:  7.285650730133057
some episodes done, average rewards:  8.644745826721191
some episodes done, average rewards:  7.0452752113342285
some episodes done, average rewards:  10.54638385772705
some episodes done, average rewards:  8.76248836517334
some episodes done, average rewards:  8.578740119934082

Algo mappo Exp check updates 1925/6103 episodes, total num timesteps 31555584/100000000, FPS 3850.

some episodes done, average rewards:  7.705528736114502
some episodes done, average rewards:  7.6341776847839355
some episodes done, average rewards:  7.334152698516846
some episodes done, average rewards:  8.576420783996582
some episodes done, average rewards:  7.517286777496338
some episodes done, average rewards:  7.500410556793213
some episodes done, average rewards:  8.622857093811035
some episodes done, average rewards:  8.851837158203125
some episodes done, average rewards:  8.811246871948242
some episodes done, average rewards:  10.116783142089844
some episodes done, average rewards:  8.314066886901855
some episodes done, average rewards:  8.067590713500977
some episodes done, average rewards:  9.487846374511719
some episodes done, average rewards:  8.531712532043457
some episodes done, average rewards:  10.825420379638672
some episodes done, average rewards:  8.54279613494873
some episodes done, average rewards:  8.264073371887207
some episodes done, average rewards:  7.905768871307373
some episodes done, average rewards:  7.223252773284912
some episodes done, average rewards:  7.0836405754089355
some episodes done, average rewards:  8.810613632202148
some episodes done, average rewards:  7.678613662719727
some episodes done, average rewards:  7.567420959472656
some episodes done, average rewards:  10.418756484985352
some episodes done, average rewards:  7.82586145401001

Algo mappo Exp check updates 1950/6103 episodes, total num timesteps 31965184/100000000, FPS 3853.

some episodes done, average rewards:  9.411336898803711
some episodes done, average rewards:  8.775739669799805
some episodes done, average rewards:  6.474221706390381
some episodes done, average rewards:  7.747280597686768
some episodes done, average rewards:  8.861593246459961
some episodes done, average rewards:  8.887873649597168
some episodes done, average rewards:  8.637356758117676
some episodes done, average rewards:  7.684868812561035
some episodes done, average rewards:  9.819936752319336
some episodes done, average rewards:  9.0933198928833
some episodes done, average rewards:  8.622401237487793
some episodes done, average rewards:  8.396747589111328
some episodes done, average rewards:  7.706223487854004
some episodes done, average rewards:  7.361743450164795
some episodes done, average rewards:  7.899160861968994
some episodes done, average rewards:  7.3687052726745605
some episodes done, average rewards:  7.488818168640137
some episodes done, average rewards:  7.154315948486328
some episodes done, average rewards:  7.540430545806885
some episodes done, average rewards:  8.309642791748047
some episodes done, average rewards:  9.8643217086792
some episodes done, average rewards:  7.822807312011719
some episodes done, average rewards:  8.430631637573242
some episodes done, average rewards:  8.614985466003418
some episodes done, average rewards:  9.36829662322998

Algo mappo Exp check updates 1975/6103 episodes, total num timesteps 32374784/100000000, FPS 3854.

some episodes done, average rewards:  8.704760551452637
some episodes done, average rewards:  7.096774578094482
some episodes done, average rewards:  7.288926124572754
some episodes done, average rewards:  6.263150215148926
some episodes done, average rewards:  7.467947483062744
some episodes done, average rewards:  7.554356575012207
some episodes done, average rewards:  6.730048656463623
some episodes done, average rewards:  6.8685431480407715
some episodes done, average rewards:  6.770630836486816
some episodes done, average rewards:  6.698070049285889
some episodes done, average rewards:  6.779880523681641
some episodes done, average rewards:  6.53957462310791
some episodes done, average rewards:  6.77720308303833
some episodes done, average rewards:  6.465880870819092
some episodes done, average rewards:  9.007158279418945
some episodes done, average rewards:  7.319156646728516
some episodes done, average rewards:  7.764180660247803
some episodes done, average rewards:  7.776512145996094
some episodes done, average rewards:  7.997906684875488
some episodes done, average rewards:  9.099273681640625
some episodes done, average rewards:  6.4331793785095215
some episodes done, average rewards:  7.016846656799316
some episodes done, average rewards:  7.231147766113281
some episodes done, average rewards:  6.334987640380859
some episodes done, average rewards:  5.744740962982178

Algo mappo Exp check updates 2000/6103 episodes, total num timesteps 32784384/100000000, FPS 3854.

some episodes done, average rewards:  5.9564714431762695
some episodes done, average rewards:  7.452542304992676
some episodes done, average rewards:  6.980839729309082
some episodes done, average rewards:  8.250948905944824
some episodes done, average rewards:  7.118711948394775
some episodes done, average rewards:  6.555804252624512
some episodes done, average rewards:  6.722043037414551
some episodes done, average rewards:  8.167885780334473
some episodes done, average rewards:  7.217072010040283
some episodes done, average rewards:  7.696009635925293
some episodes done, average rewards:  7.475522518157959
some episodes done, average rewards:  8.964003562927246
some episodes done, average rewards:  6.714836597442627
some episodes done, average rewards:  7.330271244049072
some episodes done, average rewards:  7.166973114013672
some episodes done, average rewards:  6.619106292724609
some episodes done, average rewards:  8.287823677062988
some episodes done, average rewards:  7.260728359222412
some episodes done, average rewards:  6.701741695404053
some episodes done, average rewards:  6.868389129638672
some episodes done, average rewards:  6.4368672370910645
some episodes done, average rewards:  7.303782939910889
some episodes done, average rewards:  7.473258018493652
some episodes done, average rewards:  7.5455427169799805
some episodes done, average rewards:  6.942514419555664

Algo mappo Exp check updates 2025/6103 episodes, total num timesteps 33193984/100000000, FPS 3855.

some episodes done, average rewards:  7.644471645355225
some episodes done, average rewards:  7.218898773193359
some episodes done, average rewards:  8.18567943572998
some episodes done, average rewards:  7.725504398345947
some episodes done, average rewards:  7.558358669281006
some episodes done, average rewards:  7.409368515014648
some episodes done, average rewards:  8.064762115478516
some episodes done, average rewards:  8.445322036743164
some episodes done, average rewards:  6.609761714935303
some episodes done, average rewards:  7.705400466918945
some episodes done, average rewards:  7.776954650878906
some episodes done, average rewards:  6.6395487785339355
some episodes done, average rewards:  8.5320405960083
some episodes done, average rewards:  6.301056861877441
some episodes done, average rewards:  6.685999870300293
some episodes done, average rewards:  8.372889518737793
some episodes done, average rewards:  6.111126899719238
some episodes done, average rewards:  7.194785118103027
some episodes done, average rewards:  7.195893287658691
some episodes done, average rewards:  6.721280097961426
some episodes done, average rewards:  6.7681708335876465
some episodes done, average rewards:  6.554574489593506
some episodes done, average rewards:  7.360412120819092
some episodes done, average rewards:  6.662379264831543
some episodes done, average rewards:  6.5851054191589355

Algo mappo Exp check updates 2050/6103 episodes, total num timesteps 33603584/100000000, FPS 3853.

some episodes done, average rewards:  7.114102363586426
some episodes done, average rewards:  7.5266547203063965
some episodes done, average rewards:  6.854613780975342
some episodes done, average rewards:  7.459892272949219
some episodes done, average rewards:  6.274810791015625
some episodes done, average rewards:  6.13482666015625
some episodes done, average rewards:  7.028954982757568
some episodes done, average rewards:  7.978183746337891
some episodes done, average rewards:  7.492685317993164
some episodes done, average rewards:  7.441751003265381
some episodes done, average rewards:  6.8110222816467285
some episodes done, average rewards:  6.36212682723999
some episodes done, average rewards:  6.28975772857666
some episodes done, average rewards:  6.461211681365967
some episodes done, average rewards:  6.585392475128174
some episodes done, average rewards:  7.338099479675293
some episodes done, average rewards:  6.848987102508545
some episodes done, average rewards:  7.495978355407715
some episodes done, average rewards:  8.498481750488281
some episodes done, average rewards:  7.716189861297607
some episodes done, average rewards:  7.260824680328369
some episodes done, average rewards:  7.244335174560547
some episodes done, average rewards:  7.7127838134765625
some episodes done, average rewards:  7.435688495635986
some episodes done, average rewards:  6.916438102722168

Algo mappo Exp check updates 2075/6103 episodes, total num timesteps 34013184/100000000, FPS 3851.

some episodes done, average rewards:  6.266683101654053
some episodes done, average rewards:  6.053689479827881
some episodes done, average rewards:  7.202544689178467
some episodes done, average rewards:  7.7926177978515625
some episodes done, average rewards:  6.791451930999756
some episodes done, average rewards:  7.19610071182251
some episodes done, average rewards:  6.828185558319092
some episodes done, average rewards:  5.848885536193848
some episodes done, average rewards:  6.337214946746826
some episodes done, average rewards:  6.253615379333496
some episodes done, average rewards:  6.619022846221924
some episodes done, average rewards:  5.34171724319458
some episodes done, average rewards:  6.457159996032715
some episodes done, average rewards:  6.129420757293701
some episodes done, average rewards:  6.193511962890625
some episodes done, average rewards:  5.675577640533447
some episodes done, average rewards:  5.720800399780273
some episodes done, average rewards:  6.811505317687988
some episodes done, average rewards:  6.9759392738342285
some episodes done, average rewards:  6.15339469909668
some episodes done, average rewards:  6.300651550292969
some episodes done, average rewards:  6.32218599319458
some episodes done, average rewards:  6.526381969451904
some episodes done, average rewards:  7.572352409362793
some episodes done, average rewards:  6.803424835205078

Algo mappo Exp check updates 2100/6103 episodes, total num timesteps 34422784/100000000, FPS 3858.

some episodes done, average rewards:  7.063462734222412
some episodes done, average rewards:  6.780331611633301
some episodes done, average rewards:  6.346315860748291
some episodes done, average rewards:  6.067629814147949
some episodes done, average rewards:  6.732269287109375
some episodes done, average rewards:  6.476591110229492
some episodes done, average rewards:  6.914792060852051
some episodes done, average rewards:  6.09182596206665
some episodes done, average rewards:  6.984798431396484
some episodes done, average rewards:  6.553010940551758
some episodes done, average rewards:  6.996867656707764
some episodes done, average rewards:  6.555970668792725
some episodes done, average rewards:  7.130207538604736
some episodes done, average rewards:  6.328799247741699
some episodes done, average rewards:  6.706167221069336
some episodes done, average rewards:  6.2503156661987305
some episodes done, average rewards:  6.258316516876221
some episodes done, average rewards:  7.018144130706787
some episodes done, average rewards:  6.248380184173584
some episodes done, average rewards:  6.100024223327637
some episodes done, average rewards:  7.008696556091309
some episodes done, average rewards:  6.470517158508301
some episodes done, average rewards:  6.1012139320373535
some episodes done, average rewards:  5.997363567352295
some episodes done, average rewards:  7.30224609375

Algo mappo Exp check updates 2125/6103 episodes, total num timesteps 34832384/100000000, FPS 3875.

some episodes done, average rewards:  6.2627482414245605
some episodes done, average rewards:  7.165088653564453
some episodes done, average rewards:  6.837226867675781
some episodes done, average rewards:  7.373416423797607
some episodes done, average rewards:  6.534323215484619
some episodes done, average rewards:  6.7268757820129395
some episodes done, average rewards:  6.197456359863281
some episodes done, average rewards:  7.0324788093566895
some episodes done, average rewards:  7.202959060668945
some episodes done, average rewards:  6.521387577056885
some episodes done, average rewards:  6.574719429016113
some episodes done, average rewards:  6.667445659637451
some episodes done, average rewards:  6.78511905670166
some episodes done, average rewards:  5.621921539306641
some episodes done, average rewards:  6.365070819854736
some episodes done, average rewards:  6.025856971740723
some episodes done, average rewards:  6.024602890014648
some episodes done, average rewards:  5.735543727874756
some episodes done, average rewards:  6.119406700134277
some episodes done, average rewards:  5.5525126457214355
some episodes done, average rewards:  6.5791730880737305
some episodes done, average rewards:  5.805812358856201
some episodes done, average rewards:  6.244472980499268
some episodes done, average rewards:  6.009322166442871
some episodes done, average rewards:  6.0641608238220215

Algo mappo Exp check updates 2150/6103 episodes, total num timesteps 35241984/100000000, FPS 3887.

some episodes done, average rewards:  5.985046863555908
some episodes done, average rewards:  5.741190433502197
some episodes done, average rewards:  5.701466083526611
some episodes done, average rewards:  5.809529781341553
some episodes done, average rewards:  5.952313423156738
some episodes done, average rewards:  5.314815521240234
some episodes done, average rewards:  5.742733955383301
some episodes done, average rewards:  5.133073329925537
some episodes done, average rewards:  4.511499881744385
some episodes done, average rewards:  4.5546650886535645
some episodes done, average rewards:  4.81837797164917
some episodes done, average rewards:  3.888990640640259
some episodes done, average rewards:  3.9889321327209473
some episodes done, average rewards:  4.690763473510742
some episodes done, average rewards:  4.855529308319092
some episodes done, average rewards:  4.945067405700684
some episodes done, average rewards:  5.239399433135986
some episodes done, average rewards:  4.6140289306640625
some episodes done, average rewards:  4.279930114746094
some episodes done, average rewards:  4.575204849243164
some episodes done, average rewards:  5.218987464904785
some episodes done, average rewards:  4.390227794647217
some episodes done, average rewards:  4.9750075340271
some episodes done, average rewards:  4.453026294708252
some episodes done, average rewards:  4.712612152099609

Algo mappo Exp check updates 2175/6103 episodes, total num timesteps 35651584/100000000, FPS 3891.

some episodes done, average rewards:  5.394656181335449
some episodes done, average rewards:  5.182702541351318
some episodes done, average rewards:  5.291252136230469
some episodes done, average rewards:  5.950078010559082
some episodes done, average rewards:  4.917636394500732
some episodes done, average rewards:  4.875000953674316
some episodes done, average rewards:  4.914660930633545
some episodes done, average rewards:  4.953828811645508
some episodes done, average rewards:  4.599768161773682
some episodes done, average rewards:  4.947909355163574
some episodes done, average rewards:  5.299476623535156
some episodes done, average rewards:  5.027362823486328
some episodes done, average rewards:  5.425768852233887
some episodes done, average rewards:  6.073038578033447
some episodes done, average rewards:  5.765263557434082
some episodes done, average rewards:  6.301326274871826
some episodes done, average rewards:  5.880088806152344
some episodes done, average rewards:  6.199175834655762
some episodes done, average rewards:  6.060742378234863
some episodes done, average rewards:  7.16308069229126
some episodes done, average rewards:  5.855896949768066
some episodes done, average rewards:  6.640089511871338
some episodes done, average rewards:  4.9486260414123535
some episodes done, average rewards:  6.28865385055542
some episodes done, average rewards:  6.56931734085083

Algo mappo Exp check updates 2200/6103 episodes, total num timesteps 36061184/100000000, FPS 3891.

some episodes done, average rewards:  5.664506435394287
some episodes done, average rewards:  6.658573627471924
some episodes done, average rewards:  6.18548583984375
some episodes done, average rewards:  5.705463886260986
some episodes done, average rewards:  6.204773902893066
some episodes done, average rewards:  6.591732978820801
some episodes done, average rewards:  6.08866024017334
some episodes done, average rewards:  5.496169567108154
some episodes done, average rewards:  7.1523895263671875
some episodes done, average rewards:  6.365574359893799
some episodes done, average rewards:  6.423089981079102
some episodes done, average rewards:  5.873908519744873
some episodes done, average rewards:  6.240335941314697
some episodes done, average rewards:  6.010322093963623
some episodes done, average rewards:  6.508643627166748
some episodes done, average rewards:  6.447950839996338
some episodes done, average rewards:  5.606606483459473
some episodes done, average rewards:  5.904091835021973
some episodes done, average rewards:  5.190569877624512
some episodes done, average rewards:  6.344497203826904
some episodes done, average rewards:  5.6945414543151855
some episodes done, average rewards:  5.314511299133301
some episodes done, average rewards:  5.010586261749268
some episodes done, average rewards:  5.381806373596191
some episodes done, average rewards:  4.65914249420166

Algo mappo Exp check updates 2225/6103 episodes, total num timesteps 36470784/100000000, FPS 3891.

some episodes done, average rewards:  5.711843490600586
some episodes done, average rewards:  5.363313674926758
some episodes done, average rewards:  4.323266506195068
some episodes done, average rewards:  5.6218695640563965
some episodes done, average rewards:  5.1182026863098145
some episodes done, average rewards:  5.214256286621094
some episodes done, average rewards:  5.272152900695801
some episodes done, average rewards:  5.132242679595947
some episodes done, average rewards:  5.03547477722168
some episodes done, average rewards:  4.45121955871582
some episodes done, average rewards:  4.686079502105713
some episodes done, average rewards:  5.135800361633301
some episodes done, average rewards:  4.556601047515869
some episodes done, average rewards:  4.935601234436035
some episodes done, average rewards:  3.9232494831085205
some episodes done, average rewards:  4.467533588409424
some episodes done, average rewards:  4.5009379386901855
some episodes done, average rewards:  3.5775370597839355
some episodes done, average rewards:  4.5060954093933105
some episodes done, average rewards:  4.298518180847168
some episodes done, average rewards:  4.3738932609558105
some episodes done, average rewards:  4.343887805938721
some episodes done, average rewards:  4.700819492340088
some episodes done, average rewards:  4.66527795791626
some episodes done, average rewards:  4.515708923339844

Algo mappo Exp check updates 2250/6103 episodes, total num timesteps 36880384/100000000, FPS 3890.

some episodes done, average rewards:  3.8232147693634033
some episodes done, average rewards:  3.7896432876586914
some episodes done, average rewards:  4.056725025177002
some episodes done, average rewards:  4.852224349975586
some episodes done, average rewards:  3.8082845211029053
some episodes done, average rewards:  4.767118453979492
some episodes done, average rewards:  4.1412763595581055
some episodes done, average rewards:  4.119457244873047
some episodes done, average rewards:  4.310400485992432
some episodes done, average rewards:  3.581143856048584
some episodes done, average rewards:  4.137397289276123
some episodes done, average rewards:  3.97302508354187
some episodes done, average rewards:  4.371424198150635
some episodes done, average rewards:  4.049593925476074
some episodes done, average rewards:  4.030154705047607
some episodes done, average rewards:  3.5906550884246826
some episodes done, average rewards:  4.327699661254883
some episodes done, average rewards:  3.7925007343292236
some episodes done, average rewards:  3.9030063152313232
some episodes done, average rewards:  3.8014256954193115
some episodes done, average rewards:  4.342563629150391
some episodes done, average rewards:  3.927633285522461
some episodes done, average rewards:  3.5882458686828613
some episodes done, average rewards:  4.0508575439453125
some episodes done, average rewards:  4.09765625

Algo mappo Exp check updates 2275/6103 episodes, total num timesteps 37289984/100000000, FPS 3889.

some episodes done, average rewards:  4.047628402709961
some episodes done, average rewards:  4.127511024475098
some episodes done, average rewards:  3.403536796569824
some episodes done, average rewards:  4.043951034545898
some episodes done, average rewards:  3.79638934135437
some episodes done, average rewards:  3.3050196170806885
some episodes done, average rewards:  3.9056003093719482
some episodes done, average rewards:  3.9792230129241943
some episodes done, average rewards:  3.9170262813568115
some episodes done, average rewards:  3.5680019855499268
some episodes done, average rewards:  3.6332430839538574
some episodes done, average rewards:  3.3719046115875244
some episodes done, average rewards:  3.4906070232391357
some episodes done, average rewards:  3.7500503063201904
some episodes done, average rewards:  3.783931255340576
some episodes done, average rewards:  3.803046703338623
some episodes done, average rewards:  3.903733015060425
some episodes done, average rewards:  3.5902082920074463
some episodes done, average rewards:  4.141073226928711
some episodes done, average rewards:  3.5584161281585693
some episodes done, average rewards:  4.0275044441223145
some episodes done, average rewards:  4.548027992248535
some episodes done, average rewards:  4.466402053833008
some episodes done, average rewards:  4.425525665283203
some episodes done, average rewards:  3.7607717514038086

Algo mappo Exp check updates 2300/6103 episodes, total num timesteps 37699584/100000000, FPS 3890.

some episodes done, average rewards:  4.206886291503906
some episodes done, average rewards:  4.967623233795166
some episodes done, average rewards:  3.8350062370300293
some episodes done, average rewards:  4.213812828063965
some episodes done, average rewards:  4.310136318206787
some episodes done, average rewards:  4.382021903991699
some episodes done, average rewards:  4.641892433166504
some episodes done, average rewards:  4.803819179534912
some episodes done, average rewards:  4.792334079742432
some episodes done, average rewards:  4.527438163757324
some episodes done, average rewards:  4.3623576164245605
some episodes done, average rewards:  4.3968377113342285
some episodes done, average rewards:  4.3981547355651855
some episodes done, average rewards:  4.169086456298828
some episodes done, average rewards:  4.355219841003418
some episodes done, average rewards:  4.598613739013672
some episodes done, average rewards:  3.9441990852355957
some episodes done, average rewards:  4.339544773101807
some episodes done, average rewards:  3.9626827239990234
some episodes done, average rewards:  4.297713279724121
some episodes done, average rewards:  4.1260528564453125
some episodes done, average rewards:  4.022010803222656
some episodes done, average rewards:  4.704331874847412
some episodes done, average rewards:  4.949929714202881
some episodes done, average rewards:  4.154041290283203

Algo mappo Exp check updates 2325/6103 episodes, total num timesteps 38109184/100000000, FPS 3890.

some episodes done, average rewards:  4.752223491668701
some episodes done, average rewards:  4.69064474105835
some episodes done, average rewards:  5.207311630249023
some episodes done, average rewards:  4.147456169128418
some episodes done, average rewards:  4.43427038192749
some episodes done, average rewards:  5.484235763549805
some episodes done, average rewards:  4.658143997192383
some episodes done, average rewards:  4.790039539337158
some episodes done, average rewards:  4.666646480560303
some episodes done, average rewards:  4.774314880371094
some episodes done, average rewards:  4.341193199157715
some episodes done, average rewards:  5.490468978881836
some episodes done, average rewards:  5.298932075500488
some episodes done, average rewards:  4.815268516540527
some episodes done, average rewards:  4.898953914642334
some episodes done, average rewards:  5.2035231590271
some episodes done, average rewards:  4.885181427001953
some episodes done, average rewards:  4.567653179168701
some episodes done, average rewards:  4.951385974884033
some episodes done, average rewards:  5.014554500579834
some episodes done, average rewards:  4.312800407409668
some episodes done, average rewards:  3.5533783435821533
some episodes done, average rewards:  4.627363204956055
some episodes done, average rewards:  5.136204242706299
some episodes done, average rewards:  4.667089939117432

Algo mappo Exp check updates 2350/6103 episodes, total num timesteps 38518784/100000000, FPS 3889.

some episodes done, average rewards:  4.079370975494385
some episodes done, average rewards:  4.3578667640686035
some episodes done, average rewards:  3.5219194889068604
some episodes done, average rewards:  4.513596534729004
some episodes done, average rewards:  3.9613430500030518
some episodes done, average rewards:  4.8725738525390625
some episodes done, average rewards:  5.0044474601745605
some episodes done, average rewards:  4.98556661605835
some episodes done, average rewards:  4.94196891784668
some episodes done, average rewards:  4.718566417694092
some episodes done, average rewards:  4.171500205993652
some episodes done, average rewards:  4.549344539642334
some episodes done, average rewards:  5.074667453765869
some episodes done, average rewards:  4.164848804473877
some episodes done, average rewards:  5.032536506652832
some episodes done, average rewards:  5.125357627868652
some episodes done, average rewards:  3.8857274055480957
some episodes done, average rewards:  4.6877007484436035
some episodes done, average rewards:  3.565486192703247
some episodes done, average rewards:  4.044869422912598
some episodes done, average rewards:  4.988113880157471
some episodes done, average rewards:  4.440753936767578
some episodes done, average rewards:  4.401176452636719
some episodes done, average rewards:  3.9478278160095215
some episodes done, average rewards:  3.9991533756256104

Algo mappo Exp check updates 2375/6103 episodes, total num timesteps 38928384/100000000, FPS 3889.

some episodes done, average rewards:  5.60838508605957
some episodes done, average rewards:  4.242146015167236
some episodes done, average rewards:  3.9369564056396484
some episodes done, average rewards:  4.30437707901001
some episodes done, average rewards:  4.680934429168701
some episodes done, average rewards:  4.628918647766113
some episodes done, average rewards:  5.060146331787109
some episodes done, average rewards:  3.7564809322357178
some episodes done, average rewards:  4.880514621734619
some episodes done, average rewards:  4.662806034088135
some episodes done, average rewards:  4.829500675201416
some episodes done, average rewards:  4.614285469055176
some episodes done, average rewards:  5.223974227905273
some episodes done, average rewards:  4.523070812225342
some episodes done, average rewards:  3.7515082359313965
some episodes done, average rewards:  4.706699371337891
some episodes done, average rewards:  4.855254650115967
some episodes done, average rewards:  4.961113929748535
some episodes done, average rewards:  4.617077827453613
some episodes done, average rewards:  4.545828819274902
some episodes done, average rewards:  5.512414932250977
some episodes done, average rewards:  5.3595428466796875
some episodes done, average rewards:  4.132479190826416
some episodes done, average rewards:  5.648229122161865
some episodes done, average rewards:  5.035553455352783

Algo mappo Exp check updates 2400/6103 episodes, total num timesteps 39337984/100000000, FPS 3889.

some episodes done, average rewards:  5.4424357414245605
some episodes done, average rewards:  5.001316547393799
some episodes done, average rewards:  5.069286823272705
some episodes done, average rewards:  4.405536651611328
some episodes done, average rewards:  5.654876708984375
some episodes done, average rewards:  5.71493673324585
some episodes done, average rewards:  7.065834045410156
some episodes done, average rewards:  5.25386905670166
some episodes done, average rewards:  6.147277355194092
some episodes done, average rewards:  6.354267597198486
some episodes done, average rewards:  5.458672046661377
some episodes done, average rewards:  7.44221305847168
some episodes done, average rewards:  6.474874019622803
some episodes done, average rewards:  5.086144924163818
some episodes done, average rewards:  6.0615715980529785
some episodes done, average rewards:  5.742596626281738
some episodes done, average rewards:  5.292034149169922
some episodes done, average rewards:  5.723687171936035
some episodes done, average rewards:  6.203263759613037
some episodes done, average rewards:  6.347024440765381
some episodes done, average rewards:  5.020493030548096
some episodes done, average rewards:  5.237342834472656
some episodes done, average rewards:  5.066627502441406
some episodes done, average rewards:  4.637088298797607
some episodes done, average rewards:  4.8795247077941895

Algo mappo Exp check updates 2425/6103 episodes, total num timesteps 39747584/100000000, FPS 3889.

some episodes done, average rewards:  5.634743690490723
some episodes done, average rewards:  5.0072431564331055
some episodes done, average rewards:  5.114119052886963
some episodes done, average rewards:  5.379510402679443
some episodes done, average rewards:  6.195173263549805
some episodes done, average rewards:  5.727808475494385
some episodes done, average rewards:  5.286157131195068
some episodes done, average rewards:  4.451657295227051
some episodes done, average rewards:  4.7799296379089355
some episodes done, average rewards:  4.226937770843506
some episodes done, average rewards:  4.410004138946533
some episodes done, average rewards:  4.891236305236816
some episodes done, average rewards:  3.9319660663604736
some episodes done, average rewards:  4.976904392242432
some episodes done, average rewards:  3.684113025665283
some episodes done, average rewards:  5.143436908721924
some episodes done, average rewards:  5.469932556152344
some episodes done, average rewards:  4.768310070037842
some episodes done, average rewards:  5.388921737670898
some episodes done, average rewards:  4.853970527648926
some episodes done, average rewards:  4.627111434936523
some episodes done, average rewards:  4.863264560699463
some episodes done, average rewards:  6.0212721824646
some episodes done, average rewards:  4.647876739501953
some episodes done, average rewards:  5.587737083435059

Algo mappo Exp check updates 2450/6103 episodes, total num timesteps 40157184/100000000, FPS 3888.

some episodes done, average rewards:  4.803330898284912
some episodes done, average rewards:  3.893167734146118
some episodes done, average rewards:  5.509435176849365
some episodes done, average rewards:  4.972468852996826
some episodes done, average rewards:  4.190572261810303
some episodes done, average rewards:  4.657955169677734
some episodes done, average rewards:  5.886441707611084
some episodes done, average rewards:  5.669526100158691
some episodes done, average rewards:  5.082625389099121
some episodes done, average rewards:  4.526980400085449
some episodes done, average rewards:  3.8176708221435547
some episodes done, average rewards:  4.219838619232178
some episodes done, average rewards:  4.596253395080566
some episodes done, average rewards:  4.6941938400268555
some episodes done, average rewards:  5.872090816497803
some episodes done, average rewards:  5.290837287902832
some episodes done, average rewards:  5.690062999725342
some episodes done, average rewards:  5.7234416007995605
some episodes done, average rewards:  6.114583492279053
some episodes done, average rewards:  6.067741394042969
some episodes done, average rewards:  6.477284908294678
some episodes done, average rewards:  4.076453685760498
some episodes done, average rewards:  4.99847412109375
some episodes done, average rewards:  4.473854064941406
some episodes done, average rewards:  5.503634929656982

Algo mappo Exp check updates 2475/6103 episodes, total num timesteps 40566784/100000000, FPS 3888.

some episodes done, average rewards:  4.285890102386475
some episodes done, average rewards:  4.266931533813477
some episodes done, average rewards:  5.022585868835449
some episodes done, average rewards:  4.62105655670166
some episodes done, average rewards:  5.464852333068848
some episodes done, average rewards:  4.814328670501709
some episodes done, average rewards:  4.704319953918457
some episodes done, average rewards:  4.1139302253723145
some episodes done, average rewards:  5.740106105804443
some episodes done, average rewards:  4.784182548522949
some episodes done, average rewards:  5.94998836517334
some episodes done, average rewards:  5.129626750946045
some episodes done, average rewards:  5.679061412811279
some episodes done, average rewards:  4.642623424530029
some episodes done, average rewards:  4.931467056274414
some episodes done, average rewards:  4.666716575622559
some episodes done, average rewards:  5.43530797958374
some episodes done, average rewards:  5.48856258392334
some episodes done, average rewards:  4.975800514221191
some episodes done, average rewards:  7.125638961791992
some episodes done, average rewards:  5.854535102844238
some episodes done, average rewards:  5.172421932220459
some episodes done, average rewards:  5.0883612632751465
some episodes done, average rewards:  4.77177619934082
some episodes done, average rewards:  5.673397064208984

Algo mappo Exp check updates 2500/6103 episodes, total num timesteps 40976384/100000000, FPS 3891.

some episodes done, average rewards:  5.622373104095459
some episodes done, average rewards:  5.950780868530273
some episodes done, average rewards:  5.4296183586120605
some episodes done, average rewards:  6.45585823059082
some episodes done, average rewards:  7.350795745849609
some episodes done, average rewards:  6.565876483917236
some episodes done, average rewards:  5.490119934082031
some episodes done, average rewards:  5.261175155639648
some episodes done, average rewards:  5.314361095428467
some episodes done, average rewards:  4.612504482269287
some episodes done, average rewards:  5.811410903930664
some episodes done, average rewards:  5.499423503875732
some episodes done, average rewards:  5.019185543060303
some episodes done, average rewards:  5.796458721160889
some episodes done, average rewards:  4.8283281326293945
some episodes done, average rewards:  3.5910427570343018
some episodes done, average rewards:  5.602289199829102
some episodes done, average rewards:  4.813755989074707
some episodes done, average rewards:  4.133854389190674
some episodes done, average rewards:  4.114328861236572
some episodes done, average rewards:  5.651485919952393
some episodes done, average rewards:  5.013210296630859
some episodes done, average rewards:  5.120429992675781
some episodes done, average rewards:  5.246091842651367
some episodes done, average rewards:  4.651914596557617

Algo mappo Exp check updates 2525/6103 episodes, total num timesteps 41385984/100000000, FPS 3906.

some episodes done, average rewards:  4.131748676300049
some episodes done, average rewards:  4.7525787353515625
some episodes done, average rewards:  4.5905442237854
some episodes done, average rewards:  5.0513434410095215
some episodes done, average rewards:  4.717252731323242
some episodes done, average rewards:  4.711520195007324
some episodes done, average rewards:  4.382075786590576
some episodes done, average rewards:  4.91644811630249
some episodes done, average rewards:  5.7722368240356445
some episodes done, average rewards:  7.155647277832031
some episodes done, average rewards:  5.214441776275635
some episodes done, average rewards:  4.995975017547607
some episodes done, average rewards:  4.697774410247803
some episodes done, average rewards:  5.299683570861816
some episodes done, average rewards:  6.656513214111328
some episodes done, average rewards:  5.765118598937988
some episodes done, average rewards:  6.8148512840271
some episodes done, average rewards:  6.223182201385498
some episodes done, average rewards:  5.834144592285156
some episodes done, average rewards:  5.882562637329102
some episodes done, average rewards:  5.790745735168457
some episodes done, average rewards:  4.409243583679199
some episodes done, average rewards:  5.780055522918701
some episodes done, average rewards:  5.170677185058594
some episodes done, average rewards:  5.586801052093506

Algo mappo Exp check updates 2550/6103 episodes, total num timesteps 41795584/100000000, FPS 3920.

some episodes done, average rewards:  5.309628009796143
some episodes done, average rewards:  5.4835686683654785
some episodes done, average rewards:  5.297260761260986
some episodes done, average rewards:  6.320743083953857
some episodes done, average rewards:  5.827292442321777
some episodes done, average rewards:  5.972013473510742
some episodes done, average rewards:  6.367702007293701
some episodes done, average rewards:  5.415006637573242
some episodes done, average rewards:  5.527414798736572
some episodes done, average rewards:  6.0603790283203125
some episodes done, average rewards:  4.976943492889404
some episodes done, average rewards:  5.859333515167236
some episodes done, average rewards:  6.285569190979004
some episodes done, average rewards:  5.904984951019287
some episodes done, average rewards:  6.202424049377441
some episodes done, average rewards:  6.4826765060424805
some episodes done, average rewards:  5.1312336921691895
some episodes done, average rewards:  4.376524925231934
some episodes done, average rewards:  5.371206760406494
some episodes done, average rewards:  5.391961574554443
some episodes done, average rewards:  5.728815078735352
some episodes done, average rewards:  6.652914047241211
some episodes done, average rewards:  4.987464427947998
some episodes done, average rewards:  4.589513778686523
some episodes done, average rewards:  4.646072864532471

Algo mappo Exp check updates 2575/6103 episodes, total num timesteps 42205184/100000000, FPS 3922.

some episodes done, average rewards:  4.819920063018799
some episodes done, average rewards:  4.213754653930664
some episodes done, average rewards:  6.601378917694092
some episodes done, average rewards:  5.1353654861450195
some episodes done, average rewards:  5.482434272766113
some episodes done, average rewards:  6.253807067871094
some episodes done, average rewards:  4.100915908813477
some episodes done, average rewards:  4.445652961730957
some episodes done, average rewards:  5.085559368133545
some episodes done, average rewards:  4.41947078704834
some episodes done, average rewards:  5.396999835968018
some episodes done, average rewards:  5.181723594665527
some episodes done, average rewards:  5.395171642303467
some episodes done, average rewards:  5.044562816619873
some episodes done, average rewards:  5.451866626739502
some episodes done, average rewards:  4.5096821784973145
some episodes done, average rewards:  3.8523998260498047
some episodes done, average rewards:  4.926602363586426
some episodes done, average rewards:  5.037160396575928
some episodes done, average rewards:  5.182330131530762
some episodes done, average rewards:  5.1780548095703125
some episodes done, average rewards:  5.28794002532959
some episodes done, average rewards:  5.0260419845581055
some episodes done, average rewards:  6.025328159332275
some episodes done, average rewards:  6.553186416625977

Algo mappo Exp check updates 2600/6103 episodes, total num timesteps 42614784/100000000, FPS 3922.

some episodes done, average rewards:  5.375731945037842
some episodes done, average rewards:  5.6702094078063965
some episodes done, average rewards:  4.919942378997803
some episodes done, average rewards:  4.8193559646606445
some episodes done, average rewards:  6.033756256103516
some episodes done, average rewards:  4.761050224304199
some episodes done, average rewards:  5.8336029052734375
some episodes done, average rewards:  6.837826251983643
some episodes done, average rewards:  5.138365268707275
some episodes done, average rewards:  5.6572184562683105
some episodes done, average rewards:  4.605335235595703
some episodes done, average rewards:  4.215188026428223
some episodes done, average rewards:  4.718809604644775
some episodes done, average rewards:  4.480464458465576
some episodes done, average rewards:  5.894024848937988
some episodes done, average rewards:  5.731651782989502
some episodes done, average rewards:  5.732358455657959
some episodes done, average rewards:  5.486298084259033
some episodes done, average rewards:  5.902974605560303
some episodes done, average rewards:  4.013509750366211
some episodes done, average rewards:  3.925933599472046
some episodes done, average rewards:  3.8368895053863525
some episodes done, average rewards:  3.759219169616699
some episodes done, average rewards:  3.585843563079834
some episodes done, average rewards:  3.8892362117767334

Algo mappo Exp check updates 2625/6103 episodes, total num timesteps 43024384/100000000, FPS 3921.

some episodes done, average rewards:  4.823685169219971
some episodes done, average rewards:  4.735138893127441
some episodes done, average rewards:  4.513045310974121
some episodes done, average rewards:  4.973752975463867
some episodes done, average rewards:  4.449161529541016
some episodes done, average rewards:  4.967874526977539
some episodes done, average rewards:  4.572803020477295
some episodes done, average rewards:  3.8401267528533936
some episodes done, average rewards:  4.995687961578369
some episodes done, average rewards:  4.101540565490723
some episodes done, average rewards:  4.251079559326172
some episodes done, average rewards:  4.728826522827148
some episodes done, average rewards:  3.8300204277038574
some episodes done, average rewards:  3.7528960704803467
some episodes done, average rewards:  4.117328643798828
some episodes done, average rewards:  3.998568058013916
some episodes done, average rewards:  4.603758335113525
some episodes done, average rewards:  4.1187663078308105
some episodes done, average rewards:  4.742260932922363
some episodes done, average rewards:  4.021094799041748
some episodes done, average rewards:  3.792473554611206
some episodes done, average rewards:  3.9765496253967285
some episodes done, average rewards:  3.3067054748535156
some episodes done, average rewards:  4.035369396209717
some episodes done, average rewards:  4.967916488647461

Algo mappo Exp check updates 2650/6103 episodes, total num timesteps 43433984/100000000, FPS 3920.

some episodes done, average rewards:  4.327568054199219
some episodes done, average rewards:  3.8631465435028076
some episodes done, average rewards:  4.669971466064453
some episodes done, average rewards:  4.19322395324707
some episodes done, average rewards:  4.592824935913086
some episodes done, average rewards:  4.353874683380127
some episodes done, average rewards:  4.719308853149414
some episodes done, average rewards:  3.2002668380737305
some episodes done, average rewards:  3.4186654090881348
some episodes done, average rewards:  3.930685043334961
some episodes done, average rewards:  3.706566095352173
some episodes done, average rewards:  3.954049587249756
some episodes done, average rewards:  4.187135219573975
some episodes done, average rewards:  3.809382915496826
some episodes done, average rewards:  3.8629209995269775
some episodes done, average rewards:  4.378003120422363
some episodes done, average rewards:  4.333721160888672
some episodes done, average rewards:  5.328787326812744
some episodes done, average rewards:  3.9747753143310547
some episodes done, average rewards:  5.127945423126221
some episodes done, average rewards:  4.330925464630127
some episodes done, average rewards:  4.402303695678711
some episodes done, average rewards:  4.132255554199219
some episodes done, average rewards:  4.325891971588135
some episodes done, average rewards:  4.904909133911133

Algo mappo Exp check updates 2675/6103 episodes, total num timesteps 43843584/100000000, FPS 3918.

some episodes done, average rewards:  3.630011558532715
some episodes done, average rewards:  4.073720455169678
some episodes done, average rewards:  4.227445602416992
some episodes done, average rewards:  3.759972095489502
some episodes done, average rewards:  3.644465208053589
some episodes done, average rewards:  4.609809875488281
some episodes done, average rewards:  4.665987014770508
some episodes done, average rewards:  4.256091117858887
some episodes done, average rewards:  3.797720432281494
some episodes done, average rewards:  4.118274211883545
some episodes done, average rewards:  3.683180093765259
some episodes done, average rewards:  3.5623245239257812
some episodes done, average rewards:  4.275668144226074
some episodes done, average rewards:  4.1464972496032715
some episodes done, average rewards:  4.288968563079834
some episodes done, average rewards:  3.5982441902160645
some episodes done, average rewards:  4.029693603515625
some episodes done, average rewards:  3.729008913040161
some episodes done, average rewards:  4.945851802825928
some episodes done, average rewards:  3.3614354133605957
some episodes done, average rewards:  4.230691432952881
some episodes done, average rewards:  4.448794364929199
some episodes done, average rewards:  4.607602596282959
some episodes done, average rewards:  3.4879415035247803
some episodes done, average rewards:  4.180352687835693

Algo mappo Exp check updates 2700/6103 episodes, total num timesteps 44253184/100000000, FPS 3917.

some episodes done, average rewards:  3.6876745223999023
some episodes done, average rewards:  3.8594706058502197
some episodes done, average rewards:  4.678185939788818
some episodes done, average rewards:  4.245879650115967
some episodes done, average rewards:  5.715755462646484
some episodes done, average rewards:  4.199624538421631
some episodes done, average rewards:  3.817155599594116
some episodes done, average rewards:  4.4885993003845215
some episodes done, average rewards:  5.070378303527832
some episodes done, average rewards:  4.8475117683410645
some episodes done, average rewards:  4.427132606506348
some episodes done, average rewards:  4.6271281242370605
some episodes done, average rewards:  5.271775722503662
some episodes done, average rewards:  3.513298273086548
some episodes done, average rewards:  5.256138801574707
some episodes done, average rewards:  5.642077922821045
some episodes done, average rewards:  4.967037677764893
some episodes done, average rewards:  4.551807880401611
some episodes done, average rewards:  4.639797687530518
some episodes done, average rewards:  5.361780166625977
some episodes done, average rewards:  5.025639057159424
some episodes done, average rewards:  4.869828224182129
some episodes done, average rewards:  5.150685787200928
some episodes done, average rewards:  4.753195762634277
some episodes done, average rewards:  4.147585868835449

Algo mappo Exp check updates 2725/6103 episodes, total num timesteps 44662784/100000000, FPS 3916.

some episodes done, average rewards:  4.949591636657715
some episodes done, average rewards:  3.820009469985962
some episodes done, average rewards:  4.416202545166016
some episodes done, average rewards:  4.2359113693237305
some episodes done, average rewards:  4.690282821655273
some episodes done, average rewards:  4.301759243011475
some episodes done, average rewards:  4.450063228607178
some episodes done, average rewards:  4.673212051391602
some episodes done, average rewards:  4.968266487121582
some episodes done, average rewards:  5.098601341247559
some episodes done, average rewards:  4.131750583648682
some episodes done, average rewards:  4.384538650512695
some episodes done, average rewards:  6.2836995124816895
some episodes done, average rewards:  4.88403844833374
some episodes done, average rewards:  3.8027632236480713
some episodes done, average rewards:  4.154470443725586
some episodes done, average rewards:  5.035377502441406
some episodes done, average rewards:  4.28283166885376
some episodes done, average rewards:  3.629100799560547
some episodes done, average rewards:  4.033271312713623
some episodes done, average rewards:  5.4672017097473145
some episodes done, average rewards:  5.138351917266846
some episodes done, average rewards:  6.048895835876465
some episodes done, average rewards:  4.556936740875244
some episodes done, average rewards:  4.773082733154297

Algo mappo Exp check updates 2750/6103 episodes, total num timesteps 45072384/100000000, FPS 3915.

some episodes done, average rewards:  4.9699931144714355
some episodes done, average rewards:  4.551458835601807
some episodes done, average rewards:  4.414501667022705
some episodes done, average rewards:  5.804489612579346
some episodes done, average rewards:  6.033830165863037
some episodes done, average rewards:  5.82958984375
some episodes done, average rewards:  5.182470321655273
some episodes done, average rewards:  5.092490196228027
some episodes done, average rewards:  6.071267604827881
some episodes done, average rewards:  4.728306293487549
some episodes done, average rewards:  5.918632984161377
some episodes done, average rewards:  6.343277931213379
some episodes done, average rewards:  5.318442344665527
some episodes done, average rewards:  5.2905449867248535
some episodes done, average rewards:  4.583155632019043
some episodes done, average rewards:  7.044604778289795
some episodes done, average rewards:  6.174419403076172
some episodes done, average rewards:  5.906485080718994
some episodes done, average rewards:  6.576045036315918
some episodes done, average rewards:  5.740370273590088
some episodes done, average rewards:  5.609695911407471
some episodes done, average rewards:  6.57654333114624
some episodes done, average rewards:  5.852766990661621
some episodes done, average rewards:  5.471485614776611
some episodes done, average rewards:  6.275838851928711

Algo mappo Exp check updates 2775/6103 episodes, total num timesteps 45481984/100000000, FPS 3914.

some episodes done, average rewards:  6.0010576248168945
some episodes done, average rewards:  6.136506080627441
some episodes done, average rewards:  4.274198055267334
some episodes done, average rewards:  5.840024948120117
some episodes done, average rewards:  5.76040506362915
some episodes done, average rewards:  6.316013813018799
some episodes done, average rewards:  5.668945789337158
some episodes done, average rewards:  5.949037075042725
some episodes done, average rewards:  5.747051239013672
some episodes done, average rewards:  6.56510066986084
some episodes done, average rewards:  5.839907169342041
some episodes done, average rewards:  5.7798686027526855
some episodes done, average rewards:  4.957883834838867
some episodes done, average rewards:  7.094930171966553
some episodes done, average rewards:  6.670605659484863
some episodes done, average rewards:  5.473653316497803
some episodes done, average rewards:  5.927774906158447
some episodes done, average rewards:  6.217204570770264
some episodes done, average rewards:  5.847555160522461
some episodes done, average rewards:  5.189438819885254
some episodes done, average rewards:  4.740045547485352
some episodes done, average rewards:  5.701866626739502
some episodes done, average rewards:  5.721066474914551
some episodes done, average rewards:  6.184634685516357
some episodes done, average rewards:  6.65749454498291

Algo mappo Exp check updates 2800/6103 episodes, total num timesteps 45891584/100000000, FPS 3913.

some episodes done, average rewards:  7.069577217102051
some episodes done, average rewards:  5.575984954833984
some episodes done, average rewards:  6.047931671142578
some episodes done, average rewards:  4.830400466918945
some episodes done, average rewards:  7.801885604858398
some episodes done, average rewards:  5.80579948425293
some episodes done, average rewards:  5.2908148765563965
some episodes done, average rewards:  5.26139497756958
some episodes done, average rewards:  5.089869022369385
some episodes done, average rewards:  6.492833614349365
some episodes done, average rewards:  5.063423156738281
some episodes done, average rewards:  4.8414483070373535
some episodes done, average rewards:  5.641390800476074
some episodes done, average rewards:  5.306267261505127
some episodes done, average rewards:  5.765697002410889
some episodes done, average rewards:  6.835859298706055
some episodes done, average rewards:  4.86102294921875
some episodes done, average rewards:  4.458845615386963
some episodes done, average rewards:  5.080678462982178
some episodes done, average rewards:  4.835657596588135
some episodes done, average rewards:  5.3972086906433105
some episodes done, average rewards:  4.731733322143555
some episodes done, average rewards:  4.803738117218018
some episodes done, average rewards:  4.49669885635376
some episodes done, average rewards:  5.0987958908081055

Algo mappo Exp check updates 2825/6103 episodes, total num timesteps 46301184/100000000, FPS 3912.

some episodes done, average rewards:  4.605607986450195
some episodes done, average rewards:  5.5798726081848145
some episodes done, average rewards:  5.009263515472412
some episodes done, average rewards:  5.621024131774902
some episodes done, average rewards:  4.925623416900635
some episodes done, average rewards:  5.759566783905029
some episodes done, average rewards:  5.623603820800781
some episodes done, average rewards:  4.958219051361084
some episodes done, average rewards:  5.534388065338135
some episodes done, average rewards:  5.88632345199585
some episodes done, average rewards:  5.560223579406738
some episodes done, average rewards:  6.076176643371582
some episodes done, average rewards:  5.394708633422852
some episodes done, average rewards:  5.910592555999756
some episodes done, average rewards:  5.386134624481201
some episodes done, average rewards:  4.785080909729004
some episodes done, average rewards:  6.4975481033325195
some episodes done, average rewards:  6.408744812011719
some episodes done, average rewards:  5.176962852478027
some episodes done, average rewards:  5.704983711242676
some episodes done, average rewards:  5.268227577209473
some episodes done, average rewards:  6.265173435211182
some episodes done, average rewards:  4.521261692047119
some episodes done, average rewards:  4.908156871795654
some episodes done, average rewards:  4.405045509338379

Algo mappo Exp check updates 2850/6103 episodes, total num timesteps 46710784/100000000, FPS 3912.

some episodes done, average rewards:  5.345151901245117
some episodes done, average rewards:  6.547333240509033
some episodes done, average rewards:  4.249434947967529
some episodes done, average rewards:  4.26932430267334
some episodes done, average rewards:  4.529364109039307
some episodes done, average rewards:  5.293271064758301
some episodes done, average rewards:  4.447015285491943
some episodes done, average rewards:  4.268691062927246
some episodes done, average rewards:  5.2714924812316895
some episodes done, average rewards:  4.575676441192627
some episodes done, average rewards:  5.493631839752197
some episodes done, average rewards:  5.722690105438232
some episodes done, average rewards:  4.385842800140381
some episodes done, average rewards:  4.847792148590088
some episodes done, average rewards:  4.530693054199219
some episodes done, average rewards:  4.149259090423584
some episodes done, average rewards:  3.85072922706604
some episodes done, average rewards:  4.107165813446045
some episodes done, average rewards:  4.674350261688232
some episodes done, average rewards:  5.121294021606445
some episodes done, average rewards:  4.691080093383789
some episodes done, average rewards:  4.740997314453125
some episodes done, average rewards:  5.515550136566162
some episodes done, average rewards:  3.830103874206543
some episodes done, average rewards:  4.748256683349609

Algo mappo Exp check updates 2875/6103 episodes, total num timesteps 47120384/100000000, FPS 3911.

some episodes done, average rewards:  4.784206867218018
some episodes done, average rewards:  4.657665252685547
some episodes done, average rewards:  4.696281433105469
some episodes done, average rewards:  4.480624675750732
some episodes done, average rewards:  4.355225086212158
some episodes done, average rewards:  5.470837116241455
some episodes done, average rewards:  4.423337936401367
some episodes done, average rewards:  4.7064385414123535
some episodes done, average rewards:  4.723748683929443
some episodes done, average rewards:  4.656032562255859
some episodes done, average rewards:  4.547266006469727
some episodes done, average rewards:  4.826533317565918
some episodes done, average rewards:  4.301171779632568
some episodes done, average rewards:  4.770841121673584
some episodes done, average rewards:  4.2815446853637695
some episodes done, average rewards:  3.9359240531921387
some episodes done, average rewards:  3.6106534004211426
some episodes done, average rewards:  4.961818218231201
some episodes done, average rewards:  5.115243434906006
some episodes done, average rewards:  4.784763813018799
some episodes done, average rewards:  5.15753698348999
some episodes done, average rewards:  4.383413791656494
some episodes done, average rewards:  5.148148059844971
some episodes done, average rewards:  4.941103458404541
some episodes done, average rewards:  3.8715994358062744

Algo mappo Exp check updates 2900/6103 episodes, total num timesteps 47529984/100000000, FPS 3915.

some episodes done, average rewards:  4.0865702629089355
some episodes done, average rewards:  4.17927885055542
some episodes done, average rewards:  4.911839962005615
some episodes done, average rewards:  4.518167495727539
some episodes done, average rewards:  4.58185338973999
some episodes done, average rewards:  5.370705604553223
some episodes done, average rewards:  4.945736408233643
some episodes done, average rewards:  4.471880912780762
some episodes done, average rewards:  5.186127662658691
some episodes done, average rewards:  5.170077800750732
some episodes done, average rewards:  4.714637279510498
some episodes done, average rewards:  4.1340532302856445
some episodes done, average rewards:  5.212336540222168
some episodes done, average rewards:  4.863256931304932
some episodes done, average rewards:  3.9943525791168213
some episodes done, average rewards:  4.890448093414307
some episodes done, average rewards:  3.839141368865967
some episodes done, average rewards:  5.160743236541748
some episodes done, average rewards:  4.997360706329346
some episodes done, average rewards:  5.121056079864502
some episodes done, average rewards:  5.580114364624023
some episodes done, average rewards:  5.165187358856201
some episodes done, average rewards:  5.364429473876953
some episodes done, average rewards:  4.822402000427246
some episodes done, average rewards:  5.338902473449707

Algo mappo Exp check updates 2925/6103 episodes, total num timesteps 47939584/100000000, FPS 3928.

some episodes done, average rewards:  4.645633697509766
some episodes done, average rewards:  5.455129146575928
some episodes done, average rewards:  3.990022659301758
some episodes done, average rewards:  4.406212329864502
some episodes done, average rewards:  4.281993865966797
some episodes done, average rewards:  4.718700408935547
some episodes done, average rewards:  4.808274745941162
some episodes done, average rewards:  4.781208515167236
some episodes done, average rewards:  5.0040435791015625
some episodes done, average rewards:  5.159694194793701
some episodes done, average rewards:  4.946164608001709
some episodes done, average rewards:  5.859404563903809
some episodes done, average rewards:  4.944141387939453
some episodes done, average rewards:  4.2930450439453125
some episodes done, average rewards:  4.267313003540039
some episodes done, average rewards:  3.1804986000061035
some episodes done, average rewards:  4.785115718841553
some episodes done, average rewards:  4.548572063446045
some episodes done, average rewards:  4.2773261070251465
some episodes done, average rewards:  4.611093521118164
some episodes done, average rewards:  4.533943176269531
some episodes done, average rewards:  5.267489433288574
some episodes done, average rewards:  5.142228126525879
some episodes done, average rewards:  5.055120944976807
some episodes done, average rewards:  4.1042022705078125

Algo mappo Exp check updates 2950/6103 episodes, total num timesteps 48349184/100000000, FPS 3940.

some episodes done, average rewards:  4.345499515533447
some episodes done, average rewards:  4.913657188415527
some episodes done, average rewards:  3.887169361114502
some episodes done, average rewards:  3.8500359058380127
some episodes done, average rewards:  4.147644519805908
some episodes done, average rewards:  4.514061450958252
some episodes done, average rewards:  4.047848224639893
some episodes done, average rewards:  4.118931770324707
some episodes done, average rewards:  3.383432388305664
some episodes done, average rewards:  5.361273288726807
some episodes done, average rewards:  4.767385482788086
some episodes done, average rewards:  4.385292053222656
some episodes done, average rewards:  3.8310248851776123
some episodes done, average rewards:  5.438761234283447
some episodes done, average rewards:  4.919949054718018
some episodes done, average rewards:  4.112412929534912
some episodes done, average rewards:  3.061552047729492
some episodes done, average rewards:  4.1954426765441895
some episodes done, average rewards:  4.2335124015808105
some episodes done, average rewards:  4.89602518081665
some episodes done, average rewards:  4.739128112792969
some episodes done, average rewards:  5.078778266906738
some episodes done, average rewards:  4.800538063049316
some episodes done, average rewards:  4.349000930786133
some episodes done, average rewards:  4.272161483764648

Algo mappo Exp check updates 2975/6103 episodes, total num timesteps 48758784/100000000, FPS 3941.

some episodes done, average rewards:  4.882028102874756
some episodes done, average rewards:  4.3048095703125
some episodes done, average rewards:  4.835061073303223
some episodes done, average rewards:  4.420415878295898
some episodes done, average rewards:  5.434657096862793
some episodes done, average rewards:  4.657405376434326
some episodes done, average rewards:  4.779058933258057
some episodes done, average rewards:  4.567307472229004
some episodes done, average rewards:  4.17478084564209
some episodes done, average rewards:  5.787818908691406
some episodes done, average rewards:  5.933165550231934
some episodes done, average rewards:  5.436104774475098
some episodes done, average rewards:  3.586796998977661
some episodes done, average rewards:  5.5258073806762695
some episodes done, average rewards:  4.0655598640441895
some episodes done, average rewards:  4.585483551025391
some episodes done, average rewards:  5.476800441741943
some episodes done, average rewards:  4.170392036437988
some episodes done, average rewards:  5.348087787628174
some episodes done, average rewards:  5.5096211433410645
some episodes done, average rewards:  4.108839988708496
some episodes done, average rewards:  4.646854400634766
some episodes done, average rewards:  4.320440292358398
some episodes done, average rewards:  3.922252655029297
some episodes done, average rewards:  4.892976760864258

Algo mappo Exp check updates 3000/6103 episodes, total num timesteps 49168384/100000000, FPS 3942.

some episodes done, average rewards:  4.43247127532959
some episodes done, average rewards:  4.20318603515625
some episodes done, average rewards:  5.240827560424805
some episodes done, average rewards:  4.148859024047852
some episodes done, average rewards:  4.357226848602295
some episodes done, average rewards:  4.50941276550293
some episodes done, average rewards:  6.254279136657715
some episodes done, average rewards:  5.743941307067871
some episodes done, average rewards:  6.263940334320068
some episodes done, average rewards:  6.31043815612793
some episodes done, average rewards:  4.247472286224365
some episodes done, average rewards:  6.592921257019043
some episodes done, average rewards:  5.780950546264648
some episodes done, average rewards:  6.576944351196289
some episodes done, average rewards:  5.49369478225708
some episodes done, average rewards:  5.776281356811523
some episodes done, average rewards:  4.856507301330566
some episodes done, average rewards:  4.932074546813965
some episodes done, average rewards:  7.111293315887451
some episodes done, average rewards:  5.376136302947998
some episodes done, average rewards:  6.7873969078063965
some episodes done, average rewards:  5.691008567810059
some episodes done, average rewards:  6.195052146911621
some episodes done, average rewards:  5.969534397125244
some episodes done, average rewards:  6.115602016448975

Algo mappo Exp check updates 3025/6103 episodes, total num timesteps 49577984/100000000, FPS 3942.

some episodes done, average rewards:  6.0327372550964355
some episodes done, average rewards:  6.090421676635742
some episodes done, average rewards:  5.853457927703857
some episodes done, average rewards:  5.803728103637695
some episodes done, average rewards:  5.459341526031494
some episodes done, average rewards:  5.987066268920898
some episodes done, average rewards:  7.037969589233398
some episodes done, average rewards:  6.581374168395996
some episodes done, average rewards:  6.459995746612549
some episodes done, average rewards:  6.274792194366455
some episodes done, average rewards:  6.492223739624023
some episodes done, average rewards:  4.962279319763184
some episodes done, average rewards:  4.349589824676514
some episodes done, average rewards:  5.78155517578125
some episodes done, average rewards:  3.504896402359009
some episodes done, average rewards:  5.855380058288574
some episodes done, average rewards:  4.81917142868042
some episodes done, average rewards:  4.501435279846191
some episodes done, average rewards:  4.232117652893066
some episodes done, average rewards:  4.719114303588867
some episodes done, average rewards:  5.167990207672119
some episodes done, average rewards:  4.896964073181152
some episodes done, average rewards:  6.551548957824707
some episodes done, average rewards:  5.048457145690918
some episodes done, average rewards:  6.313440322875977

Algo mappo Exp check updates 3050/6103 episodes, total num timesteps 49987584/100000000, FPS 3941.

some episodes done, average rewards:  6.4882097244262695
some episodes done, average rewards:  5.598780155181885
some episodes done, average rewards:  4.382493019104004
some episodes done, average rewards:  4.877482891082764
some episodes done, average rewards:  3.695828437805176
some episodes done, average rewards:  4.013674259185791
some episodes done, average rewards:  5.191859245300293
some episodes done, average rewards:  4.498559951782227
some episodes done, average rewards:  4.228614330291748
some episodes done, average rewards:  3.803464889526367
some episodes done, average rewards:  4.802337169647217
some episodes done, average rewards:  4.050050258636475
some episodes done, average rewards:  5.415588855743408
some episodes done, average rewards:  4.90970516204834
some episodes done, average rewards:  6.006141662597656
some episodes done, average rewards:  5.889449119567871
some episodes done, average rewards:  5.310662269592285
some episodes done, average rewards:  6.084229946136475
some episodes done, average rewards:  4.8365278244018555
some episodes done, average rewards:  4.578990936279297
some episodes done, average rewards:  5.797245502471924
some episodes done, average rewards:  6.228885650634766
some episodes done, average rewards:  5.26870059967041
some episodes done, average rewards:  5.088837146759033
some episodes done, average rewards:  5.69774866104126

Algo mappo Exp check updates 3075/6103 episodes, total num timesteps 50397184/100000000, FPS 3940.

some episodes done, average rewards:  5.452510356903076
some episodes done, average rewards:  4.952711582183838
some episodes done, average rewards:  4.659477233886719
some episodes done, average rewards:  6.496406555175781
some episodes done, average rewards:  5.016546249389648
some episodes done, average rewards:  5.139453411102295
some episodes done, average rewards:  5.6434855461120605
some episodes done, average rewards:  4.168025016784668
some episodes done, average rewards:  5.439472198486328
some episodes done, average rewards:  4.427967548370361
some episodes done, average rewards:  4.509365081787109
some episodes done, average rewards:  4.575011253356934
some episodes done, average rewards:  5.487843990325928
some episodes done, average rewards:  5.628188610076904
some episodes done, average rewards:  5.029226779937744
some episodes done, average rewards:  4.187103748321533
some episodes done, average rewards:  4.8872528076171875
some episodes done, average rewards:  3.724421739578247
some episodes done, average rewards:  5.107751369476318
some episodes done, average rewards:  5.057984352111816
some episodes done, average rewards:  4.723691463470459
some episodes done, average rewards:  4.3300628662109375
some episodes done, average rewards:  4.5048723220825195
some episodes done, average rewards:  4.575344562530518
some episodes done, average rewards:  4.042564392089844

Algo mappo Exp check updates 3100/6103 episodes, total num timesteps 50806784/100000000, FPS 3941.

some episodes done, average rewards:  5.5333075523376465
some episodes done, average rewards:  3.981890916824341
some episodes done, average rewards:  4.859808921813965
some episodes done, average rewards:  4.801220893859863
some episodes done, average rewards:  4.535036087036133
some episodes done, average rewards:  5.381867408752441
some episodes done, average rewards:  5.206642150878906
some episodes done, average rewards:  5.335967540740967
some episodes done, average rewards:  6.860446929931641
some episodes done, average rewards:  5.684545993804932
some episodes done, average rewards:  5.416500568389893
some episodes done, average rewards:  5.810652256011963
some episodes done, average rewards:  4.35732889175415
some episodes done, average rewards:  4.8888258934021
some episodes done, average rewards:  6.3396430015563965
some episodes done, average rewards:  4.762347221374512
some episodes done, average rewards:  6.269742965698242
some episodes done, average rewards:  4.621517658233643
some episodes done, average rewards:  5.819421291351318
some episodes done, average rewards:  4.777190685272217
some episodes done, average rewards:  5.235142707824707
some episodes done, average rewards:  4.203143119812012
some episodes done, average rewards:  3.4549026489257812
some episodes done, average rewards:  6.842907428741455
some episodes done, average rewards:  4.4537177085876465

Algo mappo Exp check updates 3125/6103 episodes, total num timesteps 51216384/100000000, FPS 3940.

some episodes done, average rewards:  5.214385509490967
some episodes done, average rewards:  4.170830726623535
some episodes done, average rewards:  4.914924144744873
some episodes done, average rewards:  4.745198726654053
some episodes done, average rewards:  4.5756425857543945
some episodes done, average rewards:  5.349470615386963
some episodes done, average rewards:  6.312613487243652
some episodes done, average rewards:  5.614184856414795
some episodes done, average rewards:  4.6333417892456055
some episodes done, average rewards:  4.510826587677002
some episodes done, average rewards:  5.073525428771973
some episodes done, average rewards:  6.161623954772949
some episodes done, average rewards:  5.6860575675964355
some episodes done, average rewards:  4.992639064788818
some episodes done, average rewards:  4.802434921264648
some episodes done, average rewards:  6.439280986785889
some episodes done, average rewards:  5.263510704040527
some episodes done, average rewards:  5.420323371887207
some episodes done, average rewards:  4.906215667724609
some episodes done, average rewards:  5.076922416687012
some episodes done, average rewards:  6.796901226043701
some episodes done, average rewards:  7.130216598510742
some episodes done, average rewards:  5.681382179260254
some episodes done, average rewards:  6.57088565826416
some episodes done, average rewards:  4.4027910232543945

Algo mappo Exp check updates 3150/6103 episodes, total num timesteps 51625984/100000000, FPS 3939.

some episodes done, average rewards:  5.0720319747924805
some episodes done, average rewards:  5.706465721130371
some episodes done, average rewards:  6.247381687164307
some episodes done, average rewards:  6.267429351806641
some episodes done, average rewards:  5.795622825622559
some episodes done, average rewards:  5.2548041343688965
some episodes done, average rewards:  4.512176036834717
some episodes done, average rewards:  4.862152099609375
some episodes done, average rewards:  4.72043514251709
some episodes done, average rewards:  4.317508697509766
some episodes done, average rewards:  4.3383636474609375
some episodes done, average rewards:  5.547911643981934
some episodes done, average rewards:  5.4738945960998535
some episodes done, average rewards:  4.834977626800537
some episodes done, average rewards:  5.712397575378418
some episodes done, average rewards:  5.565408706665039
some episodes done, average rewards:  5.657689571380615
some episodes done, average rewards:  6.402304649353027
some episodes done, average rewards:  7.533300876617432
some episodes done, average rewards:  4.783120632171631
some episodes done, average rewards:  4.63683557510376
some episodes done, average rewards:  6.206477165222168
some episodes done, average rewards:  5.068671226501465
some episodes done, average rewards:  4.231574535369873
some episodes done, average rewards:  6.900744915008545

Algo mappo Exp check updates 3175/6103 episodes, total num timesteps 52035584/100000000, FPS 3938.

some episodes done, average rewards:  5.343013286590576
some episodes done, average rewards:  5.568774700164795
some episodes done, average rewards:  4.58198881149292
some episodes done, average rewards:  6.0484700202941895
some episodes done, average rewards:  5.288003921508789
some episodes done, average rewards:  5.338249683380127
some episodes done, average rewards:  4.224589824676514
some episodes done, average rewards:  6.313772678375244
some episodes done, average rewards:  5.130358695983887
some episodes done, average rewards:  7.789239406585693
some episodes done, average rewards:  5.66984224319458
some episodes done, average rewards:  6.318365573883057
some episodes done, average rewards:  6.225154399871826
some episodes done, average rewards:  6.835792541503906
some episodes done, average rewards:  7.555319309234619
some episodes done, average rewards:  7.608578205108643
some episodes done, average rewards:  7.032542705535889
some episodes done, average rewards:  7.442690849304199
some episodes done, average rewards:  7.318768501281738
some episodes done, average rewards:  6.255413055419922
some episodes done, average rewards:  6.442858695983887
some episodes done, average rewards:  5.15164041519165
some episodes done, average rewards:  4.6303229331970215
some episodes done, average rewards:  6.6350178718566895
some episodes done, average rewards:  4.955063819885254

Algo mappo Exp check updates 3200/6103 episodes, total num timesteps 52445184/100000000, FPS 3937.

some episodes done, average rewards:  7.568375587463379
some episodes done, average rewards:  6.509176731109619
some episodes done, average rewards:  6.15586519241333
some episodes done, average rewards:  5.7643961906433105
some episodes done, average rewards:  6.7935004234313965
some episodes done, average rewards:  6.152002334594727
some episodes done, average rewards:  5.538207530975342
some episodes done, average rewards:  7.123532772064209
some episodes done, average rewards:  5.863570690155029
some episodes done, average rewards:  6.869431495666504
some episodes done, average rewards:  6.933404922485352
some episodes done, average rewards:  7.593188285827637
some episodes done, average rewards:  5.517268657684326
some episodes done, average rewards:  7.603932857513428
some episodes done, average rewards:  7.605353832244873
some episodes done, average rewards:  5.8491435050964355
some episodes done, average rewards:  6.73531436920166
some episodes done, average rewards:  5.595820903778076
some episodes done, average rewards:  5.2691755294799805
some episodes done, average rewards:  5.922292709350586
some episodes done, average rewards:  7.000788688659668
some episodes done, average rewards:  6.211965560913086
some episodes done, average rewards:  7.465511798858643
some episodes done, average rewards:  7.167519569396973
some episodes done, average rewards:  6.997434616088867

Algo mappo Exp check updates 3225/6103 episodes, total num timesteps 52854784/100000000, FPS 3938.

some episodes done, average rewards:  7.81559944152832
some episodes done, average rewards:  7.496424198150635
some episodes done, average rewards:  8.132112503051758
some episodes done, average rewards:  9.054327011108398
some episodes done, average rewards:  7.832154273986816
some episodes done, average rewards:  7.773566246032715
some episodes done, average rewards:  7.470957279205322
some episodes done, average rewards:  7.240351676940918
some episodes done, average rewards:  7.636765956878662
some episodes done, average rewards:  5.931739807128906
some episodes done, average rewards:  6.61976432800293
some episodes done, average rewards:  7.849006175994873
some episodes done, average rewards:  7.135299205780029
some episodes done, average rewards:  7.693877220153809
some episodes done, average rewards:  6.087732791900635
some episodes done, average rewards:  6.4713215827941895
some episodes done, average rewards:  5.639125347137451
some episodes done, average rewards:  6.546127796173096
some episodes done, average rewards:  3.9551525115966797
some episodes done, average rewards:  5.081904888153076
some episodes done, average rewards:  6.381689071655273
some episodes done, average rewards:  5.197898864746094
some episodes done, average rewards:  6.259140968322754
some episodes done, average rewards:  6.470408916473389
some episodes done, average rewards:  6.878404140472412

Algo mappo Exp check updates 3250/6103 episodes, total num timesteps 53264384/100000000, FPS 3940.

some episodes done, average rewards:  6.221012592315674
some episodes done, average rewards:  7.979464054107666
some episodes done, average rewards:  6.873093605041504
some episodes done, average rewards:  6.5293121337890625
some episodes done, average rewards:  4.9168701171875
some episodes done, average rewards:  5.99252986907959
some episodes done, average rewards:  5.167759895324707
some episodes done, average rewards:  5.927318572998047
some episodes done, average rewards:  6.661224842071533
some episodes done, average rewards:  4.336675643920898
some episodes done, average rewards:  5.319570064544678
some episodes done, average rewards:  5.078027248382568
some episodes done, average rewards:  5.153824806213379
some episodes done, average rewards:  5.894806861877441
some episodes done, average rewards:  6.205496311187744
some episodes done, average rewards:  4.30227518081665
some episodes done, average rewards:  4.030429840087891
some episodes done, average rewards:  5.381852149963379
some episodes done, average rewards:  5.193887233734131
some episodes done, average rewards:  4.520691394805908
some episodes done, average rewards:  4.376826286315918
some episodes done, average rewards:  6.007344722747803
some episodes done, average rewards:  5.534518718719482
some episodes done, average rewards:  6.166705131530762
some episodes done, average rewards:  5.5524396896362305

Algo mappo Exp check updates 3275/6103 episodes, total num timesteps 53673984/100000000, FPS 3941.

some episodes done, average rewards:  5.577892303466797
some episodes done, average rewards:  4.8422722816467285
some episodes done, average rewards:  4.6539177894592285
some episodes done, average rewards:  5.053945064544678
some episodes done, average rewards:  5.124207973480225
some episodes done, average rewards:  4.453092098236084
some episodes done, average rewards:  5.7718505859375
some episodes done, average rewards:  5.95212459564209
some episodes done, average rewards:  6.090404987335205
some episodes done, average rewards:  4.368214130401611
some episodes done, average rewards:  4.301331520080566
some episodes done, average rewards:  6.0596818923950195
some episodes done, average rewards:  4.982252597808838
some episodes done, average rewards:  5.32421875
some episodes done, average rewards:  5.353721618652344
some episodes done, average rewards:  4.570427417755127
some episodes done, average rewards:  5.293826103210449
some episodes done, average rewards:  4.140746116638184
some episodes done, average rewards:  4.257676124572754
some episodes done, average rewards:  5.714588165283203
some episodes done, average rewards:  6.165567398071289
some episodes done, average rewards:  5.945409297943115
some episodes done, average rewards:  5.1219024658203125
some episodes done, average rewards:  5.217634201049805
some episodes done, average rewards:  4.887592315673828

Algo mappo Exp check updates 3300/6103 episodes, total num timesteps 54083584/100000000, FPS 3940.

some episodes done, average rewards:  3.7580013275146484
some episodes done, average rewards:  6.150956630706787
some episodes done, average rewards:  4.296209812164307
some episodes done, average rewards:  6.431215286254883
some episodes done, average rewards:  4.975453853607178
some episodes done, average rewards:  5.24941349029541
some episodes done, average rewards:  6.479961395263672
some episodes done, average rewards:  4.689913749694824
some episodes done, average rewards:  6.100594520568848
some episodes done, average rewards:  5.316209316253662
some episodes done, average rewards:  5.1590375900268555
some episodes done, average rewards:  3.9388184547424316
some episodes done, average rewards:  5.238903045654297
some episodes done, average rewards:  4.846562385559082
some episodes done, average rewards:  6.081894874572754
some episodes done, average rewards:  5.730303764343262
some episodes done, average rewards:  5.422760486602783
some episodes done, average rewards:  4.201737880706787
some episodes done, average rewards:  4.947678565979004
some episodes done, average rewards:  5.583673477172852
some episodes done, average rewards:  5.196889400482178
some episodes done, average rewards:  5.998971939086914
some episodes done, average rewards:  4.379960060119629
some episodes done, average rewards:  5.253455638885498
some episodes done, average rewards:  4.972396373748779

Algo mappo Exp check updates 3325/6103 episodes, total num timesteps 54493184/100000000, FPS 3950.

some episodes done, average rewards:  5.255274772644043
some episodes done, average rewards:  4.885817527770996
some episodes done, average rewards:  5.094075679779053
some episodes done, average rewards:  4.837835311889648
some episodes done, average rewards:  4.30647611618042
some episodes done, average rewards:  6.973901271820068
some episodes done, average rewards:  5.306907653808594
some episodes done, average rewards:  5.565341949462891
some episodes done, average rewards:  7.633258819580078
some episodes done, average rewards:  5.253470420837402
some episodes done, average rewards:  7.000153541564941
some episodes done, average rewards:  5.351550102233887
some episodes done, average rewards:  7.138188362121582
some episodes done, average rewards:  6.691692352294922
some episodes done, average rewards:  5.4955034255981445
some episodes done, average rewards:  4.771562576293945
some episodes done, average rewards:  5.637794017791748
some episodes done, average rewards:  5.410042762756348
some episodes done, average rewards:  5.034884452819824
some episodes done, average rewards:  6.274959087371826
some episodes done, average rewards:  5.305460453033447
some episodes done, average rewards:  5.552403926849365
some episodes done, average rewards:  5.327080249786377
some episodes done, average rewards:  5.482669353485107
some episodes done, average rewards:  6.633933067321777

Algo mappo Exp check updates 3350/6103 episodes, total num timesteps 54902784/100000000, FPS 3962.

some episodes done, average rewards:  5.520605564117432
some episodes done, average rewards:  7.150032997131348
some episodes done, average rewards:  4.396359443664551
some episodes done, average rewards:  6.378711223602295
some episodes done, average rewards:  7.292314052581787
some episodes done, average rewards:  8.00489330291748
some episodes done, average rewards:  7.431572437286377
some episodes done, average rewards:  5.443910121917725
some episodes done, average rewards:  5.61474609375
some episodes done, average rewards:  6.163406848907471
some episodes done, average rewards:  3.7429676055908203
some episodes done, average rewards:  6.510378360748291
some episodes done, average rewards:  5.42241907119751
some episodes done, average rewards:  6.234230041503906
some episodes done, average rewards:  4.878784656524658
some episodes done, average rewards:  5.3916497230529785
some episodes done, average rewards:  5.246621131896973
some episodes done, average rewards:  5.9587297439575195
some episodes done, average rewards:  5.897956371307373
some episodes done, average rewards:  7.732671737670898
some episodes done, average rewards:  6.131801605224609
some episodes done, average rewards:  7.138114929199219
some episodes done, average rewards:  5.165972709655762
some episodes done, average rewards:  5.615045070648193
some episodes done, average rewards:  5.600033283233643

Algo mappo Exp check updates 3375/6103 episodes, total num timesteps 55312384/100000000, FPS 3966.

some episodes done, average rewards:  6.18770170211792
some episodes done, average rewards:  6.212759971618652
some episodes done, average rewards:  5.4208526611328125
some episodes done, average rewards:  5.499454498291016
some episodes done, average rewards:  4.669075965881348
some episodes done, average rewards:  7.692471504211426
some episodes done, average rewards:  5.70933198928833
some episodes done, average rewards:  5.1520891189575195
some episodes done, average rewards:  6.476523399353027
some episodes done, average rewards:  4.698101997375488
some episodes done, average rewards:  6.3583269119262695
some episodes done, average rewards:  5.528609752655029
some episodes done, average rewards:  6.729488372802734
some episodes done, average rewards:  7.690557479858398
some episodes done, average rewards:  7.339520454406738
some episodes done, average rewards:  5.657295227050781
some episodes done, average rewards:  7.389033317565918
some episodes done, average rewards:  7.23350191116333
some episodes done, average rewards:  7.394947052001953
some episodes done, average rewards:  6.0915303230285645
some episodes done, average rewards:  6.1050028800964355
some episodes done, average rewards:  5.744198322296143
some episodes done, average rewards:  5.55397891998291
some episodes done, average rewards:  4.837631702423096
some episodes done, average rewards:  5.349958896636963

Algo mappo Exp check updates 3400/6103 episodes, total num timesteps 55721984/100000000, FPS 3965.

some episodes done, average rewards:  5.172570705413818
some episodes done, average rewards:  5.771114349365234
some episodes done, average rewards:  5.958181858062744
some episodes done, average rewards:  5.34039831161499
some episodes done, average rewards:  5.650140285491943
some episodes done, average rewards:  4.733760833740234
some episodes done, average rewards:  6.247574329376221
some episodes done, average rewards:  4.7892889976501465
some episodes done, average rewards:  6.887970447540283
some episodes done, average rewards:  5.361817836761475
some episodes done, average rewards:  5.482255935668945
some episodes done, average rewards:  4.532882213592529
some episodes done, average rewards:  4.76127815246582
some episodes done, average rewards:  4.423977375030518
some episodes done, average rewards:  7.246296405792236
some episodes done, average rewards:  4.655885219573975
some episodes done, average rewards:  4.927692890167236
some episodes done, average rewards:  4.619062423706055
some episodes done, average rewards:  4.985768795013428
some episodes done, average rewards:  5.845473289489746
some episodes done, average rewards:  5.951328754425049
some episodes done, average rewards:  5.293287754058838
some episodes done, average rewards:  5.141676902770996
some episodes done, average rewards:  6.713140487670898
some episodes done, average rewards:  3.825345277786255

Algo mappo Exp check updates 3425/6103 episodes, total num timesteps 56131584/100000000, FPS 3965.

some episodes done, average rewards:  4.527392864227295
some episodes done, average rewards:  5.424652576446533
some episodes done, average rewards:  5.1053853034973145
some episodes done, average rewards:  5.682797908782959
some episodes done, average rewards:  5.861920356750488
some episodes done, average rewards:  6.568567752838135
some episodes done, average rewards:  5.6530890464782715
some episodes done, average rewards:  6.296241283416748
some episodes done, average rewards:  4.524648666381836
some episodes done, average rewards:  6.860133171081543
some episodes done, average rewards:  5.6597747802734375
some episodes done, average rewards:  6.825926780700684
some episodes done, average rewards:  5.682742118835449
some episodes done, average rewards:  5.680800437927246
some episodes done, average rewards:  6.936826229095459
some episodes done, average rewards:  4.4723639488220215
some episodes done, average rewards:  6.905790328979492
some episodes done, average rewards:  7.0461955070495605
some episodes done, average rewards:  6.5344085693359375
some episodes done, average rewards:  5.344179153442383
some episodes done, average rewards:  6.394595146179199
some episodes done, average rewards:  4.680182933807373
some episodes done, average rewards:  5.605281352996826
some episodes done, average rewards:  5.836201190948486
some episodes done, average rewards:  5.431102275848389

Algo mappo Exp check updates 3450/6103 episodes, total num timesteps 56541184/100000000, FPS 3964.

some episodes done, average rewards:  5.823854923248291
some episodes done, average rewards:  6.997154712677002
some episodes done, average rewards:  6.544718265533447
some episodes done, average rewards:  7.405017375946045
some episodes done, average rewards:  5.3607354164123535
some episodes done, average rewards:  6.117815017700195
some episodes done, average rewards:  5.404416561126709
some episodes done, average rewards:  6.627825736999512
some episodes done, average rewards:  5.740433216094971
some episodes done, average rewards:  5.543395519256592
some episodes done, average rewards:  4.712871074676514
some episodes done, average rewards:  5.809063911437988
some episodes done, average rewards:  4.60283899307251
some episodes done, average rewards:  6.545345783233643
some episodes done, average rewards:  6.0641865730285645
some episodes done, average rewards:  6.295222759246826
some episodes done, average rewards:  6.0191545486450195
some episodes done, average rewards:  5.673408508300781
some episodes done, average rewards:  7.750357627868652
some episodes done, average rewards:  7.85936975479126
some episodes done, average rewards:  5.561359882354736
some episodes done, average rewards:  4.958554267883301
some episodes done, average rewards:  6.320003032684326
some episodes done, average rewards:  7.32246208190918
some episodes done, average rewards:  5.404516696929932

Algo mappo Exp check updates 3475/6103 episodes, total num timesteps 56950784/100000000, FPS 3963.

some episodes done, average rewards:  7.035427570343018
some episodes done, average rewards:  6.587132930755615
some episodes done, average rewards:  6.877518653869629
some episodes done, average rewards:  6.522484302520752
some episodes done, average rewards:  5.278318881988525
some episodes done, average rewards:  6.597011566162109
some episodes done, average rewards:  6.584304332733154
some episodes done, average rewards:  8.040066719055176
some episodes done, average rewards:  6.691439628601074
some episodes done, average rewards:  6.359360694885254
some episodes done, average rewards:  6.567475318908691
some episodes done, average rewards:  5.538710594177246
some episodes done, average rewards:  6.817378044128418
some episodes done, average rewards:  5.982832908630371
some episodes done, average rewards:  5.5491790771484375
some episodes done, average rewards:  8.07585334777832
some episodes done, average rewards:  6.857130527496338
some episodes done, average rewards:  5.7795209884643555
some episodes done, average rewards:  6.188875675201416
some episodes done, average rewards:  5.422701358795166
some episodes done, average rewards:  6.125530242919922
some episodes done, average rewards:  4.851449489593506
some episodes done, average rewards:  5.194779872894287
some episodes done, average rewards:  6.291106700897217
some episodes done, average rewards:  4.9987077713012695

Algo mappo Exp check updates 3500/6103 episodes, total num timesteps 57360384/100000000, FPS 3964.

some episodes done, average rewards:  6.170145511627197
some episodes done, average rewards:  4.679311275482178
some episodes done, average rewards:  5.653501510620117
some episodes done, average rewards:  5.242243766784668
some episodes done, average rewards:  5.335010528564453
some episodes done, average rewards:  4.440770626068115
some episodes done, average rewards:  6.165654182434082
some episodes done, average rewards:  3.4386541843414307
some episodes done, average rewards:  5.094658374786377
some episodes done, average rewards:  5.229747772216797
some episodes done, average rewards:  4.452827453613281
some episodes done, average rewards:  4.23546838760376
some episodes done, average rewards:  4.868434906005859
some episodes done, average rewards:  4.467867851257324
some episodes done, average rewards:  4.122173309326172
some episodes done, average rewards:  6.062219619750977
some episodes done, average rewards:  4.886807441711426
some episodes done, average rewards:  4.763800621032715
some episodes done, average rewards:  4.653805732727051
some episodes done, average rewards:  4.63239860534668
some episodes done, average rewards:  4.7248640060424805
some episodes done, average rewards:  3.7734036445617676
some episodes done, average rewards:  4.130197048187256
some episodes done, average rewards:  4.0745954513549805
some episodes done, average rewards:  5.079644203186035

Algo mappo Exp check updates 3525/6103 episodes, total num timesteps 57769984/100000000, FPS 3963.

some episodes done, average rewards:  7.002163410186768
some episodes done, average rewards:  4.806755542755127
some episodes done, average rewards:  4.60302209854126
some episodes done, average rewards:  4.837741851806641
some episodes done, average rewards:  6.099581241607666
some episodes done, average rewards:  5.262753963470459
some episodes done, average rewards:  3.561985731124878
some episodes done, average rewards:  3.8701298236846924
some episodes done, average rewards:  4.314155101776123
some episodes done, average rewards:  4.511730670928955
some episodes done, average rewards:  5.741037845611572
some episodes done, average rewards:  4.095672130584717
some episodes done, average rewards:  5.586854457855225
some episodes done, average rewards:  4.803982257843018
some episodes done, average rewards:  4.516831398010254
some episodes done, average rewards:  4.8016180992126465
some episodes done, average rewards:  4.905834197998047
some episodes done, average rewards:  4.284674644470215
some episodes done, average rewards:  4.21073579788208
some episodes done, average rewards:  4.972358703613281
some episodes done, average rewards:  4.148070335388184
some episodes done, average rewards:  3.8918063640594482
some episodes done, average rewards:  4.525608062744141
some episodes done, average rewards:  5.93992805480957
some episodes done, average rewards:  5.541837692260742

Algo mappo Exp check updates 3550/6103 episodes, total num timesteps 58179584/100000000, FPS 3963.

some episodes done, average rewards:  3.7222800254821777
some episodes done, average rewards:  4.3959808349609375
some episodes done, average rewards:  5.707838535308838
some episodes done, average rewards:  5.139774322509766
some episodes done, average rewards:  5.450051784515381
some episodes done, average rewards:  6.091538429260254
some episodes done, average rewards:  5.386341094970703
some episodes done, average rewards:  4.967055320739746
some episodes done, average rewards:  5.6458539962768555
some episodes done, average rewards:  4.997111797332764
some episodes done, average rewards:  5.135318756103516
some episodes done, average rewards:  5.338284015655518
some episodes done, average rewards:  4.668210029602051
some episodes done, average rewards:  4.7530059814453125
some episodes done, average rewards:  5.898819923400879
some episodes done, average rewards:  5.665188312530518
some episodes done, average rewards:  4.3675150871276855
some episodes done, average rewards:  4.349555015563965
some episodes done, average rewards:  4.961402893066406
some episodes done, average rewards:  5.497907638549805
some episodes done, average rewards:  5.808985233306885
some episodes done, average rewards:  4.450616359710693
some episodes done, average rewards:  5.695231914520264
some episodes done, average rewards:  7.894836902618408
some episodes done, average rewards:  6.208071708679199

Algo mappo Exp check updates 3575/6103 episodes, total num timesteps 58589184/100000000, FPS 3962.

some episodes done, average rewards:  5.464181423187256
some episodes done, average rewards:  3.8483357429504395
some episodes done, average rewards:  4.509903907775879
some episodes done, average rewards:  4.697680473327637
some episodes done, average rewards:  5.406091690063477
some episodes done, average rewards:  4.018902778625488
some episodes done, average rewards:  5.1883134841918945
some episodes done, average rewards:  5.297615051269531
some episodes done, average rewards:  3.3666224479675293
some episodes done, average rewards:  5.031515598297119
some episodes done, average rewards:  3.7541308403015137
some episodes done, average rewards:  3.8386025428771973
some episodes done, average rewards:  3.8677239418029785
some episodes done, average rewards:  4.72817850112915
some episodes done, average rewards:  4.7071051597595215
some episodes done, average rewards:  4.856729507446289
some episodes done, average rewards:  5.111242294311523
some episodes done, average rewards:  3.9615135192871094
some episodes done, average rewards:  4.413113117218018
some episodes done, average rewards:  3.3164749145507812
some episodes done, average rewards:  5.4007391929626465
some episodes done, average rewards:  4.629355430603027
some episodes done, average rewards:  4.893761157989502
some episodes done, average rewards:  4.089083194732666
some episodes done, average rewards:  4.410912990570068

Algo mappo Exp check updates 3600/6103 episodes, total num timesteps 58998784/100000000, FPS 3962.

some episodes done, average rewards:  4.776937007904053
some episodes done, average rewards:  3.76302170753479
some episodes done, average rewards:  5.822580814361572
some episodes done, average rewards:  4.537077903747559
some episodes done, average rewards:  5.689899444580078
some episodes done, average rewards:  5.542844295501709
some episodes done, average rewards:  4.8935418128967285
some episodes done, average rewards:  4.00834846496582
some episodes done, average rewards:  3.9414806365966797
some episodes done, average rewards:  4.939911365509033
some episodes done, average rewards:  4.239071846008301
some episodes done, average rewards:  4.035089015960693
some episodes done, average rewards:  3.549994468688965
some episodes done, average rewards:  4.361876010894775
some episodes done, average rewards:  2.4491395950317383
some episodes done, average rewards:  3.9202544689178467
some episodes done, average rewards:  3.5212182998657227
some episodes done, average rewards:  3.438387870788574
some episodes done, average rewards:  4.9548211097717285
some episodes done, average rewards:  3.8169357776641846
some episodes done, average rewards:  3.402655839920044
some episodes done, average rewards:  5.169468879699707
some episodes done, average rewards:  4.4380035400390625
some episodes done, average rewards:  5.150355339050293
some episodes done, average rewards:  4.168761730194092

Algo mappo Exp check updates 3625/6103 episodes, total num timesteps 59408384/100000000, FPS 3963.

some episodes done, average rewards:  3.480581521987915
some episodes done, average rewards:  4.110188007354736
some episodes done, average rewards:  5.474000930786133
some episodes done, average rewards:  4.633493900299072
some episodes done, average rewards:  5.486133575439453
some episodes done, average rewards:  3.4083869457244873
some episodes done, average rewards:  4.395980358123779
some episodes done, average rewards:  4.415529727935791
some episodes done, average rewards:  4.8717360496521
some episodes done, average rewards:  5.013103485107422
some episodes done, average rewards:  4.406212329864502
some episodes done, average rewards:  3.1759257316589355
some episodes done, average rewards:  4.753606796264648
some episodes done, average rewards:  5.480312824249268
some episodes done, average rewards:  4.306480884552002
some episodes done, average rewards:  3.273075819015503
some episodes done, average rewards:  3.906567335128784
some episodes done, average rewards:  4.406700611114502
some episodes done, average rewards:  3.9985134601593018
some episodes done, average rewards:  4.249822616577148
some episodes done, average rewards:  4.515527248382568
some episodes done, average rewards:  3.9105021953582764
some episodes done, average rewards:  3.528993844985962
some episodes done, average rewards:  3.243441581726074
some episodes done, average rewards:  4.001998424530029

Algo mappo Exp check updates 3650/6103 episodes, total num timesteps 59817984/100000000, FPS 3962.

some episodes done, average rewards:  3.841864585876465
some episodes done, average rewards:  3.417065382003784
some episodes done, average rewards:  4.901466369628906
some episodes done, average rewards:  5.18493127822876
some episodes done, average rewards:  4.46502685546875
some episodes done, average rewards:  4.072503089904785
some episodes done, average rewards:  3.6529932022094727
some episodes done, average rewards:  3.147766351699829
some episodes done, average rewards:  4.538076400756836
some episodes done, average rewards:  3.577713966369629
some episodes done, average rewards:  4.143890857696533
some episodes done, average rewards:  2.8225505352020264
some episodes done, average rewards:  3.4782185554504395
some episodes done, average rewards:  4.727459907531738
some episodes done, average rewards:  2.8168387413024902
some episodes done, average rewards:  3.554823398590088
some episodes done, average rewards:  4.882599830627441
some episodes done, average rewards:  4.156099319458008
some episodes done, average rewards:  4.318983554840088
some episodes done, average rewards:  3.894763469696045
some episodes done, average rewards:  4.799339294433594
some episodes done, average rewards:  4.148006916046143
some episodes done, average rewards:  2.623469114303589
some episodes done, average rewards:  3.341259241104126
some episodes done, average rewards:  5.36903190612793

Algo mappo Exp check updates 3675/6103 episodes, total num timesteps 60227584/100000000, FPS 3961.

some episodes done, average rewards:  3.2092087268829346
some episodes done, average rewards:  5.1548895835876465
some episodes done, average rewards:  3.3976364135742188
some episodes done, average rewards:  4.374666213989258
some episodes done, average rewards:  4.395976543426514
some episodes done, average rewards:  3.9308128356933594
some episodes done, average rewards:  4.8766865730285645
some episodes done, average rewards:  2.702317953109741
some episodes done, average rewards:  4.681986331939697
some episodes done, average rewards:  4.22680139541626
some episodes done, average rewards:  3.931159496307373
some episodes done, average rewards:  3.0054931640625
some episodes done, average rewards:  5.2562761306762695
some episodes done, average rewards:  5.114388942718506
some episodes done, average rewards:  4.9961700439453125
some episodes done, average rewards:  5.707637310028076
some episodes done, average rewards:  5.105592250823975
some episodes done, average rewards:  2.3843934535980225
some episodes done, average rewards:  3.9858226776123047
some episodes done, average rewards:  3.613922119140625
some episodes done, average rewards:  3.5378904342651367
some episodes done, average rewards:  3.5071282386779785
some episodes done, average rewards:  2.906360387802124
some episodes done, average rewards:  4.427768230438232
some episodes done, average rewards:  4.258450984954834

Algo mappo Exp check updates 3700/6103 episodes, total num timesteps 60637184/100000000, FPS 3961.

some episodes done, average rewards:  4.612016201019287
some episodes done, average rewards:  3.1534202098846436
some episodes done, average rewards:  3.4687447547912598
some episodes done, average rewards:  4.555690765380859
some episodes done, average rewards:  4.7401018142700195
some episodes done, average rewards:  3.4767401218414307
some episodes done, average rewards:  4.685699939727783
some episodes done, average rewards:  4.674149990081787
some episodes done, average rewards:  3.91396427154541
some episodes done, average rewards:  4.081561088562012
some episodes done, average rewards:  3.680246591567993
some episodes done, average rewards:  4.2781596183776855
some episodes done, average rewards:  5.253709316253662
some episodes done, average rewards:  4.0450358390808105
some episodes done, average rewards:  3.766416549682617
some episodes done, average rewards:  4.631732940673828
some episodes done, average rewards:  4.57555627822876
some episodes done, average rewards:  4.455791473388672
some episodes done, average rewards:  5.328404426574707
some episodes done, average rewards:  4.364342212677002
some episodes done, average rewards:  3.9732062816619873
some episodes done, average rewards:  3.6507511138916016
some episodes done, average rewards:  5.396505832672119
some episodes done, average rewards:  3.6359503269195557
some episodes done, average rewards:  4.763926029205322

Algo mappo Exp check updates 3725/6103 episodes, total num timesteps 61046784/100000000, FPS 3970.

some episodes done, average rewards:  2.535449504852295
some episodes done, average rewards:  3.6911253929138184
some episodes done, average rewards:  4.133672714233398
some episodes done, average rewards:  4.523820400238037
some episodes done, average rewards:  3.9357964992523193
some episodes done, average rewards:  2.8345859050750732
some episodes done, average rewards:  4.629868030548096
some episodes done, average rewards:  4.171904563903809
some episodes done, average rewards:  4.192483901977539
some episodes done, average rewards:  3.9226579666137695
some episodes done, average rewards:  4.016167163848877
some episodes done, average rewards:  3.4217803478240967
some episodes done, average rewards:  2.250417470932007
some episodes done, average rewards:  3.8499956130981445
some episodes done, average rewards:  3.751786947250366
some episodes done, average rewards:  2.772738456726074
some episodes done, average rewards:  4.852483749389648
some episodes done, average rewards:  2.095708131790161
some episodes done, average rewards:  4.399612903594971
some episodes done, average rewards:  2.9328010082244873
some episodes done, average rewards:  3.6330835819244385
some episodes done, average rewards:  2.708425521850586
some episodes done, average rewards:  3.8983747959136963
some episodes done, average rewards:  3.007310628890991
some episodes done, average rewards:  3.6342430114746094

Algo mappo Exp check updates 3750/6103 episodes, total num timesteps 61456384/100000000, FPS 3980.

some episodes done, average rewards:  3.7103142738342285
some episodes done, average rewards:  4.840926647186279
some episodes done, average rewards:  3.2446377277374268
some episodes done, average rewards:  5.491587162017822
some episodes done, average rewards:  4.0623321533203125
some episodes done, average rewards:  2.972658395767212
some episodes done, average rewards:  3.749311685562134
some episodes done, average rewards:  4.143378734588623
some episodes done, average rewards:  3.687704563140869
some episodes done, average rewards:  3.994832992553711
some episodes done, average rewards:  4.85548210144043
some episodes done, average rewards:  4.011198043823242
some episodes done, average rewards:  3.1397552490234375
some episodes done, average rewards:  4.3581366539001465
some episodes done, average rewards:  4.8725504875183105
some episodes done, average rewards:  5.518561363220215
some episodes done, average rewards:  3.1290876865386963
some episodes done, average rewards:  3.516153573989868
some episodes done, average rewards:  2.8253984451293945
some episodes done, average rewards:  3.9482688903808594
some episodes done, average rewards:  5.225581169128418
some episodes done, average rewards:  3.602818489074707
some episodes done, average rewards:  4.286696434020996
some episodes done, average rewards:  3.4141807556152344
some episodes done, average rewards:  3.7013630867004395

Algo mappo Exp check updates 3775/6103 episodes, total num timesteps 61865984/100000000, FPS 3983.

some episodes done, average rewards:  4.623566627502441
some episodes done, average rewards:  4.913540363311768
some episodes done, average rewards:  4.815609931945801
some episodes done, average rewards:  4.371027946472168
some episodes done, average rewards:  3.3345155715942383
some episodes done, average rewards:  3.4902119636535645
some episodes done, average rewards:  4.268625736236572
some episodes done, average rewards:  3.990060329437256
some episodes done, average rewards:  3.1776394844055176
some episodes done, average rewards:  3.087799072265625
some episodes done, average rewards:  2.975250244140625
some episodes done, average rewards:  4.174476146697998
some episodes done, average rewards:  3.3633368015289307
some episodes done, average rewards:  4.807224750518799
some episodes done, average rewards:  4.795223236083984
some episodes done, average rewards:  2.833413600921631
some episodes done, average rewards:  3.6457724571228027
some episodes done, average rewards:  3.9240236282348633
some episodes done, average rewards:  3.2615153789520264
some episodes done, average rewards:  3.2831718921661377
some episodes done, average rewards:  2.3108887672424316
some episodes done, average rewards:  3.724088668823242
some episodes done, average rewards:  3.2240071296691895
some episodes done, average rewards:  4.284364223480225
some episodes done, average rewards:  3.004758834838867

Algo mappo Exp check updates 3800/6103 episodes, total num timesteps 62275584/100000000, FPS 3983.

some episodes done, average rewards:  3.8435304164886475
some episodes done, average rewards:  3.6976585388183594
some episodes done, average rewards:  3.641253709793091
some episodes done, average rewards:  4.4117536544799805
some episodes done, average rewards:  4.767544269561768
some episodes done, average rewards:  2.8114078044891357
some episodes done, average rewards:  4.120938777923584
some episodes done, average rewards:  3.383596658706665
some episodes done, average rewards:  3.9423561096191406
some episodes done, average rewards:  3.5719664096832275
some episodes done, average rewards:  3.0049679279327393
some episodes done, average rewards:  4.914908409118652
some episodes done, average rewards:  3.406867504119873
some episodes done, average rewards:  2.9678304195404053
some episodes done, average rewards:  2.3345391750335693
some episodes done, average rewards:  3.557494878768921
some episodes done, average rewards:  2.9405717849731445
some episodes done, average rewards:  2.740100860595703
some episodes done, average rewards:  3.411367416381836
some episodes done, average rewards:  3.0193023681640625
some episodes done, average rewards:  4.752676486968994
some episodes done, average rewards:  4.250205039978027
some episodes done, average rewards:  2.2218339443206787
some episodes done, average rewards:  3.7182910442352295
some episodes done, average rewards:  4.552456855773926

Algo mappo Exp check updates 3825/6103 episodes, total num timesteps 62685184/100000000, FPS 3983.

some episodes done, average rewards:  4.204483985900879
some episodes done, average rewards:  3.5110113620758057
some episodes done, average rewards:  3.057892322540283
some episodes done, average rewards:  3.684831380844116
some episodes done, average rewards:  2.449169158935547
some episodes done, average rewards:  2.937361001968384
some episodes done, average rewards:  2.7701666355133057
some episodes done, average rewards:  2.6275815963745117
some episodes done, average rewards:  3.2408483028411865
some episodes done, average rewards:  2.6302127838134766
some episodes done, average rewards:  2.6952123641967773
some episodes done, average rewards:  2.3806850910186768
some episodes done, average rewards:  3.8626203536987305
some episodes done, average rewards:  3.1628005504608154
some episodes done, average rewards:  2.18695330619812
some episodes done, average rewards:  2.088654041290283
some episodes done, average rewards:  2.8404951095581055
some episodes done, average rewards:  2.3748891353607178
some episodes done, average rewards:  3.3784384727478027
some episodes done, average rewards:  3.9012770652770996
some episodes done, average rewards:  2.0940120220184326
some episodes done, average rewards:  3.383547067642212
some episodes done, average rewards:  2.0885703563690186
some episodes done, average rewards:  2.903632402420044
some episodes done, average rewards:  2.3556933403015137

Algo mappo Exp check updates 3850/6103 episodes, total num timesteps 63094784/100000000, FPS 3984.

some episodes done, average rewards:  3.30261492729187
some episodes done, average rewards:  3.3240106105804443
some episodes done, average rewards:  3.278592586517334
some episodes done, average rewards:  4.846316337585449
some episodes done, average rewards:  3.850081205368042
some episodes done, average rewards:  2.4608500003814697
some episodes done, average rewards:  3.4012603759765625
some episodes done, average rewards:  4.087385177612305
some episodes done, average rewards:  3.6907355785369873
some episodes done, average rewards:  4.182879447937012
some episodes done, average rewards:  2.905956983566284
some episodes done, average rewards:  4.793544292449951
some episodes done, average rewards:  2.936810255050659
some episodes done, average rewards:  3.9216699600219727
some episodes done, average rewards:  3.232051134109497
some episodes done, average rewards:  3.302557945251465
some episodes done, average rewards:  2.8573060035705566
some episodes done, average rewards:  4.02764368057251
some episodes done, average rewards:  3.9936182498931885
some episodes done, average rewards:  3.0715792179107666
some episodes done, average rewards:  3.7634105682373047
some episodes done, average rewards:  4.365544319152832
some episodes done, average rewards:  3.880345106124878
some episodes done, average rewards:  3.4640605449676514
some episodes done, average rewards:  4.384598731994629

Algo mappo Exp check updates 3875/6103 episodes, total num timesteps 63504384/100000000, FPS 3983.

some episodes done, average rewards:  3.8665599822998047
some episodes done, average rewards:  4.302463531494141
some episodes done, average rewards:  3.4240880012512207
some episodes done, average rewards:  2.8667378425598145
some episodes done, average rewards:  5.247453689575195
some episodes done, average rewards:  2.250321626663208
some episodes done, average rewards:  3.534348487854004
some episodes done, average rewards:  3.79473614692688
some episodes done, average rewards:  3.545621871948242
some episodes done, average rewards:  3.4504528045654297
some episodes done, average rewards:  4.7926812171936035
some episodes done, average rewards:  2.86405873298645
some episodes done, average rewards:  3.8612053394317627
some episodes done, average rewards:  2.670689344406128
some episodes done, average rewards:  3.623112916946411
some episodes done, average rewards:  3.2063021659851074
some episodes done, average rewards:  3.4085254669189453
some episodes done, average rewards:  4.241877555847168
some episodes done, average rewards:  4.511231422424316
some episodes done, average rewards:  5.148149490356445
some episodes done, average rewards:  3.532176971435547
some episodes done, average rewards:  3.0983288288116455
some episodes done, average rewards:  4.6511030197143555
some episodes done, average rewards:  4.763009548187256
some episodes done, average rewards:  4.5256171226501465

Algo mappo Exp check updates 3900/6103 episodes, total num timesteps 63913984/100000000, FPS 3983.

some episodes done, average rewards:  3.7103612422943115
some episodes done, average rewards:  4.397645950317383
some episodes done, average rewards:  2.541252374649048
some episodes done, average rewards:  3.8138065338134766
some episodes done, average rewards:  3.155299425125122
some episodes done, average rewards:  3.9235780239105225
some episodes done, average rewards:  4.184362411499023
some episodes done, average rewards:  4.0747833251953125
some episodes done, average rewards:  4.466342449188232
some episodes done, average rewards:  3.2773258686065674
some episodes done, average rewards:  4.155190944671631
some episodes done, average rewards:  4.05612325668335
some episodes done, average rewards:  3.649074077606201
some episodes done, average rewards:  6.128523349761963
some episodes done, average rewards:  3.639636278152466
some episodes done, average rewards:  3.9157986640930176
some episodes done, average rewards:  3.9460339546203613
some episodes done, average rewards:  4.275666236877441
some episodes done, average rewards:  3.1884925365448
some episodes done, average rewards:  6.946483612060547
some episodes done, average rewards:  4.51466178894043
some episodes done, average rewards:  4.373546600341797
some episodes done, average rewards:  4.249423980712891
some episodes done, average rewards:  3.757655620574951
some episodes done, average rewards:  5.533706188201904

Algo mappo Exp check updates 3925/6103 episodes, total num timesteps 64323584/100000000, FPS 3982.

some episodes done, average rewards:  2.3995532989501953
some episodes done, average rewards:  3.186450481414795
some episodes done, average rewards:  4.456933975219727
some episodes done, average rewards:  3.6920344829559326
some episodes done, average rewards:  3.4519970417022705
some episodes done, average rewards:  3.540902853012085
some episodes done, average rewards:  4.829657077789307
some episodes done, average rewards:  4.326733112335205
some episodes done, average rewards:  4.753162384033203
some episodes done, average rewards:  4.7172956466674805
some episodes done, average rewards:  4.558312892913818
some episodes done, average rewards:  3.6886672973632812
some episodes done, average rewards:  3.1882593631744385
some episodes done, average rewards:  3.964540481567383
some episodes done, average rewards:  3.407623052597046
some episodes done, average rewards:  3.5727198123931885
some episodes done, average rewards:  3.7099170684814453
some episodes done, average rewards:  3.964503765106201
some episodes done, average rewards:  4.371919631958008
some episodes done, average rewards:  3.5034375190734863
some episodes done, average rewards:  3.840116262435913
some episodes done, average rewards:  4.355223178863525
some episodes done, average rewards:  2.8613760471343994
some episodes done, average rewards:  4.185824394226074
some episodes done, average rewards:  4.1330060958862305

Algo mappo Exp check updates 3950/6103 episodes, total num timesteps 64733184/100000000, FPS 3979.

some episodes done, average rewards:  3.7072949409484863
some episodes done, average rewards:  4.745981216430664
some episodes done, average rewards:  4.215385913848877
some episodes done, average rewards:  3.8019659519195557
some episodes done, average rewards:  4.008299350738525
some episodes done, average rewards:  3.1134564876556396
some episodes done, average rewards:  5.074337005615234
some episodes done, average rewards:  4.71865177154541
some episodes done, average rewards:  3.8197667598724365
some episodes done, average rewards:  5.069289684295654
some episodes done, average rewards:  6.018035411834717
some episodes done, average rewards:  4.713366985321045
some episodes done, average rewards:  4.282978534698486
some episodes done, average rewards:  3.952873945236206
some episodes done, average rewards:  2.7735776901245117
some episodes done, average rewards:  3.0037009716033936
some episodes done, average rewards:  4.33694314956665
some episodes done, average rewards:  4.750999927520752
some episodes done, average rewards:  3.8068861961364746
some episodes done, average rewards:  4.035078525543213
some episodes done, average rewards:  4.188159942626953
some episodes done, average rewards:  4.317107677459717
some episodes done, average rewards:  3.80678129196167
some episodes done, average rewards:  3.3067870140075684
some episodes done, average rewards:  3.897905111312866

Algo mappo Exp check updates 3975/6103 episodes, total num timesteps 65142784/100000000, FPS 3978.

some episodes done, average rewards:  2.8888678550720215
some episodes done, average rewards:  5.3647356033325195
some episodes done, average rewards:  4.694735527038574
some episodes done, average rewards:  4.724844455718994
some episodes done, average rewards:  2.9287922382354736
some episodes done, average rewards:  4.994341850280762
some episodes done, average rewards:  4.983051300048828
some episodes done, average rewards:  4.513743877410889
some episodes done, average rewards:  4.146027565002441
some episodes done, average rewards:  4.892324447631836
some episodes done, average rewards:  3.6988589763641357
some episodes done, average rewards:  3.9880101680755615
some episodes done, average rewards:  4.08735990524292
some episodes done, average rewards:  4.159572601318359
some episodes done, average rewards:  5.042179584503174
some episodes done, average rewards:  4.114211559295654
some episodes done, average rewards:  2.2961325645446777
some episodes done, average rewards:  4.375716209411621
some episodes done, average rewards:  4.855020523071289
some episodes done, average rewards:  4.7749409675598145
some episodes done, average rewards:  5.713542461395264
some episodes done, average rewards:  6.584862232208252
some episodes done, average rewards:  6.446201801300049
some episodes done, average rewards:  6.380251884460449
some episodes done, average rewards:  4.682727336883545

Algo mappo Exp check updates 4000/6103 episodes, total num timesteps 65552384/100000000, FPS 3978.

some episodes done, average rewards:  6.268135070800781
some episodes done, average rewards:  4.539763450622559
some episodes done, average rewards:  5.296419143676758
some episodes done, average rewards:  5.594123363494873
some episodes done, average rewards:  4.738132476806641
some episodes done, average rewards:  6.266834735870361
some episodes done, average rewards:  4.305039405822754
some episodes done, average rewards:  5.354349136352539
some episodes done, average rewards:  4.311704158782959
some episodes done, average rewards:  5.208971977233887
some episodes done, average rewards:  4.821028232574463
some episodes done, average rewards:  5.203252792358398
some episodes done, average rewards:  4.863132953643799
some episodes done, average rewards:  5.200326442718506
some episodes done, average rewards:  5.955580711364746
some episodes done, average rewards:  4.900679111480713
some episodes done, average rewards:  4.6846771240234375
some episodes done, average rewards:  5.614210605621338
some episodes done, average rewards:  3.875037908554077
some episodes done, average rewards:  3.5516469478607178
some episodes done, average rewards:  2.864429235458374
some episodes done, average rewards:  2.782099485397339
some episodes done, average rewards:  2.9804959297180176
some episodes done, average rewards:  1.9696502685546875
some episodes done, average rewards:  4.101560115814209

Algo mappo Exp check updates 4025/6103 episodes, total num timesteps 65961984/100000000, FPS 3978.

some episodes done, average rewards:  3.522087574005127
some episodes done, average rewards:  4.795126914978027
some episodes done, average rewards:  2.983593225479126
some episodes done, average rewards:  2.386286497116089
some episodes done, average rewards:  2.6895267963409424
some episodes done, average rewards:  4.156639575958252
some episodes done, average rewards:  3.5264906883239746
some episodes done, average rewards:  3.407132625579834
some episodes done, average rewards:  3.8208224773406982
some episodes done, average rewards:  3.9013900756835938
some episodes done, average rewards:  3.3761658668518066
some episodes done, average rewards:  2.6652750968933105
some episodes done, average rewards:  3.5646770000457764
some episodes done, average rewards:  2.3622477054595947
some episodes done, average rewards:  4.445237159729004
some episodes done, average rewards:  3.3962533473968506
some episodes done, average rewards:  2.524907112121582
some episodes done, average rewards:  3.506901502609253
some episodes done, average rewards:  3.7515265941619873
some episodes done, average rewards:  2.6491177082061768
some episodes done, average rewards:  3.2702343463897705
some episodes done, average rewards:  4.661923408508301
some episodes done, average rewards:  3.64119029045105
some episodes done, average rewards:  3.9692471027374268
some episodes done, average rewards:  4.053610801696777

Algo mappo Exp check updates 4050/6103 episodes, total num timesteps 66371584/100000000, FPS 3978.

some episodes done, average rewards:  5.263582706451416
some episodes done, average rewards:  4.912419319152832
some episodes done, average rewards:  5.327443599700928
some episodes done, average rewards:  3.341931104660034
some episodes done, average rewards:  4.077446460723877
some episodes done, average rewards:  4.316016674041748
some episodes done, average rewards:  3.6315789222717285
some episodes done, average rewards:  3.5183866024017334
some episodes done, average rewards:  3.4653656482696533
some episodes done, average rewards:  3.2308099269866943
some episodes done, average rewards:  4.0229644775390625
some episodes done, average rewards:  3.833059310913086
some episodes done, average rewards:  3.621832847595215
some episodes done, average rewards:  3.362677574157715
some episodes done, average rewards:  3.932729959487915
some episodes done, average rewards:  4.691490173339844
some episodes done, average rewards:  3.8010518550872803
some episodes done, average rewards:  4.54459810256958
some episodes done, average rewards:  3.8837993144989014
some episodes done, average rewards:  3.2040958404541016
some episodes done, average rewards:  4.237969875335693
some episodes done, average rewards:  4.524270534515381
some episodes done, average rewards:  4.068637847900391
some episodes done, average rewards:  4.315212249755859
some episodes done, average rewards:  4.235418319702148

Algo mappo Exp check updates 4075/6103 episodes, total num timesteps 66781184/100000000, FPS 3977.

some episodes done, average rewards:  5.335774898529053
some episodes done, average rewards:  2.9440619945526123
some episodes done, average rewards:  3.5551509857177734
some episodes done, average rewards:  4.007106781005859
some episodes done, average rewards:  4.13775110244751
some episodes done, average rewards:  3.889585256576538
some episodes done, average rewards:  4.083456993103027
some episodes done, average rewards:  3.65619158744812
some episodes done, average rewards:  3.6726229190826416
some episodes done, average rewards:  3.480741024017334
some episodes done, average rewards:  4.047220230102539
some episodes done, average rewards:  3.0876684188842773
some episodes done, average rewards:  4.3034515380859375
some episodes done, average rewards:  3.373175859451294
some episodes done, average rewards:  3.7841105461120605
some episodes done, average rewards:  3.4563112258911133
some episodes done, average rewards:  4.0587568283081055
some episodes done, average rewards:  3.32694673538208
some episodes done, average rewards:  4.431753635406494
some episodes done, average rewards:  2.9682836532592773
some episodes done, average rewards:  2.841022491455078
some episodes done, average rewards:  3.2491283416748047
some episodes done, average rewards:  3.6342990398406982
some episodes done, average rewards:  3.915142059326172
some episodes done, average rewards:  3.2272188663482666

Algo mappo Exp check updates 4100/6103 episodes, total num timesteps 67190784/100000000, FPS 3976.

some episodes done, average rewards:  2.3851890563964844
some episodes done, average rewards:  4.783575057983398
some episodes done, average rewards:  3.254920244216919
some episodes done, average rewards:  3.226289987564087
some episodes done, average rewards:  3.9272382259368896
some episodes done, average rewards:  4.223398685455322
some episodes done, average rewards:  3.303495168685913
some episodes done, average rewards:  3.455871820449829
some episodes done, average rewards:  4.531831741333008
some episodes done, average rewards:  3.8502249717712402
some episodes done, average rewards:  3.7497143745422363
some episodes done, average rewards:  4.463382244110107
some episodes done, average rewards:  4.338996410369873
some episodes done, average rewards:  3.7093069553375244
some episodes done, average rewards:  3.8905718326568604
some episodes done, average rewards:  3.0438740253448486
some episodes done, average rewards:  2.8372228145599365
some episodes done, average rewards:  2.9479868412017822
some episodes done, average rewards:  3.254939317703247
some episodes done, average rewards:  3.4691479206085205
some episodes done, average rewards:  4.273500442504883
some episodes done, average rewards:  4.327033996582031
some episodes done, average rewards:  3.4270365238189697
some episodes done, average rewards:  4.183464527130127
some episodes done, average rewards:  3.8380954265594482

Algo mappo Exp check updates 4125/6103 episodes, total num timesteps 67600384/100000000, FPS 3985.

some episodes done, average rewards:  4.451534271240234
some episodes done, average rewards:  5.385304927825928
some episodes done, average rewards:  4.626614570617676
some episodes done, average rewards:  4.195542812347412
some episodes done, average rewards:  4.42091703414917
some episodes done, average rewards:  3.7975401878356934
some episodes done, average rewards:  2.918043851852417
some episodes done, average rewards:  3.9212849140167236
some episodes done, average rewards:  3.377861738204956
some episodes done, average rewards:  4.37741756439209
some episodes done, average rewards:  3.8862993717193604
some episodes done, average rewards:  4.5290985107421875
some episodes done, average rewards:  4.325824737548828
some episodes done, average rewards:  3.1872036457061768
some episodes done, average rewards:  3.6336798667907715
some episodes done, average rewards:  3.299184799194336
some episodes done, average rewards:  3.7080936431884766
some episodes done, average rewards:  4.601535797119141
some episodes done, average rewards:  4.238805770874023
some episodes done, average rewards:  3.583059549331665
some episodes done, average rewards:  4.066673278808594
some episodes done, average rewards:  4.702937126159668
some episodes done, average rewards:  4.01438045501709
some episodes done, average rewards:  4.346429824829102
some episodes done, average rewards:  3.9526500701904297

Algo mappo Exp check updates 4150/6103 episodes, total num timesteps 68009984/100000000, FPS 3994.

some episodes done, average rewards:  3.9325063228607178
some episodes done, average rewards:  3.4929003715515137
some episodes done, average rewards:  3.30063533782959
some episodes done, average rewards:  3.8388936519622803
some episodes done, average rewards:  3.0707855224609375
some episodes done, average rewards:  4.2425127029418945
some episodes done, average rewards:  3.3072011470794678
some episodes done, average rewards:  3.838845729827881
some episodes done, average rewards:  2.7109286785125732
some episodes done, average rewards:  3.487215757369995
some episodes done, average rewards:  3.581850290298462
some episodes done, average rewards:  4.5959954261779785
some episodes done, average rewards:  4.7483439445495605
some episodes done, average rewards:  3.630276679992676
some episodes done, average rewards:  4.6152424812316895
some episodes done, average rewards:  4.239328384399414
some episodes done, average rewards:  3.4550368785858154
some episodes done, average rewards:  3.3160228729248047
some episodes done, average rewards:  4.255121231079102
some episodes done, average rewards:  3.262787342071533
some episodes done, average rewards:  3.8770198822021484
some episodes done, average rewards:  4.540530204772949
some episodes done, average rewards:  4.092896938323975
some episodes done, average rewards:  4.156888008117676
some episodes done, average rewards:  3.5891709327697754

Algo mappo Exp check updates 4175/6103 episodes, total num timesteps 68419584/100000000, FPS 3994.

some episodes done, average rewards:  3.677741527557373
some episodes done, average rewards:  4.091011047363281
some episodes done, average rewards:  4.688835620880127
some episodes done, average rewards:  3.744091033935547
some episodes done, average rewards:  3.8896138668060303
some episodes done, average rewards:  4.429309368133545
some episodes done, average rewards:  3.5667035579681396
some episodes done, average rewards:  3.516960620880127
some episodes done, average rewards:  4.529860496520996
some episodes done, average rewards:  3.715485095977783
some episodes done, average rewards:  4.461286544799805
some episodes done, average rewards:  3.7295339107513428
some episodes done, average rewards:  3.4499011039733887
some episodes done, average rewards:  3.2540106773376465
some episodes done, average rewards:  3.507342576980591
some episodes done, average rewards:  2.990827798843384
some episodes done, average rewards:  4.895444869995117
some episodes done, average rewards:  4.083133697509766
some episodes done, average rewards:  3.7956981658935547
some episodes done, average rewards:  5.069709300994873
some episodes done, average rewards:  3.7362945079803467
some episodes done, average rewards:  3.4040863513946533
some episodes done, average rewards:  4.000190734863281
some episodes done, average rewards:  4.183304786682129
some episodes done, average rewards:  3.6891565322875977

Algo mappo Exp check updates 4200/6103 episodes, total num timesteps 68829184/100000000, FPS 3994.

some episodes done, average rewards:  2.591597557067871
some episodes done, average rewards:  2.9051411151885986
some episodes done, average rewards:  3.6342203617095947
some episodes done, average rewards:  3.2013237476348877
some episodes done, average rewards:  4.186932563781738
some episodes done, average rewards:  3.2065114974975586
some episodes done, average rewards:  3.1810524463653564
some episodes done, average rewards:  3.1898763179779053
some episodes done, average rewards:  2.838749885559082
some episodes done, average rewards:  3.3583552837371826
some episodes done, average rewards:  3.609588146209717
some episodes done, average rewards:  3.705434560775757
some episodes done, average rewards:  3.464350938796997
some episodes done, average rewards:  4.132473468780518
some episodes done, average rewards:  3.22955060005188
some episodes done, average rewards:  3.4536471366882324
some episodes done, average rewards:  3.608429193496704
some episodes done, average rewards:  2.8146183490753174
some episodes done, average rewards:  4.381071090698242
some episodes done, average rewards:  3.164667844772339
some episodes done, average rewards:  4.05443000793457
some episodes done, average rewards:  4.558475971221924
some episodes done, average rewards:  4.166788101196289
some episodes done, average rewards:  5.124506950378418
some episodes done, average rewards:  3.7749125957489014

Algo mappo Exp check updates 4225/6103 episodes, total num timesteps 69238784/100000000, FPS 3994.

some episodes done, average rewards:  4.017171382904053
some episodes done, average rewards:  3.9040722846984863
some episodes done, average rewards:  3.9776012897491455
some episodes done, average rewards:  5.344847679138184
some episodes done, average rewards:  5.702792644500732
some episodes done, average rewards:  4.605531692504883
some episodes done, average rewards:  4.522505283355713
some episodes done, average rewards:  4.908383846282959
some episodes done, average rewards:  5.684450626373291
some episodes done, average rewards:  4.611139297485352
some episodes done, average rewards:  4.3310041427612305
some episodes done, average rewards:  5.674306869506836
some episodes done, average rewards:  4.96193265914917
some episodes done, average rewards:  3.9699130058288574
some episodes done, average rewards:  4.50752592086792
some episodes done, average rewards:  5.154984474182129
some episodes done, average rewards:  5.171555042266846
some episodes done, average rewards:  4.675710201263428
some episodes done, average rewards:  3.7611334323883057
some episodes done, average rewards:  4.334782600402832
some episodes done, average rewards:  4.11085319519043
some episodes done, average rewards:  4.710216999053955
some episodes done, average rewards:  3.7472009658813477
some episodes done, average rewards:  4.704170227050781
some episodes done, average rewards:  3.136002540588379

Algo mappo Exp check updates 4250/6103 episodes, total num timesteps 69648384/100000000, FPS 3993.

some episodes done, average rewards:  3.949345827102661
some episodes done, average rewards:  4.318660259246826
some episodes done, average rewards:  5.778021335601807
some episodes done, average rewards:  4.216793060302734
some episodes done, average rewards:  3.9637749195098877
some episodes done, average rewards:  3.2895801067352295
some episodes done, average rewards:  5.589321613311768
some episodes done, average rewards:  5.918239116668701
some episodes done, average rewards:  5.390748023986816
some episodes done, average rewards:  4.224542617797852
some episodes done, average rewards:  5.634121417999268
some episodes done, average rewards:  4.412900924682617
some episodes done, average rewards:  5.091736316680908
some episodes done, average rewards:  5.18817663192749
some episodes done, average rewards:  3.7887957096099854
some episodes done, average rewards:  3.8118746280670166
some episodes done, average rewards:  5.143688678741455
some episodes done, average rewards:  4.506112098693848
some episodes done, average rewards:  4.877798557281494
some episodes done, average rewards:  4.963703632354736
some episodes done, average rewards:  5.299856185913086
some episodes done, average rewards:  4.232338905334473
some episodes done, average rewards:  4.316585540771484
some episodes done, average rewards:  4.622506141662598
some episodes done, average rewards:  4.434016704559326

Algo mappo Exp check updates 4275/6103 episodes, total num timesteps 70057984/100000000, FPS 3993.

some episodes done, average rewards:  6.004425525665283
some episodes done, average rewards:  6.128781318664551
some episodes done, average rewards:  5.693233489990234
some episodes done, average rewards:  4.008800029754639
some episodes done, average rewards:  5.571855545043945
some episodes done, average rewards:  5.481438636779785
some episodes done, average rewards:  4.489482879638672
some episodes done, average rewards:  3.84342098236084
some episodes done, average rewards:  4.181801795959473
some episodes done, average rewards:  5.573055744171143
some episodes done, average rewards:  3.5349180698394775
some episodes done, average rewards:  5.08240270614624
some episodes done, average rewards:  4.834065914154053
some episodes done, average rewards:  5.321519374847412
some episodes done, average rewards:  4.827658176422119
some episodes done, average rewards:  4.931429386138916
some episodes done, average rewards:  4.066037654876709
some episodes done, average rewards:  5.460333824157715
some episodes done, average rewards:  5.2839226722717285
some episodes done, average rewards:  4.739521503448486
some episodes done, average rewards:  5.722126483917236
some episodes done, average rewards:  5.39776611328125
some episodes done, average rewards:  5.371589660644531
some episodes done, average rewards:  4.98399019241333
some episodes done, average rewards:  4.580999851226807

Algo mappo Exp check updates 4300/6103 episodes, total num timesteps 70467584/100000000, FPS 3991.

some episodes done, average rewards:  5.593890190124512
some episodes done, average rewards:  4.1509175300598145
some episodes done, average rewards:  5.206662654876709
some episodes done, average rewards:  5.165877342224121
some episodes done, average rewards:  4.77311372756958
some episodes done, average rewards:  5.844232082366943
some episodes done, average rewards:  5.063853740692139
some episodes done, average rewards:  4.39759635925293
some episodes done, average rewards:  4.599967002868652
some episodes done, average rewards:  4.957211494445801
some episodes done, average rewards:  5.073959827423096
some episodes done, average rewards:  4.175496578216553
some episodes done, average rewards:  4.015817165374756
some episodes done, average rewards:  5.577552318572998
some episodes done, average rewards:  5.602287769317627
some episodes done, average rewards:  6.192285060882568
some episodes done, average rewards:  4.663943290710449
some episodes done, average rewards:  6.578965187072754
some episodes done, average rewards:  5.178873538970947
some episodes done, average rewards:  7.362395286560059
some episodes done, average rewards:  6.800429821014404
some episodes done, average rewards:  4.952322959899902
some episodes done, average rewards:  4.254354000091553
some episodes done, average rewards:  4.963364601135254
some episodes done, average rewards:  5.209824562072754

Algo mappo Exp check updates 4325/6103 episodes, total num timesteps 70877184/100000000, FPS 3989.

some episodes done, average rewards:  5.569822311401367
some episodes done, average rewards:  5.455600738525391
some episodes done, average rewards:  5.28036642074585
some episodes done, average rewards:  4.502702713012695
some episodes done, average rewards:  5.362640857696533
some episodes done, average rewards:  5.635212421417236
some episodes done, average rewards:  6.207590579986572
some episodes done, average rewards:  6.445888042449951
some episodes done, average rewards:  4.905046463012695
some episodes done, average rewards:  5.271847724914551
some episodes done, average rewards:  5.233456611633301
some episodes done, average rewards:  5.246054649353027
some episodes done, average rewards:  5.2614641189575195
some episodes done, average rewards:  5.122605323791504
some episodes done, average rewards:  7.488466262817383
some episodes done, average rewards:  6.358513355255127
some episodes done, average rewards:  6.306128978729248
some episodes done, average rewards:  5.340427398681641
some episodes done, average rewards:  5.814533710479736
some episodes done, average rewards:  6.874358654022217
some episodes done, average rewards:  6.235241413116455
some episodes done, average rewards:  5.582866191864014
some episodes done, average rewards:  5.691272735595703
some episodes done, average rewards:  6.0847883224487305
some episodes done, average rewards:  5.380196571350098

Algo mappo Exp check updates 4350/6103 episodes, total num timesteps 71286784/100000000, FPS 3988.

some episodes done, average rewards:  5.247709274291992
some episodes done, average rewards:  5.35624885559082
some episodes done, average rewards:  5.014106273651123
some episodes done, average rewards:  6.140639781951904
some episodes done, average rewards:  5.023736476898193
some episodes done, average rewards:  6.398354530334473
some episodes done, average rewards:  6.126678943634033
some episodes done, average rewards:  5.6232452392578125
some episodes done, average rewards:  5.996612548828125
some episodes done, average rewards:  6.443695545196533
some episodes done, average rewards:  5.377200603485107
some episodes done, average rewards:  6.178619861602783
some episodes done, average rewards:  5.983814716339111
some episodes done, average rewards:  5.746803283691406
some episodes done, average rewards:  5.758358001708984
some episodes done, average rewards:  4.64594030380249
some episodes done, average rewards:  5.5502166748046875
some episodes done, average rewards:  5.723034858703613
some episodes done, average rewards:  6.163272380828857
some episodes done, average rewards:  4.413613319396973
some episodes done, average rewards:  6.157675743103027
some episodes done, average rewards:  5.3025407791137695
some episodes done, average rewards:  5.513652324676514
some episodes done, average rewards:  6.2556843757629395
some episodes done, average rewards:  6.667939186096191

Algo mappo Exp check updates 4375/6103 episodes, total num timesteps 71696384/100000000, FPS 3987.

some episodes done, average rewards:  5.303493022918701
some episodes done, average rewards:  6.551263332366943
some episodes done, average rewards:  5.845301628112793
some episodes done, average rewards:  5.1957831382751465
some episodes done, average rewards:  5.634069442749023
some episodes done, average rewards:  4.98173713684082
some episodes done, average rewards:  6.613544464111328
some episodes done, average rewards:  7.098963260650635
some episodes done, average rewards:  5.46837854385376
some episodes done, average rewards:  7.53609561920166
some episodes done, average rewards:  5.118388652801514
some episodes done, average rewards:  5.015861988067627
some episodes done, average rewards:  4.6791157722473145
some episodes done, average rewards:  6.40415620803833
some episodes done, average rewards:  6.391170501708984
some episodes done, average rewards:  6.1514177322387695
some episodes done, average rewards:  5.786328315734863
some episodes done, average rewards:  5.3138861656188965
some episodes done, average rewards:  5.414557933807373
some episodes done, average rewards:  7.023875713348389
some episodes done, average rewards:  5.662823677062988
some episodes done, average rewards:  4.952146530151367
some episodes done, average rewards:  5.585400104522705
some episodes done, average rewards:  6.183775424957275
some episodes done, average rewards:  5.432470798492432

Algo mappo Exp check updates 4400/6103 episodes, total num timesteps 72105984/100000000, FPS 3987.

some episodes done, average rewards:  4.880131244659424
some episodes done, average rewards:  5.22727632522583
some episodes done, average rewards:  5.428537845611572
some episodes done, average rewards:  6.06815242767334
some episodes done, average rewards:  5.398885250091553
some episodes done, average rewards:  5.310115337371826
some episodes done, average rewards:  5.130767822265625
some episodes done, average rewards:  5.785659313201904
some episodes done, average rewards:  5.443211078643799
some episodes done, average rewards:  4.481278419494629
some episodes done, average rewards:  4.861282825469971
some episodes done, average rewards:  6.596644878387451
some episodes done, average rewards:  3.9699151515960693
some episodes done, average rewards:  5.85693359375
some episodes done, average rewards:  6.605689525604248
some episodes done, average rewards:  5.874471664428711
some episodes done, average rewards:  5.57575798034668
some episodes done, average rewards:  4.927052021026611
some episodes done, average rewards:  5.260818004608154
some episodes done, average rewards:  5.624042987823486
some episodes done, average rewards:  6.344503879547119
some episodes done, average rewards:  6.983650207519531
some episodes done, average rewards:  5.695286273956299
some episodes done, average rewards:  4.509737014770508
some episodes done, average rewards:  5.98690938949585

Algo mappo Exp check updates 4425/6103 episodes, total num timesteps 72515584/100000000, FPS 3986.

some episodes done, average rewards:  5.20356559753418
some episodes done, average rewards:  7.734081268310547
some episodes done, average rewards:  5.099930763244629
some episodes done, average rewards:  5.9298224449157715
some episodes done, average rewards:  6.04437780380249
some episodes done, average rewards:  6.8233137130737305
some episodes done, average rewards:  5.0304694175720215
some episodes done, average rewards:  5.062531471252441
some episodes done, average rewards:  3.930471420288086
some episodes done, average rewards:  5.499047756195068
some episodes done, average rewards:  6.611869812011719
some episodes done, average rewards:  3.498072624206543
some episodes done, average rewards:  4.646938800811768
some episodes done, average rewards:  6.317968845367432
some episodes done, average rewards:  5.938056468963623
some episodes done, average rewards:  4.450512409210205
some episodes done, average rewards:  5.075531005859375
some episodes done, average rewards:  4.183387756347656
some episodes done, average rewards:  4.445850372314453
some episodes done, average rewards:  4.933389663696289
some episodes done, average rewards:  6.183136940002441
some episodes done, average rewards:  4.430099010467529
some episodes done, average rewards:  4.238067150115967
some episodes done, average rewards:  5.596309185028076
some episodes done, average rewards:  5.685055255889893

Algo mappo Exp check updates 4450/6103 episodes, total num timesteps 72925184/100000000, FPS 3984.

some episodes done, average rewards:  4.753322601318359
some episodes done, average rewards:  5.283290386199951
some episodes done, average rewards:  4.731682777404785
some episodes done, average rewards:  4.788754463195801
some episodes done, average rewards:  4.315857410430908
some episodes done, average rewards:  3.9979255199432373
some episodes done, average rewards:  5.452328681945801
some episodes done, average rewards:  4.4855804443359375
some episodes done, average rewards:  4.847276210784912
some episodes done, average rewards:  3.392395496368408
some episodes done, average rewards:  4.456199645996094
some episodes done, average rewards:  4.591289043426514
some episodes done, average rewards:  5.697840690612793
some episodes done, average rewards:  4.144542217254639
some episodes done, average rewards:  4.0854268074035645
some episodes done, average rewards:  4.625181198120117
some episodes done, average rewards:  4.451933860778809
some episodes done, average rewards:  3.267282485961914
some episodes done, average rewards:  3.3493473529815674
some episodes done, average rewards:  4.0817084312438965
some episodes done, average rewards:  4.138744831085205
some episodes done, average rewards:  4.290581703186035
some episodes done, average rewards:  4.077178955078125
some episodes done, average rewards:  4.233672618865967
some episodes done, average rewards:  4.815963268280029

Algo mappo Exp check updates 4475/6103 episodes, total num timesteps 73334784/100000000, FPS 3982.

some episodes done, average rewards:  4.514187812805176
some episodes done, average rewards:  5.191129684448242
some episodes done, average rewards:  4.985900402069092
some episodes done, average rewards:  4.249072074890137
some episodes done, average rewards:  4.827293395996094
some episodes done, average rewards:  5.683850288391113
some episodes done, average rewards:  4.791833877563477
some episodes done, average rewards:  4.497203350067139
some episodes done, average rewards:  4.4449782371521
some episodes done, average rewards:  3.9030399322509766
some episodes done, average rewards:  4.779238224029541
some episodes done, average rewards:  4.878127098083496
some episodes done, average rewards:  4.549010753631592
some episodes done, average rewards:  5.1378092765808105
some episodes done, average rewards:  5.274334907531738
some episodes done, average rewards:  4.745853900909424
some episodes done, average rewards:  6.120229244232178
some episodes done, average rewards:  5.364563941955566
some episodes done, average rewards:  5.871012210845947
some episodes done, average rewards:  6.750936508178711
some episodes done, average rewards:  6.261064052581787
some episodes done, average rewards:  6.935414791107178
some episodes done, average rewards:  5.439616680145264
some episodes done, average rewards:  4.251785755157471
some episodes done, average rewards:  5.930054187774658

Algo mappo Exp check updates 4500/6103 episodes, total num timesteps 73744384/100000000, FPS 3985.

some episodes done, average rewards:  5.838181972503662
some episodes done, average rewards:  6.165302276611328
some episodes done, average rewards:  5.5130109786987305
some episodes done, average rewards:  6.539954662322998
some episodes done, average rewards:  4.844808578491211
some episodes done, average rewards:  5.805612564086914
some episodes done, average rewards:  4.448111057281494
some episodes done, average rewards:  7.5801191329956055
some episodes done, average rewards:  5.69078254699707
some episodes done, average rewards:  5.942961692810059
some episodes done, average rewards:  5.608417987823486
some episodes done, average rewards:  5.3590192794799805
some episodes done, average rewards:  5.2936811447143555
some episodes done, average rewards:  4.778764247894287
some episodes done, average rewards:  4.546590805053711
some episodes done, average rewards:  5.090081214904785
some episodes done, average rewards:  4.400722026824951
some episodes done, average rewards:  4.73984956741333
some episodes done, average rewards:  5.559894561767578
some episodes done, average rewards:  5.160330295562744
some episodes done, average rewards:  6.248695373535156
some episodes done, average rewards:  4.243521213531494
some episodes done, average rewards:  5.294279098510742
some episodes done, average rewards:  4.849656105041504
some episodes done, average rewards:  5.292450904846191

Algo mappo Exp check updates 4525/6103 episodes, total num timesteps 74153984/100000000, FPS 3993.

some episodes done, average rewards:  3.9465696811676025
some episodes done, average rewards:  5.471775531768799
some episodes done, average rewards:  5.065759658813477
some episodes done, average rewards:  4.662997245788574
some episodes done, average rewards:  6.520795822143555
some episodes done, average rewards:  4.404871940612793
some episodes done, average rewards:  5.670360088348389
some episodes done, average rewards:  5.470484733581543
some episodes done, average rewards:  3.8144383430480957
some episodes done, average rewards:  4.984213352203369
some episodes done, average rewards:  4.896637916564941
some episodes done, average rewards:  4.9162468910217285
some episodes done, average rewards:  5.628841400146484
some episodes done, average rewards:  5.115372180938721
some episodes done, average rewards:  6.208708763122559
some episodes done, average rewards:  5.585020065307617
some episodes done, average rewards:  5.789062023162842
some episodes done, average rewards:  4.969222068786621
some episodes done, average rewards:  6.344594478607178
some episodes done, average rewards:  6.571804523468018
some episodes done, average rewards:  5.370243072509766
some episodes done, average rewards:  6.82218074798584
some episodes done, average rewards:  5.780624866485596
some episodes done, average rewards:  7.905461311340332
some episodes done, average rewards:  6.75265645980835

Algo mappo Exp check updates 4550/6103 episodes, total num timesteps 74563584/100000000, FPS 3997.

some episodes done, average rewards:  6.552355766296387
some episodes done, average rewards:  5.992615699768066
some episodes done, average rewards:  6.183356761932373
some episodes done, average rewards:  5.821340084075928
some episodes done, average rewards:  6.052649021148682
some episodes done, average rewards:  6.110430717468262
some episodes done, average rewards:  6.233907222747803
some episodes done, average rewards:  6.215816497802734
some episodes done, average rewards:  6.605127334594727
some episodes done, average rewards:  4.603429317474365
some episodes done, average rewards:  5.215912818908691
some episodes done, average rewards:  6.668391704559326
some episodes done, average rewards:  6.616934776306152
some episodes done, average rewards:  6.128310680389404
some episodes done, average rewards:  7.197267055511475
some episodes done, average rewards:  5.78175687789917
some episodes done, average rewards:  7.319180488586426
some episodes done, average rewards:  7.394632816314697
some episodes done, average rewards:  5.880356788635254
some episodes done, average rewards:  6.103137016296387
some episodes done, average rewards:  6.407162666320801
some episodes done, average rewards:  7.455270290374756
some episodes done, average rewards:  7.395923614501953
some episodes done, average rewards:  6.841575622558594
some episodes done, average rewards:  6.261077404022217

Algo mappo Exp check updates 4575/6103 episodes, total num timesteps 74973184/100000000, FPS 3996.

some episodes done, average rewards:  7.454127788543701
some episodes done, average rewards:  5.877846717834473
some episodes done, average rewards:  6.023332118988037
some episodes done, average rewards:  6.690493583679199
some episodes done, average rewards:  5.61996603012085
some episodes done, average rewards:  6.799428462982178
some episodes done, average rewards:  6.81599760055542
some episodes done, average rewards:  6.775648593902588
some episodes done, average rewards:  5.288576126098633
some episodes done, average rewards:  5.639962673187256
some episodes done, average rewards:  7.125855922698975
some episodes done, average rewards:  6.719313621520996
some episodes done, average rewards:  7.2859416007995605
some episodes done, average rewards:  6.192783832550049
some episodes done, average rewards:  7.285738468170166
some episodes done, average rewards:  7.089510917663574
some episodes done, average rewards:  7.594253063201904
some episodes done, average rewards:  6.2493367195129395
some episodes done, average rewards:  8.144820213317871
some episodes done, average rewards:  6.847845554351807
some episodes done, average rewards:  9.180094718933105
some episodes done, average rewards:  6.995449542999268
some episodes done, average rewards:  9.423558235168457
some episodes done, average rewards:  7.104096412658691
some episodes done, average rewards:  8.787476539611816

Algo mappo Exp check updates 4600/6103 episodes, total num timesteps 75382784/100000000, FPS 3996.

some episodes done, average rewards:  6.957970142364502
some episodes done, average rewards:  9.658953666687012
some episodes done, average rewards:  6.55248498916626
some episodes done, average rewards:  7.520164489746094
some episodes done, average rewards:  7.534356117248535
some episodes done, average rewards:  7.306955814361572
some episodes done, average rewards:  6.551144599914551
some episodes done, average rewards:  7.015940189361572
some episodes done, average rewards:  10.218379020690918
some episodes done, average rewards:  7.9100847244262695
some episodes done, average rewards:  7.253331184387207
some episodes done, average rewards:  8.425344467163086
some episodes done, average rewards:  8.689550399780273
some episodes done, average rewards:  8.412176132202148
some episodes done, average rewards:  9.717113494873047
some episodes done, average rewards:  9.604618072509766
some episodes done, average rewards:  8.839552879333496
some episodes done, average rewards:  11.335738182067871
some episodes done, average rewards:  7.845046520233154
some episodes done, average rewards:  10.024584770202637
some episodes done, average rewards:  9.210777282714844
some episodes done, average rewards:  9.037129402160645
some episodes done, average rewards:  10.235302925109863
some episodes done, average rewards:  10.739230155944824
some episodes done, average rewards:  8.326498031616211

Algo mappo Exp check updates 4625/6103 episodes, total num timesteps 75792384/100000000, FPS 3995.

some episodes done, average rewards:  9.583389282226562
some episodes done, average rewards:  8.724085807800293
some episodes done, average rewards:  8.400636672973633
some episodes done, average rewards:  10.420716285705566
some episodes done, average rewards:  10.197218894958496
some episodes done, average rewards:  9.571739196777344
some episodes done, average rewards:  12.10889720916748
some episodes done, average rewards:  10.022326469421387
some episodes done, average rewards:  11.446060180664062
some episodes done, average rewards:  11.675820350646973
some episodes done, average rewards:  8.151468276977539
some episodes done, average rewards:  12.047367095947266
some episodes done, average rewards:  11.191641807556152
some episodes done, average rewards:  11.22464370727539
some episodes done, average rewards:  10.6243896484375
some episodes done, average rewards:  9.736634254455566
some episodes done, average rewards:  11.047086715698242
some episodes done, average rewards:  10.759839057922363
some episodes done, average rewards:  7.916937351226807
some episodes done, average rewards:  11.942693710327148
some episodes done, average rewards:  10.001978874206543
some episodes done, average rewards:  10.348376274108887
some episodes done, average rewards:  10.02831745147705
some episodes done, average rewards:  10.342487335205078
some episodes done, average rewards:  9.421908378601074

Algo mappo Exp check updates 4650/6103 episodes, total num timesteps 76201984/100000000, FPS 3994.

some episodes done, average rewards:  9.723006248474121
some episodes done, average rewards:  10.942486763000488
some episodes done, average rewards:  10.629660606384277
some episodes done, average rewards:  10.507780075073242
some episodes done, average rewards:  9.335538864135742
some episodes done, average rewards:  10.29001235961914
some episodes done, average rewards:  8.766145706176758
some episodes done, average rewards:  10.972163200378418
some episodes done, average rewards:  11.126163482666016
some episodes done, average rewards:  10.787059783935547
some episodes done, average rewards:  12.445199966430664
some episodes done, average rewards:  12.949076652526855
some episodes done, average rewards:  13.195560455322266
some episodes done, average rewards:  10.272804260253906
some episodes done, average rewards:  11.059611320495605
some episodes done, average rewards:  10.937984466552734
some episodes done, average rewards:  9.063323020935059
some episodes done, average rewards:  8.905917167663574
some episodes done, average rewards:  11.912237167358398
some episodes done, average rewards:  12.515364646911621
some episodes done, average rewards:  10.031721115112305
some episodes done, average rewards:  11.51741886138916
some episodes done, average rewards:  10.163926124572754
some episodes done, average rewards:  10.570754051208496
some episodes done, average rewards:  11.496906280517578

Algo mappo Exp check updates 4675/6103 episodes, total num timesteps 76611584/100000000, FPS 3995.

some episodes done, average rewards:  10.804767608642578
some episodes done, average rewards:  12.080952644348145
some episodes done, average rewards:  10.83006763458252
some episodes done, average rewards:  10.953737258911133
some episodes done, average rewards:  10.95677661895752
some episodes done, average rewards:  12.03366470336914
some episodes done, average rewards:  8.845784187316895
some episodes done, average rewards:  10.631415367126465
some episodes done, average rewards:  12.80121898651123
some episodes done, average rewards:  10.517878532409668
some episodes done, average rewards:  11.962895393371582
some episodes done, average rewards:  9.550936698913574
some episodes done, average rewards:  10.956544876098633
some episodes done, average rewards:  10.58595085144043
some episodes done, average rewards:  9.962312698364258
some episodes done, average rewards:  8.941400527954102
some episodes done, average rewards:  10.981308937072754
some episodes done, average rewards:  9.56701946258545
some episodes done, average rewards:  9.677992820739746
some episodes done, average rewards:  7.616169452667236
some episodes done, average rewards:  9.923069953918457
some episodes done, average rewards:  8.630112648010254
some episodes done, average rewards:  11.077872276306152
some episodes done, average rewards:  9.411547660827637
some episodes done, average rewards:  8.378997802734375

Algo mappo Exp check updates 4700/6103 episodes, total num timesteps 77021184/100000000, FPS 3993.

some episodes done, average rewards:  11.4957275390625
some episodes done, average rewards:  9.314888954162598
some episodes done, average rewards:  10.426795959472656
some episodes done, average rewards:  8.953845024108887
some episodes done, average rewards:  11.05590534210205
some episodes done, average rewards:  9.545408248901367
some episodes done, average rewards:  9.46174430847168
some episodes done, average rewards:  9.460436820983887
some episodes done, average rewards:  11.856834411621094
some episodes done, average rewards:  9.019502639770508
some episodes done, average rewards:  11.606740951538086
some episodes done, average rewards:  11.884772300720215
some episodes done, average rewards:  11.35216999053955
some episodes done, average rewards:  12.220258712768555
some episodes done, average rewards:  12.351160049438477
some episodes done, average rewards:  11.184611320495605
some episodes done, average rewards:  10.793327331542969
some episodes done, average rewards:  10.422440528869629
some episodes done, average rewards:  11.315903663635254
some episodes done, average rewards:  12.399380683898926
some episodes done, average rewards:  12.668292999267578
some episodes done, average rewards:  12.045210838317871
some episodes done, average rewards:  12.865558624267578
some episodes done, average rewards:  13.911687850952148
some episodes done, average rewards:  13.461323738098145

Algo mappo Exp check updates 4725/6103 episodes, total num timesteps 77430784/100000000, FPS 3993.

some episodes done, average rewards:  12.967000007629395
some episodes done, average rewards:  13.733006477355957
some episodes done, average rewards:  13.45784854888916
some episodes done, average rewards:  12.622075080871582
some episodes done, average rewards:  13.055753707885742
some episodes done, average rewards:  12.14037799835205
some episodes done, average rewards:  12.27143669128418
some episodes done, average rewards:  11.483168601989746
some episodes done, average rewards:  11.65343189239502
some episodes done, average rewards:  14.613338470458984
some episodes done, average rewards:  12.417978286743164
some episodes done, average rewards:  13.44275188446045
some episodes done, average rewards:  12.829153060913086
some episodes done, average rewards:  13.369976997375488
some episodes done, average rewards:  12.213972091674805
some episodes done, average rewards:  12.081645965576172
some episodes done, average rewards:  14.074928283691406
some episodes done, average rewards:  12.240547180175781
some episodes done, average rewards:  10.858397483825684
some episodes done, average rewards:  12.45200252532959
some episodes done, average rewards:  10.704537391662598
some episodes done, average rewards:  12.316874504089355
some episodes done, average rewards:  11.708165168762207
some episodes done, average rewards:  12.544929504394531
some episodes done, average rewards:  12.166024208068848

Algo mappo Exp check updates 4750/6103 episodes, total num timesteps 77840384/100000000, FPS 3992.

some episodes done, average rewards:  12.535148620605469
some episodes done, average rewards:  11.105093002319336
some episodes done, average rewards:  8.963854789733887
some episodes done, average rewards:  13.486640930175781
some episodes done, average rewards:  13.905011177062988
some episodes done, average rewards:  13.845720291137695
some episodes done, average rewards:  12.391018867492676
some episodes done, average rewards:  10.36980152130127
some episodes done, average rewards:  11.801095962524414
some episodes done, average rewards:  12.58246898651123
some episodes done, average rewards:  9.877778053283691
some episodes done, average rewards:  11.325611114501953
some episodes done, average rewards:  10.222010612487793
some episodes done, average rewards:  11.016674041748047
some episodes done, average rewards:  10.389616966247559
some episodes done, average rewards:  11.227103233337402
some episodes done, average rewards:  9.288594245910645
some episodes done, average rewards:  10.376798629760742
some episodes done, average rewards:  9.952448844909668
some episodes done, average rewards:  9.09478759765625
some episodes done, average rewards:  10.226740837097168
some episodes done, average rewards:  11.280645370483398
some episodes done, average rewards:  9.968877792358398
some episodes done, average rewards:  10.601019859313965
some episodes done, average rewards:  10.929793357849121

Algo mappo Exp check updates 4775/6103 episodes, total num timesteps 78249984/100000000, FPS 3991.

some episodes done, average rewards:  12.050671577453613
some episodes done, average rewards:  10.261962890625
some episodes done, average rewards:  9.839910507202148
some episodes done, average rewards:  9.993083953857422
some episodes done, average rewards:  8.545963287353516
some episodes done, average rewards:  10.304045677185059
some episodes done, average rewards:  10.678869247436523
some episodes done, average rewards:  10.626387596130371
some episodes done, average rewards:  10.763700485229492
some episodes done, average rewards:  10.917485237121582
some episodes done, average rewards:  12.664261817932129
some episodes done, average rewards:  9.168831825256348
some episodes done, average rewards:  11.041216850280762
some episodes done, average rewards:  11.111000061035156
some episodes done, average rewards:  12.103589057922363
some episodes done, average rewards:  11.099373817443848
some episodes done, average rewards:  9.958827018737793
some episodes done, average rewards:  11.653371810913086
some episodes done, average rewards:  9.538684844970703
some episodes done, average rewards:  10.87709903717041
some episodes done, average rewards:  12.604155540466309
some episodes done, average rewards:  12.871016502380371
some episodes done, average rewards:  9.63475227355957
some episodes done, average rewards:  13.170907974243164
some episodes done, average rewards:  10.980834007263184

Algo mappo Exp check updates 4800/6103 episodes, total num timesteps 78659584/100000000, FPS 3990.

some episodes done, average rewards:  10.934791564941406
some episodes done, average rewards:  11.466338157653809
some episodes done, average rewards:  12.7542085647583
some episodes done, average rewards:  11.936309814453125
some episodes done, average rewards:  11.190351486206055
some episodes done, average rewards:  11.239396095275879
some episodes done, average rewards:  9.751667022705078
some episodes done, average rewards:  10.31625747680664
some episodes done, average rewards:  11.761092185974121
some episodes done, average rewards:  11.507803916931152
some episodes done, average rewards:  11.996664047241211
some episodes done, average rewards:  11.656697273254395
some episodes done, average rewards:  10.822861671447754
some episodes done, average rewards:  11.956531524658203
some episodes done, average rewards:  10.830801010131836
some episodes done, average rewards:  9.159629821777344
some episodes done, average rewards:  12.665387153625488
some episodes done, average rewards:  9.875384330749512
some episodes done, average rewards:  13.4381742477417
some episodes done, average rewards:  11.507628440856934
some episodes done, average rewards:  11.276753425598145
some episodes done, average rewards:  13.083047866821289
some episodes done, average rewards:  13.852322578430176
some episodes done, average rewards:  12.616156578063965
some episodes done, average rewards:  9.969488143920898

Algo mappo Exp check updates 4825/6103 episodes, total num timesteps 79069184/100000000, FPS 3990.

some episodes done, average rewards:  14.102103233337402
some episodes done, average rewards:  12.561671257019043
some episodes done, average rewards:  7.9508771896362305
some episodes done, average rewards:  11.376648902893066
some episodes done, average rewards:  11.673613548278809
some episodes done, average rewards:  9.857988357543945
some episodes done, average rewards:  10.288528442382812
some episodes done, average rewards:  11.227458000183105
some episodes done, average rewards:  9.979798316955566
some episodes done, average rewards:  12.004049301147461
some episodes done, average rewards:  13.189452171325684
some episodes done, average rewards:  12.994745254516602
some episodes done, average rewards:  13.701401710510254
some episodes done, average rewards:  10.27502155303955
some episodes done, average rewards:  11.85195255279541
some episodes done, average rewards:  12.167228698730469
some episodes done, average rewards:  11.429705619812012
some episodes done, average rewards:  12.164226531982422
some episodes done, average rewards:  11.354734420776367
some episodes done, average rewards:  10.700671195983887
some episodes done, average rewards:  11.383232116699219
some episodes done, average rewards:  13.034656524658203
some episodes done, average rewards:  14.36923599243164
some episodes done, average rewards:  13.578246116638184
some episodes done, average rewards:  12.395608901977539

Algo mappo Exp check updates 4850/6103 episodes, total num timesteps 79478784/100000000, FPS 3989.

some episodes done, average rewards:  9.643245697021484
some episodes done, average rewards:  12.782148361206055
some episodes done, average rewards:  14.6790132522583
some episodes done, average rewards:  12.855441093444824
some episodes done, average rewards:  13.29467487335205
some episodes done, average rewards:  11.920147895812988
some episodes done, average rewards:  10.755656242370605
some episodes done, average rewards:  11.054630279541016
some episodes done, average rewards:  13.381070137023926
some episodes done, average rewards:  14.273133277893066
some episodes done, average rewards:  14.200804710388184
some episodes done, average rewards:  14.806093215942383
some episodes done, average rewards:  13.714118003845215
some episodes done, average rewards:  13.442023277282715
some episodes done, average rewards:  11.213226318359375
some episodes done, average rewards:  12.086398124694824
some episodes done, average rewards:  15.20972728729248
some episodes done, average rewards:  13.119095802307129
some episodes done, average rewards:  12.580039024353027
some episodes done, average rewards:  13.250259399414062
some episodes done, average rewards:  13.724553108215332
some episodes done, average rewards:  15.858595848083496
some episodes done, average rewards:  12.189359664916992
some episodes done, average rewards:  13.88154125213623
some episodes done, average rewards:  14.219231605529785

Algo mappo Exp check updates 4875/6103 episodes, total num timesteps 79888384/100000000, FPS 3988.

some episodes done, average rewards:  13.206446647644043
some episodes done, average rewards:  11.28640079498291
some episodes done, average rewards:  13.191123008728027
some episodes done, average rewards:  14.239666938781738
some episodes done, average rewards:  15.378385543823242
some episodes done, average rewards:  12.665534019470215
some episodes done, average rewards:  13.896190643310547
some episodes done, average rewards:  15.467745780944824
some episodes done, average rewards:  15.985868453979492
some episodes done, average rewards:  15.210650444030762
some episodes done, average rewards:  13.816790580749512
some episodes done, average rewards:  12.002485275268555
some episodes done, average rewards:  11.878030776977539
some episodes done, average rewards:  14.057402610778809
some episodes done, average rewards:  13.777256965637207
some episodes done, average rewards:  12.888396263122559
some episodes done, average rewards:  11.702192306518555
some episodes done, average rewards:  12.702146530151367
some episodes done, average rewards:  15.016214370727539
some episodes done, average rewards:  13.023184776306152
some episodes done, average rewards:  13.921911239624023
some episodes done, average rewards:  12.142537117004395
some episodes done, average rewards:  13.465320587158203
some episodes done, average rewards:  16.793832778930664
some episodes done, average rewards:  14.136370658874512

Algo mappo Exp check updates 4900/6103 episodes, total num timesteps 80297984/100000000, FPS 3993.

some episodes done, average rewards:  14.369873046875
some episodes done, average rewards:  12.589750289916992
some episodes done, average rewards:  14.277615547180176
some episodes done, average rewards:  14.822094917297363
some episodes done, average rewards:  14.231903076171875
some episodes done, average rewards:  14.104260444641113
some episodes done, average rewards:  13.439319610595703
some episodes done, average rewards:  14.07115364074707
some episodes done, average rewards:  14.199455261230469
some episodes done, average rewards:  14.331976890563965
some episodes done, average rewards:  17.165311813354492
some episodes done, average rewards:  15.957984924316406
some episodes done, average rewards:  15.148612022399902
some episodes done, average rewards:  13.688033103942871
some episodes done, average rewards:  14.330248832702637
some episodes done, average rewards:  13.989519119262695
some episodes done, average rewards:  13.68163776397705
some episodes done, average rewards:  12.960349082946777
some episodes done, average rewards:  14.310376167297363
some episodes done, average rewards:  15.847768783569336
some episodes done, average rewards:  13.819341659545898
some episodes done, average rewards:  12.673544883728027
some episodes done, average rewards:  17.007896423339844
some episodes done, average rewards:  14.69495677947998
some episodes done, average rewards:  16.56710433959961

Algo mappo Exp check updates 4925/6103 episodes, total num timesteps 80707584/100000000, FPS 4001.

some episodes done, average rewards:  13.562933921813965
some episodes done, average rewards:  15.141243934631348
some episodes done, average rewards:  12.425354957580566
some episodes done, average rewards:  14.059975624084473
some episodes done, average rewards:  16.138347625732422
some episodes done, average rewards:  15.75031852722168
some episodes done, average rewards:  15.788707733154297
some episodes done, average rewards:  13.156847953796387
some episodes done, average rewards:  14.884839057922363
some episodes done, average rewards:  13.902276992797852
some episodes done, average rewards:  14.333779335021973
some episodes done, average rewards:  16.548952102661133
some episodes done, average rewards:  15.88293170928955
some episodes done, average rewards:  10.861814498901367
some episodes done, average rewards:  14.225226402282715
some episodes done, average rewards:  14.838509559631348
some episodes done, average rewards:  15.357311248779297
some episodes done, average rewards:  14.972163200378418
some episodes done, average rewards:  16.06007957458496
some episodes done, average rewards:  14.12083625793457
some episodes done, average rewards:  16.507509231567383
some episodes done, average rewards:  14.38620376586914
some episodes done, average rewards:  15.09052848815918
some episodes done, average rewards:  14.554474830627441
some episodes done, average rewards:  15.63916015625

Algo mappo Exp check updates 4950/6103 episodes, total num timesteps 81117184/100000000, FPS 4007.

some episodes done, average rewards:  13.739067077636719
some episodes done, average rewards:  16.708749771118164
some episodes done, average rewards:  14.378684997558594
some episodes done, average rewards:  14.944148063659668
some episodes done, average rewards:  16.40468978881836
some episodes done, average rewards:  12.580652236938477
some episodes done, average rewards:  12.288196563720703
some episodes done, average rewards:  12.385191917419434
some episodes done, average rewards:  15.712028503417969
some episodes done, average rewards:  14.883199691772461
some episodes done, average rewards:  13.503880500793457
some episodes done, average rewards:  13.781503677368164
some episodes done, average rewards:  14.57470989227295
some episodes done, average rewards:  13.910820960998535
some episodes done, average rewards:  14.407599449157715
some episodes done, average rewards:  15.205864906311035
some episodes done, average rewards:  14.003730773925781
some episodes done, average rewards:  15.994280815124512
some episodes done, average rewards:  13.642278671264648
some episodes done, average rewards:  14.842377662658691
some episodes done, average rewards:  13.473102569580078
some episodes done, average rewards:  14.473814010620117
some episodes done, average rewards:  16.042274475097656
some episodes done, average rewards:  17.008338928222656
some episodes done, average rewards:  13.448219299316406

Algo mappo Exp check updates 4975/6103 episodes, total num timesteps 81526784/100000000, FPS 4006.

some episodes done, average rewards:  18.174348831176758
some episodes done, average rewards:  14.457663536071777
some episodes done, average rewards:  17.208635330200195
some episodes done, average rewards:  15.99853801727295
some episodes done, average rewards:  13.850101470947266
some episodes done, average rewards:  14.724751472473145
some episodes done, average rewards:  13.396795272827148
some episodes done, average rewards:  16.50000762939453
some episodes done, average rewards:  17.37830924987793
some episodes done, average rewards:  16.252742767333984
some episodes done, average rewards:  12.232002258300781
some episodes done, average rewards:  15.233726501464844
some episodes done, average rewards:  16.905807495117188
some episodes done, average rewards:  14.293235778808594
some episodes done, average rewards:  15.482022285461426
some episodes done, average rewards:  14.116094589233398
some episodes done, average rewards:  11.814387321472168
some episodes done, average rewards:  13.374302864074707
some episodes done, average rewards:  14.440847396850586
some episodes done, average rewards:  15.4258394241333
some episodes done, average rewards:  13.873161315917969
some episodes done, average rewards:  16.12864112854004
some episodes done, average rewards:  14.798235893249512
some episodes done, average rewards:  11.574420928955078
some episodes done, average rewards:  13.937023162841797

Algo mappo Exp check updates 5000/6103 episodes, total num timesteps 81936384/100000000, FPS 4006.

some episodes done, average rewards:  13.249485969543457
some episodes done, average rewards:  14.590974807739258
some episodes done, average rewards:  13.990851402282715
some episodes done, average rewards:  13.928417205810547
some episodes done, average rewards:  15.424248695373535
some episodes done, average rewards:  14.203445434570312
some episodes done, average rewards:  13.40041446685791
some episodes done, average rewards:  11.646899223327637
some episodes done, average rewards:  16.85129737854004
some episodes done, average rewards:  15.238601684570312
some episodes done, average rewards:  11.598358154296875
some episodes done, average rewards:  13.639104843139648
some episodes done, average rewards:  12.99274730682373
some episodes done, average rewards:  13.380754470825195
some episodes done, average rewards:  14.4984130859375
some episodes done, average rewards:  14.563333511352539
some episodes done, average rewards:  14.264554977416992
some episodes done, average rewards:  14.992948532104492
some episodes done, average rewards:  14.625580787658691
some episodes done, average rewards:  12.947473526000977
some episodes done, average rewards:  16.661285400390625
some episodes done, average rewards:  13.703426361083984
some episodes done, average rewards:  13.84986400604248
some episodes done, average rewards:  15.463094711303711
some episodes done, average rewards:  15.973309516906738

Algo mappo Exp check updates 5025/6103 episodes, total num timesteps 82345984/100000000, FPS 4005.

some episodes done, average rewards:  12.93185806274414
some episodes done, average rewards:  14.949345588684082
some episodes done, average rewards:  15.027544021606445
some episodes done, average rewards:  14.283973693847656
some episodes done, average rewards:  13.24047565460205
some episodes done, average rewards:  15.207956314086914
some episodes done, average rewards:  13.525567054748535
some episodes done, average rewards:  13.817750930786133
some episodes done, average rewards:  14.072524070739746
some episodes done, average rewards:  11.129576683044434
some episodes done, average rewards:  14.00767993927002
some episodes done, average rewards:  11.622767448425293
some episodes done, average rewards:  12.417684555053711
some episodes done, average rewards:  11.649704933166504
some episodes done, average rewards:  14.176301002502441
some episodes done, average rewards:  11.785188674926758
some episodes done, average rewards:  12.909737586975098
some episodes done, average rewards:  12.40528392791748
some episodes done, average rewards:  12.247488975524902
some episodes done, average rewards:  11.818628311157227
some episodes done, average rewards:  11.252371788024902
some episodes done, average rewards:  11.285516738891602
some episodes done, average rewards:  12.228839874267578
some episodes done, average rewards:  11.584261894226074
some episodes done, average rewards:  11.489594459533691

Algo mappo Exp check updates 5050/6103 episodes, total num timesteps 82755584/100000000, FPS 4005.

some episodes done, average rewards:  10.83850383758545
some episodes done, average rewards:  13.10763931274414
some episodes done, average rewards:  12.961167335510254
some episodes done, average rewards:  12.06852912902832
some episodes done, average rewards:  13.188973426818848
some episodes done, average rewards:  11.408537864685059
some episodes done, average rewards:  13.807059288024902
some episodes done, average rewards:  12.21396541595459
some episodes done, average rewards:  14.68693733215332
some episodes done, average rewards:  13.442586898803711
some episodes done, average rewards:  14.03074836730957
some episodes done, average rewards:  15.533952713012695
some episodes done, average rewards:  13.657341957092285
some episodes done, average rewards:  11.433048248291016
some episodes done, average rewards:  12.928837776184082
some episodes done, average rewards:  13.645685195922852
some episodes done, average rewards:  13.654129028320312
some episodes done, average rewards:  11.23887825012207
some episodes done, average rewards:  12.387606620788574
some episodes done, average rewards:  13.564093589782715
some episodes done, average rewards:  10.893621444702148
some episodes done, average rewards:  10.653950691223145
some episodes done, average rewards:  13.271971702575684
some episodes done, average rewards:  12.17995548248291
some episodes done, average rewards:  10.151623725891113

Algo mappo Exp check updates 5075/6103 episodes, total num timesteps 83165184/100000000, FPS 4005.

some episodes done, average rewards:  12.698101997375488
some episodes done, average rewards:  13.689380645751953
some episodes done, average rewards:  12.546891212463379
some episodes done, average rewards:  14.223058700561523
some episodes done, average rewards:  12.901408195495605
some episodes done, average rewards:  12.630573272705078
some episodes done, average rewards:  13.877790451049805
some episodes done, average rewards:  11.689661979675293
some episodes done, average rewards:  11.753175735473633
some episodes done, average rewards:  13.869985580444336
some episodes done, average rewards:  12.061431884765625
some episodes done, average rewards:  14.172174453735352
some episodes done, average rewards:  10.965715408325195
some episodes done, average rewards:  13.042556762695312
some episodes done, average rewards:  11.123652458190918
some episodes done, average rewards:  14.081440925598145
some episodes done, average rewards:  11.261391639709473
some episodes done, average rewards:  12.895679473876953
some episodes done, average rewards:  12.058649063110352
some episodes done, average rewards:  13.335111618041992
some episodes done, average rewards:  11.64645004272461
some episodes done, average rewards:  13.003863334655762
some episodes done, average rewards:  11.85048770904541
some episodes done, average rewards:  14.6266450881958
some episodes done, average rewards:  12.143677711486816

Algo mappo Exp check updates 5100/6103 episodes, total num timesteps 83574784/100000000, FPS 4004.

some episodes done, average rewards:  12.546663284301758
some episodes done, average rewards:  12.725564002990723
some episodes done, average rewards:  10.752351760864258
some episodes done, average rewards:  11.657066345214844
some episodes done, average rewards:  12.476922035217285
some episodes done, average rewards:  12.559257507324219
some episodes done, average rewards:  13.054827690124512
some episodes done, average rewards:  11.266876220703125
some episodes done, average rewards:  11.359590530395508
some episodes done, average rewards:  12.773372650146484
some episodes done, average rewards:  14.114126205444336
some episodes done, average rewards:  12.954521179199219
some episodes done, average rewards:  11.153438568115234
some episodes done, average rewards:  10.48538875579834
some episodes done, average rewards:  10.579471588134766
some episodes done, average rewards:  9.996846199035645
some episodes done, average rewards:  12.959320068359375
some episodes done, average rewards:  13.405868530273438
some episodes done, average rewards:  13.340038299560547
some episodes done, average rewards:  10.194873809814453
some episodes done, average rewards:  11.179649353027344
some episodes done, average rewards:  15.66149616241455
some episodes done, average rewards:  11.800512313842773
some episodes done, average rewards:  10.629063606262207
some episodes done, average rewards:  11.004122734069824

Algo mappo Exp check updates 5125/6103 episodes, total num timesteps 83984384/100000000, FPS 4004.

some episodes done, average rewards:  10.500922203063965
some episodes done, average rewards:  10.625263214111328
some episodes done, average rewards:  13.660589218139648
some episodes done, average rewards:  12.850706100463867
some episodes done, average rewards:  13.409927368164062
some episodes done, average rewards:  12.34601879119873
some episodes done, average rewards:  11.950235366821289
some episodes done, average rewards:  12.986583709716797
some episodes done, average rewards:  11.996502876281738
some episodes done, average rewards:  12.611593246459961
some episodes done, average rewards:  10.303130149841309
some episodes done, average rewards:  13.243401527404785
some episodes done, average rewards:  12.320511817932129
some episodes done, average rewards:  12.914623260498047
some episodes done, average rewards:  11.748319625854492
some episodes done, average rewards:  12.04588794708252
some episodes done, average rewards:  12.648554801940918
some episodes done, average rewards:  14.043037414550781
some episodes done, average rewards:  12.964716911315918
some episodes done, average rewards:  13.671966552734375
some episodes done, average rewards:  12.436110496520996
some episodes done, average rewards:  12.544380187988281
some episodes done, average rewards:  12.743277549743652
some episodes done, average rewards:  13.92878532409668
some episodes done, average rewards:  13.328194618225098

Algo mappo Exp check updates 5150/6103 episodes, total num timesteps 84393984/100000000, FPS 4004.

some episodes done, average rewards:  11.595510482788086
some episodes done, average rewards:  14.039019584655762
some episodes done, average rewards:  13.211106300354004
some episodes done, average rewards:  13.786385536193848
some episodes done, average rewards:  13.310568809509277
some episodes done, average rewards:  12.632046699523926
some episodes done, average rewards:  12.820690155029297
some episodes done, average rewards:  11.535873413085938
some episodes done, average rewards:  10.96395492553711
some episodes done, average rewards:  12.593711853027344
some episodes done, average rewards:  12.26328182220459
some episodes done, average rewards:  12.529211044311523
some episodes done, average rewards:  12.357577323913574
some episodes done, average rewards:  12.705523490905762
some episodes done, average rewards:  15.2374267578125
some episodes done, average rewards:  12.938270568847656
some episodes done, average rewards:  12.44705867767334
some episodes done, average rewards:  10.2639799118042
some episodes done, average rewards:  13.79528522491455
some episodes done, average rewards:  10.493050575256348
some episodes done, average rewards:  12.420734405517578
some episodes done, average rewards:  12.804957389831543
some episodes done, average rewards:  13.023807525634766
some episodes done, average rewards:  13.45263957977295
some episodes done, average rewards:  10.320145606994629

Algo mappo Exp check updates 5175/6103 episodes, total num timesteps 84803584/100000000, FPS 4004.

some episodes done, average rewards:  11.49730396270752
some episodes done, average rewards:  12.749678611755371
some episodes done, average rewards:  13.134361267089844
some episodes done, average rewards:  12.956863403320312
some episodes done, average rewards:  12.416022300720215
some episodes done, average rewards:  11.4580659866333
some episodes done, average rewards:  11.666413307189941
some episodes done, average rewards:  13.441974639892578
some episodes done, average rewards:  12.446844100952148
some episodes done, average rewards:  12.80445384979248
some episodes done, average rewards:  11.495278358459473
some episodes done, average rewards:  13.594855308532715
some episodes done, average rewards:  11.815817832946777
some episodes done, average rewards:  11.735786437988281
some episodes done, average rewards:  12.398290634155273
some episodes done, average rewards:  11.906919479370117
some episodes done, average rewards:  14.45020866394043
some episodes done, average rewards:  13.729434967041016
some episodes done, average rewards:  11.803085327148438
some episodes done, average rewards:  9.860578536987305
some episodes done, average rewards:  10.701934814453125
some episodes done, average rewards:  11.624763488769531
some episodes done, average rewards:  13.607155799865723
some episodes done, average rewards:  12.722870826721191
some episodes done, average rewards:  11.081138610839844

Algo mappo Exp check updates 5200/6103 episodes, total num timesteps 85213184/100000000, FPS 4004.

some episodes done, average rewards:  10.469679832458496
some episodes done, average rewards:  11.915401458740234
some episodes done, average rewards:  12.915278434753418
some episodes done, average rewards:  11.175267219543457
some episodes done, average rewards:  12.276721000671387
some episodes done, average rewards:  11.266828536987305
some episodes done, average rewards:  11.5719633102417
some episodes done, average rewards:  10.766722679138184
some episodes done, average rewards:  12.657918930053711
some episodes done, average rewards:  12.99926471710205
some episodes done, average rewards:  11.04554557800293
some episodes done, average rewards:  12.541407585144043
some episodes done, average rewards:  11.706613540649414
some episodes done, average rewards:  12.277571678161621
some episodes done, average rewards:  12.920645713806152
some episodes done, average rewards:  10.899702072143555
some episodes done, average rewards:  10.905930519104004
some episodes done, average rewards:  11.398995399475098
some episodes done, average rewards:  13.12233829498291
some episodes done, average rewards:  13.00924301147461
some episodes done, average rewards:  9.618147850036621
some episodes done, average rewards:  13.601170539855957
some episodes done, average rewards:  10.74414348602295
some episodes done, average rewards:  11.574077606201172
some episodes done, average rewards:  9.060704231262207

Algo mappo Exp check updates 5225/6103 episodes, total num timesteps 85622784/100000000, FPS 4004.

some episodes done, average rewards:  13.325615882873535
some episodes done, average rewards:  12.772743225097656
some episodes done, average rewards:  12.551547050476074
some episodes done, average rewards:  11.648823738098145
some episodes done, average rewards:  14.705202102661133
some episodes done, average rewards:  14.9688720703125
some episodes done, average rewards:  13.138222694396973
some episodes done, average rewards:  12.878793716430664
some episodes done, average rewards:  10.819656372070312
some episodes done, average rewards:  12.921124458312988
some episodes done, average rewards:  12.614514350891113
some episodes done, average rewards:  14.921277046203613
some episodes done, average rewards:  9.357661247253418
some episodes done, average rewards:  10.726448059082031
some episodes done, average rewards:  9.103382110595703
some episodes done, average rewards:  12.148930549621582
some episodes done, average rewards:  14.630423545837402
some episodes done, average rewards:  13.321000099182129
some episodes done, average rewards:  12.043617248535156
some episodes done, average rewards:  9.407425880432129
some episodes done, average rewards:  11.564001083374023
some episodes done, average rewards:  13.60819149017334
some episodes done, average rewards:  16.798173904418945
some episodes done, average rewards:  13.876856803894043
some episodes done, average rewards:  10.43739128112793

Algo mappo Exp check updates 5250/6103 episodes, total num timesteps 86032384/100000000, FPS 4004.

some episodes done, average rewards:  12.23828411102295
some episodes done, average rewards:  12.775025367736816
some episodes done, average rewards:  12.565799713134766
some episodes done, average rewards:  12.192261695861816
some episodes done, average rewards:  11.361549377441406
some episodes done, average rewards:  13.922887802124023
some episodes done, average rewards:  14.21246337890625
some episodes done, average rewards:  14.785721778869629
some episodes done, average rewards:  11.054757118225098
some episodes done, average rewards:  13.294072151184082
some episodes done, average rewards:  14.82202434539795
some episodes done, average rewards:  15.362578392028809
some episodes done, average rewards:  11.781872749328613
some episodes done, average rewards:  14.72350025177002
some episodes done, average rewards:  13.745232582092285
some episodes done, average rewards:  14.45874309539795
some episodes done, average rewards:  14.530821800231934
some episodes done, average rewards:  14.252774238586426
some episodes done, average rewards:  14.584145545959473
some episodes done, average rewards:  13.745304107666016
some episodes done, average rewards:  11.530707359313965
some episodes done, average rewards:  10.100285530090332
some episodes done, average rewards:  16.452388763427734
some episodes done, average rewards:  14.418932914733887
some episodes done, average rewards:  9.962446212768555

Algo mappo Exp check updates 5275/6103 episodes, total num timesteps 86441984/100000000, FPS 4003.

some episodes done, average rewards:  11.537428855895996
some episodes done, average rewards:  13.30085563659668
some episodes done, average rewards:  13.257379531860352
some episodes done, average rewards:  17.266992568969727
some episodes done, average rewards:  13.441794395446777
some episodes done, average rewards:  14.21557331085205
some episodes done, average rewards:  12.475015640258789
some episodes done, average rewards:  14.854532241821289
some episodes done, average rewards:  13.92795181274414
some episodes done, average rewards:  13.439130783081055
some episodes done, average rewards:  12.945151329040527
some episodes done, average rewards:  13.626145362854004
some episodes done, average rewards:  14.262774467468262
some episodes done, average rewards:  14.974711418151855
some episodes done, average rewards:  17.131925582885742
some episodes done, average rewards:  12.081060409545898
some episodes done, average rewards:  15.695963859558105
some episodes done, average rewards:  10.858641624450684
some episodes done, average rewards:  14.213567733764648
some episodes done, average rewards:  15.321579933166504
some episodes done, average rewards:  15.304959297180176
some episodes done, average rewards:  14.123312950134277
some episodes done, average rewards:  16.58171844482422
some episodes done, average rewards:  12.396018028259277
some episodes done, average rewards:  13.523249626159668

Algo mappo Exp check updates 5300/6103 episodes, total num timesteps 86851584/100000000, FPS 4005.

some episodes done, average rewards:  12.8741455078125
some episodes done, average rewards:  17.47726821899414
some episodes done, average rewards:  15.484567642211914
some episodes done, average rewards:  12.65451431274414
some episodes done, average rewards:  12.57447338104248
some episodes done, average rewards:  15.806220054626465
some episodes done, average rewards:  12.856735229492188
some episodes done, average rewards:  12.808181762695312
some episodes done, average rewards:  13.042876243591309
some episodes done, average rewards:  14.377592086791992
some episodes done, average rewards:  14.414125442504883
some episodes done, average rewards:  14.593864440917969
some episodes done, average rewards:  11.29262638092041
some episodes done, average rewards:  12.511533737182617
some episodes done, average rewards:  12.517208099365234
some episodes done, average rewards:  12.333230018615723
some episodes done, average rewards:  13.14780330657959
some episodes done, average rewards:  14.206942558288574
some episodes done, average rewards:  13.284223556518555
some episodes done, average rewards:  10.8428373336792
some episodes done, average rewards:  13.326333045959473
some episodes done, average rewards:  12.966275215148926
some episodes done, average rewards:  14.930427551269531
some episodes done, average rewards:  11.865623474121094
some episodes done, average rewards:  14.292712211608887

Algo mappo Exp check updates 5325/6103 episodes, total num timesteps 87261184/100000000, FPS 4011.

some episodes done, average rewards:  15.142663955688477
some episodes done, average rewards:  12.847712516784668
some episodes done, average rewards:  11.726570129394531
some episodes done, average rewards:  12.119179725646973
some episodes done, average rewards:  13.48220157623291
some episodes done, average rewards:  14.761164665222168
some episodes done, average rewards:  12.523340225219727
some episodes done, average rewards:  12.437921524047852
some episodes done, average rewards:  11.36612319946289
some episodes done, average rewards:  16.04121208190918
some episodes done, average rewards:  10.98007583618164
some episodes done, average rewards:  13.922051429748535
some episodes done, average rewards:  12.51540756225586
some episodes done, average rewards:  15.24683952331543
some episodes done, average rewards:  12.519567489624023
some episodes done, average rewards:  13.010383605957031
some episodes done, average rewards:  13.677387237548828
some episodes done, average rewards:  13.007223129272461
some episodes done, average rewards:  12.044149398803711
some episodes done, average rewards:  13.422247886657715
some episodes done, average rewards:  11.07678508758545
some episodes done, average rewards:  13.325159072875977
some episodes done, average rewards:  13.980600357055664
some episodes done, average rewards:  15.620040893554688
some episodes done, average rewards:  12.104849815368652

Algo mappo Exp check updates 5350/6103 episodes, total num timesteps 87670784/100000000, FPS 4018.

some episodes done, average rewards:  12.211287498474121
some episodes done, average rewards:  10.820536613464355
some episodes done, average rewards:  11.182594299316406
some episodes done, average rewards:  11.48670768737793
some episodes done, average rewards:  9.852738380432129
some episodes done, average rewards:  12.780766487121582
some episodes done, average rewards:  12.1456880569458
some episodes done, average rewards:  13.266157150268555
some episodes done, average rewards:  13.430623054504395
some episodes done, average rewards:  16.02853775024414
some episodes done, average rewards:  14.61734390258789
some episodes done, average rewards:  14.198966979980469
some episodes done, average rewards:  11.704744338989258
some episodes done, average rewards:  10.345772743225098
some episodes done, average rewards:  13.337421417236328
some episodes done, average rewards:  11.715510368347168
some episodes done, average rewards:  11.88425064086914
some episodes done, average rewards:  8.855022430419922
some episodes done, average rewards:  10.219789505004883
some episodes done, average rewards:  12.266226768493652
some episodes done, average rewards:  9.077489852905273
some episodes done, average rewards:  13.549545288085938
some episodes done, average rewards:  11.499039649963379
some episodes done, average rewards:  13.327509880065918
some episodes done, average rewards:  13.992756843566895

Algo mappo Exp check updates 5375/6103 episodes, total num timesteps 88080384/100000000, FPS 4017.

some episodes done, average rewards:  14.494361877441406
some episodes done, average rewards:  14.381969451904297
some episodes done, average rewards:  13.748064994812012
some episodes done, average rewards:  12.883923530578613
some episodes done, average rewards:  12.21500301361084
some episodes done, average rewards:  14.746341705322266
some episodes done, average rewards:  11.697833061218262
some episodes done, average rewards:  13.9700288772583
some episodes done, average rewards:  13.06980037689209
some episodes done, average rewards:  11.31066608428955
some episodes done, average rewards:  11.236547470092773
some episodes done, average rewards:  14.742944717407227
some episodes done, average rewards:  11.671029090881348
some episodes done, average rewards:  10.782609939575195
some episodes done, average rewards:  12.110618591308594
some episodes done, average rewards:  15.51443099975586
some episodes done, average rewards:  12.331233978271484
some episodes done, average rewards:  14.647115707397461
some episodes done, average rewards:  13.655919075012207
some episodes done, average rewards:  16.355003356933594
some episodes done, average rewards:  15.609439849853516
some episodes done, average rewards:  14.332965850830078
some episodes done, average rewards:  14.909844398498535
some episodes done, average rewards:  12.284661293029785
some episodes done, average rewards:  14.190481185913086

Algo mappo Exp check updates 5400/6103 episodes, total num timesteps 88489984/100000000, FPS 4016.

some episodes done, average rewards:  14.971796035766602
some episodes done, average rewards:  14.31356430053711
some episodes done, average rewards:  15.4343900680542
some episodes done, average rewards:  15.11986255645752
some episodes done, average rewards:  13.184825897216797
some episodes done, average rewards:  13.210984230041504
some episodes done, average rewards:  13.297598838806152
some episodes done, average rewards:  15.99488639831543
some episodes done, average rewards:  12.940966606140137
some episodes done, average rewards:  16.2904109954834
some episodes done, average rewards:  12.928109169006348
some episodes done, average rewards:  13.140089988708496
some episodes done, average rewards:  13.326601028442383
some episodes done, average rewards:  13.931790351867676
some episodes done, average rewards:  15.044017791748047
some episodes done, average rewards:  14.333796501159668
some episodes done, average rewards:  13.390746116638184
some episodes done, average rewards:  17.787303924560547
some episodes done, average rewards:  11.445676803588867
some episodes done, average rewards:  14.247735977172852
some episodes done, average rewards:  15.08361530303955
some episodes done, average rewards:  14.994085311889648
some episodes done, average rewards:  14.150189399719238
some episodes done, average rewards:  18.243288040161133
some episodes done, average rewards:  12.616133689880371

Algo mappo Exp check updates 5425/6103 episodes, total num timesteps 88899584/100000000, FPS 4016.

some episodes done, average rewards:  14.146174430847168
some episodes done, average rewards:  11.415496826171875
some episodes done, average rewards:  12.743691444396973
some episodes done, average rewards:  13.036677360534668
some episodes done, average rewards:  13.527942657470703
some episodes done, average rewards:  15.5729341506958
some episodes done, average rewards:  15.221222877502441
some episodes done, average rewards:  14.681900978088379
some episodes done, average rewards:  11.826529502868652
some episodes done, average rewards:  13.311216354370117
some episodes done, average rewards:  13.730949401855469
some episodes done, average rewards:  11.757609367370605
some episodes done, average rewards:  13.678045272827148
some episodes done, average rewards:  12.437305450439453
some episodes done, average rewards:  14.579865455627441
some episodes done, average rewards:  11.718899726867676
some episodes done, average rewards:  10.785995483398438
some episodes done, average rewards:  11.408525466918945
some episodes done, average rewards:  9.705620765686035
some episodes done, average rewards:  11.832443237304688
some episodes done, average rewards:  10.515076637268066
some episodes done, average rewards:  12.508426666259766
some episodes done, average rewards:  10.36796760559082
some episodes done, average rewards:  10.606487274169922
some episodes done, average rewards:  14.287034034729004

Algo mappo Exp check updates 5450/6103 episodes, total num timesteps 89309184/100000000, FPS 4015.

some episodes done, average rewards:  9.984570503234863
some episodes done, average rewards:  10.258310317993164
some episodes done, average rewards:  8.492220878601074
some episodes done, average rewards:  6.4967498779296875
some episodes done, average rewards:  8.344976425170898
some episodes done, average rewards:  11.293388366699219
some episodes done, average rewards:  9.224361419677734
some episodes done, average rewards:  9.285384178161621
some episodes done, average rewards:  9.018240928649902
some episodes done, average rewards:  8.528556823730469
some episodes done, average rewards:  10.764249801635742
some episodes done, average rewards:  8.347027778625488
some episodes done, average rewards:  8.011070251464844
some episodes done, average rewards:  9.640748977661133
some episodes done, average rewards:  7.313242435455322
some episodes done, average rewards:  9.299678802490234
some episodes done, average rewards:  8.722627639770508
some episodes done, average rewards:  11.03131103515625
some episodes done, average rewards:  8.764586448669434
some episodes done, average rewards:  7.762366771697998
some episodes done, average rewards:  4.372732639312744
some episodes done, average rewards:  3.665921688079834
some episodes done, average rewards:  3.6794323921203613
some episodes done, average rewards:  2.2749791145324707
some episodes done, average rewards:  3.200392007827759

Algo mappo Exp check updates 5475/6103 episodes, total num timesteps 89718784/100000000, FPS 4014.

some episodes done, average rewards:  4.510337829589844
some episodes done, average rewards:  3.185410499572754
some episodes done, average rewards:  2.5345311164855957
some episodes done, average rewards:  3.1235430240631104
some episodes done, average rewards:  3.031895399093628
some episodes done, average rewards:  2.85854434967041
some episodes done, average rewards:  4.583669662475586
some episodes done, average rewards:  4.303610324859619
some episodes done, average rewards:  3.4544174671173096
some episodes done, average rewards:  3.6266462802886963
some episodes done, average rewards:  3.5000107288360596
some episodes done, average rewards:  3.178175210952759
some episodes done, average rewards:  3.319643259048462
some episodes done, average rewards:  1.8487186431884766
some episodes done, average rewards:  4.717099666595459
some episodes done, average rewards:  5.8889288902282715
some episodes done, average rewards:  5.704767227172852
some episodes done, average rewards:  5.195326805114746
some episodes done, average rewards:  5.1815104484558105
some episodes done, average rewards:  5.913960933685303
some episodes done, average rewards:  9.458832740783691
some episodes done, average rewards:  10.737927436828613
some episodes done, average rewards:  12.551156044006348
some episodes done, average rewards:  15.850109100341797
some episodes done, average rewards:  15.093315124511719

Algo mappo Exp check updates 5500/6103 episodes, total num timesteps 90128384/100000000, FPS 4012.

some episodes done, average rewards:  10.246302604675293
some episodes done, average rewards:  12.74841594696045
some episodes done, average rewards:  16.29843521118164
some episodes done, average rewards:  15.143271446228027
some episodes done, average rewards:  11.863548278808594
some episodes done, average rewards:  14.002715110778809
some episodes done, average rewards:  12.873274803161621
some episodes done, average rewards:  17.85399055480957
some episodes done, average rewards:  14.052694320678711
some episodes done, average rewards:  12.09619426727295
some episodes done, average rewards:  12.544988632202148
some episodes done, average rewards:  12.172205924987793
some episodes done, average rewards:  13.271327018737793
some episodes done, average rewards:  12.91047191619873
some episodes done, average rewards:  10.659601211547852
some episodes done, average rewards:  8.602591514587402
some episodes done, average rewards:  2.8679795265197754
some episodes done, average rewards:  2.8537418842315674
some episodes done, average rewards:  1.9766216278076172
some episodes done, average rewards:  2.2540550231933594
some episodes done, average rewards:  2.324313163757324
some episodes done, average rewards:  2.766963481903076
some episodes done, average rewards:  1.1694505214691162
some episodes done, average rewards:  2.1071889400482178
some episodes done, average rewards:  2.464607000350952

Algo mappo Exp check updates 5525/6103 episodes, total num timesteps 90537984/100000000, FPS 4011.

some episodes done, average rewards:  3.0922234058380127
some episodes done, average rewards:  2.2786483764648438
some episodes done, average rewards:  2.099919319152832
some episodes done, average rewards:  1.376072883605957
some episodes done, average rewards:  1.4689671993255615
some episodes done, average rewards:  1.6228623390197754
some episodes done, average rewards:  2.075094699859619
some episodes done, average rewards:  2.750164270401001
some episodes done, average rewards:  1.179366946220398
some episodes done, average rewards:  0.7800832390785217
some episodes done, average rewards:  2.7688076496124268
some episodes done, average rewards:  2.178694486618042
some episodes done, average rewards:  1.7377455234527588
some episodes done, average rewards:  2.3862905502319336
some episodes done, average rewards:  1.832231879234314
some episodes done, average rewards:  2.244103193283081
some episodes done, average rewards:  3.108118772506714
some episodes done, average rewards:  2.105999708175659
some episodes done, average rewards:  2.091782569885254
some episodes done, average rewards:  2.2336583137512207
some episodes done, average rewards:  1.6179805994033813
some episodes done, average rewards:  2.8555362224578857
some episodes done, average rewards:  2.0245416164398193
some episodes done, average rewards:  2.052950620651245
some episodes done, average rewards:  3.7230238914489746

Algo mappo Exp check updates 5550/6103 episodes, total num timesteps 90947584/100000000, FPS 4011.

some episodes done, average rewards:  2.6845428943634033
some episodes done, average rewards:  1.3435848951339722
some episodes done, average rewards:  1.7735718488693237
some episodes done, average rewards:  2.3415186405181885
some episodes done, average rewards:  2.934235095977783
some episodes done, average rewards:  1.9482418298721313
some episodes done, average rewards:  2.5303170680999756
some episodes done, average rewards:  2.1863133907318115
some episodes done, average rewards:  2.8272452354431152
some episodes done, average rewards:  2.9700896739959717
some episodes done, average rewards:  1.6894193887710571
some episodes done, average rewards:  2.8562729358673096
some episodes done, average rewards:  2.86497163772583
some episodes done, average rewards:  1.7593332529067993
some episodes done, average rewards:  1.9763779640197754
some episodes done, average rewards:  2.63509202003479
some episodes done, average rewards:  3.2412517070770264
some episodes done, average rewards:  2.8597216606140137
some episodes done, average rewards:  1.71554696559906
some episodes done, average rewards:  1.858112096786499
some episodes done, average rewards:  1.1374733448028564
some episodes done, average rewards:  1.832867980003357
some episodes done, average rewards:  2.185880661010742
some episodes done, average rewards:  2.6060526371002197
some episodes done, average rewards:  1.527219295501709

Algo mappo Exp check updates 5575/6103 episodes, total num timesteps 91357184/100000000, FPS 4011.

some episodes done, average rewards:  2.277442693710327
some episodes done, average rewards:  1.87026047706604
some episodes done, average rewards:  1.7479100227355957
some episodes done, average rewards:  2.3628339767456055
some episodes done, average rewards:  0.9784786701202393
some episodes done, average rewards:  1.9893161058425903
some episodes done, average rewards:  2.2551777362823486
some episodes done, average rewards:  1.71286940574646
some episodes done, average rewards:  1.69544517993927
some episodes done, average rewards:  1.3490016460418701
some episodes done, average rewards:  1.8746068477630615
some episodes done, average rewards:  1.6610032320022583
some episodes done, average rewards:  1.9137741327285767
some episodes done, average rewards:  3.0099692344665527
some episodes done, average rewards:  2.2496325969696045
some episodes done, average rewards:  2.155435562133789
some episodes done, average rewards:  2.26613187789917
some episodes done, average rewards:  2.0074868202209473
some episodes done, average rewards:  1.9456106424331665
some episodes done, average rewards:  1.35498046875
some episodes done, average rewards:  1.500145673751831
some episodes done, average rewards:  1.877428650856018
some episodes done, average rewards:  2.240429401397705
some episodes done, average rewards:  2.3101918697357178
some episodes done, average rewards:  2.078341007232666

Algo mappo Exp check updates 5600/6103 episodes, total num timesteps 91766784/100000000, FPS 4011.

some episodes done, average rewards:  0.6951605677604675
some episodes done, average rewards:  1.4196864366531372
some episodes done, average rewards:  2.1991348266601562
some episodes done, average rewards:  1.7334426641464233
some episodes done, average rewards:  1.6213127374649048
some episodes done, average rewards:  2.2872447967529297
some episodes done, average rewards:  1.7142620086669922
some episodes done, average rewards:  2.0559186935424805
some episodes done, average rewards:  2.3558907508850098
some episodes done, average rewards:  2.1720967292785645
some episodes done, average rewards:  2.9473013877868652
some episodes done, average rewards:  1.551668405532837
some episodes done, average rewards:  2.761679172515869
some episodes done, average rewards:  2.474618673324585
some episodes done, average rewards:  2.10286808013916
some episodes done, average rewards:  2.8906009197235107
some episodes done, average rewards:  1.6156847476959229
some episodes done, average rewards:  1.3966619968414307
some episodes done, average rewards:  1.745250940322876
some episodes done, average rewards:  1.3335773944854736
some episodes done, average rewards:  1.8575067520141602
some episodes done, average rewards:  1.434175968170166
some episodes done, average rewards:  1.5899174213409424
some episodes done, average rewards:  1.8241788148880005
some episodes done, average rewards:  1.649310827255249

Algo mappo Exp check updates 5625/6103 episodes, total num timesteps 92176384/100000000, FPS 4010.

some episodes done, average rewards:  1.2071146965026855
some episodes done, average rewards:  1.8969320058822632
some episodes done, average rewards:  2.6619324684143066
some episodes done, average rewards:  2.8102002143859863
some episodes done, average rewards:  5.006115436553955
some episodes done, average rewards:  5.021709442138672
some episodes done, average rewards:  5.851820945739746
some episodes done, average rewards:  7.570559978485107
some episodes done, average rewards:  7.896950721740723
some episodes done, average rewards:  5.8465657234191895
some episodes done, average rewards:  2.810807704925537
some episodes done, average rewards:  2.0839385986328125
some episodes done, average rewards:  3.6911568641662598
some episodes done, average rewards:  4.534301280975342
some episodes done, average rewards:  2.9689273834228516
some episodes done, average rewards:  5.8151350021362305
some episodes done, average rewards:  3.9663522243499756
some episodes done, average rewards:  2.4356794357299805
some episodes done, average rewards:  2.5568675994873047
some episodes done, average rewards:  2.7361984252929688
some episodes done, average rewards:  3.074286460876465
some episodes done, average rewards:  3.1508588790893555
some episodes done, average rewards:  5.138952732086182
some episodes done, average rewards:  6.075271129608154
some episodes done, average rewards:  6.389676094055176

Algo mappo Exp check updates 5650/6103 episodes, total num timesteps 92585984/100000000, FPS 4009.

some episodes done, average rewards:  7.269508361816406
some episodes done, average rewards:  6.4130024909973145
some episodes done, average rewards:  6.252831935882568
some episodes done, average rewards:  9.93863582611084
some episodes done, average rewards:  7.940307140350342
some episodes done, average rewards:  8.102728843688965
some episodes done, average rewards:  10.27629566192627
some episodes done, average rewards:  11.522018432617188
some episodes done, average rewards:  10.79759407043457
some episodes done, average rewards:  9.24488639831543
some episodes done, average rewards:  6.960717678070068
some episodes done, average rewards:  10.580170631408691
some episodes done, average rewards:  7.426478385925293
some episodes done, average rewards:  6.614900588989258
some episodes done, average rewards:  9.588177680969238
some episodes done, average rewards:  7.155703067779541
some episodes done, average rewards:  7.439895153045654
some episodes done, average rewards:  9.216116905212402
some episodes done, average rewards:  9.519594192504883
some episodes done, average rewards:  6.0658440589904785
some episodes done, average rewards:  10.403831481933594
some episodes done, average rewards:  10.155051231384277
some episodes done, average rewards:  8.28264045715332
some episodes done, average rewards:  7.512422561645508
some episodes done, average rewards:  6.721240043640137

Algo mappo Exp check updates 5675/6103 episodes, total num timesteps 92995584/100000000, FPS 4008.

some episodes done, average rewards:  8.743053436279297
some episodes done, average rewards:  10.460949897766113
some episodes done, average rewards:  6.7381439208984375
some episodes done, average rewards:  7.879879951477051
some episodes done, average rewards:  6.321997165679932
some episodes done, average rewards:  9.173012733459473
some episodes done, average rewards:  9.257009506225586
some episodes done, average rewards:  7.877604007720947
some episodes done, average rewards:  10.034204483032227
some episodes done, average rewards:  7.386102199554443
some episodes done, average rewards:  9.661872863769531
some episodes done, average rewards:  6.7445387840271
some episodes done, average rewards:  9.297090530395508
some episodes done, average rewards:  10.440359115600586
some episodes done, average rewards:  7.5574421882629395
some episodes done, average rewards:  8.889790534973145
some episodes done, average rewards:  7.397211074829102
some episodes done, average rewards:  9.233196258544922
some episodes done, average rewards:  11.274859428405762
some episodes done, average rewards:  9.18822193145752
some episodes done, average rewards:  9.01640510559082
some episodes done, average rewards:  9.647972106933594
some episodes done, average rewards:  10.406458854675293
some episodes done, average rewards:  7.570766925811768
some episodes done, average rewards:  10.518813133239746

Algo mappo Exp check updates 5700/6103 episodes, total num timesteps 93405184/100000000, FPS 4012.

some episodes done, average rewards:  8.95147705078125
some episodes done, average rewards:  13.068775177001953
some episodes done, average rewards:  10.861042976379395
some episodes done, average rewards:  10.441187858581543
some episodes done, average rewards:  8.52646541595459
some episodes done, average rewards:  11.551961898803711
some episodes done, average rewards:  8.018006324768066
some episodes done, average rewards:  11.181234359741211
some episodes done, average rewards:  12.881526947021484
some episodes done, average rewards:  13.94053840637207
some episodes done, average rewards:  8.065264701843262
some episodes done, average rewards:  9.03979206085205
some episodes done, average rewards:  10.852823257446289
some episodes done, average rewards:  11.493745803833008
some episodes done, average rewards:  12.00360107421875
some episodes done, average rewards:  9.364908218383789
some episodes done, average rewards:  11.660958290100098
some episodes done, average rewards:  11.916401863098145
some episodes done, average rewards:  12.88977336883545
some episodes done, average rewards:  10.079829216003418
some episodes done, average rewards:  11.194703102111816
some episodes done, average rewards:  10.437923431396484
some episodes done, average rewards:  11.86313247680664
some episodes done, average rewards:  11.266243934631348
some episodes done, average rewards:  13.105794906616211

Algo mappo Exp check updates 5725/6103 episodes, total num timesteps 93814784/100000000, FPS 4018.

some episodes done, average rewards:  12.349040031433105
some episodes done, average rewards:  12.492420196533203
some episodes done, average rewards:  13.059964179992676
some episodes done, average rewards:  7.949634075164795
some episodes done, average rewards:  11.685088157653809
some episodes done, average rewards:  11.55829906463623
some episodes done, average rewards:  10.24782657623291
some episodes done, average rewards:  11.746190071105957
some episodes done, average rewards:  13.827115058898926
some episodes done, average rewards:  10.775096893310547
some episodes done, average rewards:  9.503698348999023
some episodes done, average rewards:  10.522724151611328
some episodes done, average rewards:  11.095622062683105
some episodes done, average rewards:  10.882692337036133
some episodes done, average rewards:  8.925934791564941
some episodes done, average rewards:  9.283360481262207
some episodes done, average rewards:  13.60140609741211
some episodes done, average rewards:  10.65910816192627
some episodes done, average rewards:  10.234667778015137
some episodes done, average rewards:  7.767366409301758
some episodes done, average rewards:  10.147262573242188
some episodes done, average rewards:  10.70742130279541
some episodes done, average rewards:  9.47174072265625
some episodes done, average rewards:  9.492321968078613
some episodes done, average rewards:  10.81387996673584

Algo mappo Exp check updates 5750/6103 episodes, total num timesteps 94224384/100000000, FPS 4021.

some episodes done, average rewards:  13.222299575805664
some episodes done, average rewards:  12.687430381774902
some episodes done, average rewards:  13.305861473083496
some episodes done, average rewards:  9.276851654052734
some episodes done, average rewards:  13.633186340332031
some episodes done, average rewards:  10.91259765625
some episodes done, average rewards:  10.373915672302246
some episodes done, average rewards:  10.754321098327637
some episodes done, average rewards:  10.955768585205078
some episodes done, average rewards:  9.768535614013672
some episodes done, average rewards:  11.178984642028809
some episodes done, average rewards:  9.536023139953613
some episodes done, average rewards:  11.177641868591309
some episodes done, average rewards:  11.938764572143555
some episodes done, average rewards:  12.38591480255127
some episodes done, average rewards:  11.923980712890625
some episodes done, average rewards:  10.493037223815918
some episodes done, average rewards:  9.174370765686035
some episodes done, average rewards:  8.487021446228027
some episodes done, average rewards:  10.484090805053711
some episodes done, average rewards:  8.11451530456543
some episodes done, average rewards:  7.793107032775879
some episodes done, average rewards:  9.862271308898926
some episodes done, average rewards:  7.44533634185791
some episodes done, average rewards:  7.859532833099365

Algo mappo Exp check updates 5775/6103 episodes, total num timesteps 94633984/100000000, FPS 4021.

some episodes done, average rewards:  10.750483512878418
some episodes done, average rewards:  10.727007865905762
some episodes done, average rewards:  6.684248924255371
some episodes done, average rewards:  8.825490951538086
some episodes done, average rewards:  8.377819061279297
some episodes done, average rewards:  8.043586730957031
some episodes done, average rewards:  5.4439191818237305
some episodes done, average rewards:  5.4865922927856445
some episodes done, average rewards:  4.742475509643555
some episodes done, average rewards:  7.372003078460693
some episodes done, average rewards:  6.469332218170166
some episodes done, average rewards:  6.56937313079834
some episodes done, average rewards:  6.514187812805176
some episodes done, average rewards:  6.036748886108398
some episodes done, average rewards:  6.678599834442139
some episodes done, average rewards:  11.141772270202637
some episodes done, average rewards:  10.525639533996582
some episodes done, average rewards:  11.330434799194336
some episodes done, average rewards:  11.164847373962402
some episodes done, average rewards:  9.262453079223633
some episodes done, average rewards:  12.619380950927734
some episodes done, average rewards:  11.744247436523438
some episodes done, average rewards:  11.427553176879883
some episodes done, average rewards:  13.59373950958252
some episodes done, average rewards:  15.46208381652832

Algo mappo Exp check updates 5800/6103 episodes, total num timesteps 95043584/100000000, FPS 4020.

some episodes done, average rewards:  12.62882137298584
some episodes done, average rewards:  13.468975067138672
some episodes done, average rewards:  13.816434860229492
some episodes done, average rewards:  12.243074417114258
some episodes done, average rewards:  14.863383293151855
some episodes done, average rewards:  13.95699691772461
some episodes done, average rewards:  16.742523193359375
some episodes done, average rewards:  15.913338661193848
some episodes done, average rewards:  12.860413551330566
some episodes done, average rewards:  14.072526931762695
some episodes done, average rewards:  13.242138862609863
some episodes done, average rewards:  13.070623397827148
some episodes done, average rewards:  15.522285461425781
some episodes done, average rewards:  15.971129417419434
some episodes done, average rewards:  18.310346603393555
some episodes done, average rewards:  12.496285438537598
some episodes done, average rewards:  16.13308334350586
some episodes done, average rewards:  15.989880561828613
some episodes done, average rewards:  13.686685562133789
some episodes done, average rewards:  11.560189247131348
some episodes done, average rewards:  15.935937881469727
some episodes done, average rewards:  14.839186668395996
some episodes done, average rewards:  14.890912055969238
some episodes done, average rewards:  10.436956405639648
some episodes done, average rewards:  5.770349025726318

Algo mappo Exp check updates 5825/6103 episodes, total num timesteps 95453184/100000000, FPS 4020.

some episodes done, average rewards:  5.144331932067871
some episodes done, average rewards:  3.4667413234710693
some episodes done, average rewards:  4.7072553634643555
some episodes done, average rewards:  2.303354501724243
some episodes done, average rewards:  5.461380958557129
some episodes done, average rewards:  3.9723219871520996
some episodes done, average rewards:  6.94584846496582
some episodes done, average rewards:  4.263311386108398
some episodes done, average rewards:  6.757638454437256
some episodes done, average rewards:  3.899808168411255
some episodes done, average rewards:  3.0738894939422607
some episodes done, average rewards:  5.182698726654053
some episodes done, average rewards:  5.538330554962158
some episodes done, average rewards:  5.668390274047852
some episodes done, average rewards:  5.745309829711914
some episodes done, average rewards:  4.760994911193848
some episodes done, average rewards:  4.050133228302002
some episodes done, average rewards:  5.515956401824951
some episodes done, average rewards:  5.548398494720459
some episodes done, average rewards:  7.794454097747803
some episodes done, average rewards:  3.22163987159729
some episodes done, average rewards:  6.2450995445251465
some episodes done, average rewards:  4.577352046966553
some episodes done, average rewards:  4.302834987640381
some episodes done, average rewards:  3.179593563079834

Algo mappo Exp check updates 5850/6103 episodes, total num timesteps 95862784/100000000, FPS 4021.

some episodes done, average rewards:  4.608553886413574
some episodes done, average rewards:  3.221022844314575
some episodes done, average rewards:  4.042431831359863
some episodes done, average rewards:  3.0717616081237793
some episodes done, average rewards:  1.4951930046081543
some episodes done, average rewards:  3.2933547496795654
some episodes done, average rewards:  3.198279857635498
some episodes done, average rewards:  4.658915996551514
some episodes done, average rewards:  5.301628589630127
some episodes done, average rewards:  6.814148426055908
some episodes done, average rewards:  7.45379114151001
some episodes done, average rewards:  6.349383354187012
some episodes done, average rewards:  4.1729559898376465
some episodes done, average rewards:  3.736034631729126
some episodes done, average rewards:  3.7463812828063965
some episodes done, average rewards:  5.2345685958862305
some episodes done, average rewards:  4.8662800788879395
some episodes done, average rewards:  6.14497709274292
some episodes done, average rewards:  2.014103412628174
some episodes done, average rewards:  1.830283761024475
some episodes done, average rewards:  2.3326847553253174
some episodes done, average rewards:  2.4075753688812256
some episodes done, average rewards:  1.5479649305343628
some episodes done, average rewards:  0.11443533003330231
some episodes done, average rewards:  1.270613431930542

Algo mappo Exp check updates 5875/6103 episodes, total num timesteps 96272384/100000000, FPS 4020.

some episodes done, average rewards:  1.0576578378677368
some episodes done, average rewards:  0.5440143942832947
some episodes done, average rewards:  1.4558537006378174
some episodes done, average rewards:  2.048079252243042
some episodes done, average rewards:  1.724921464920044
some episodes done, average rewards:  1.5076632499694824
some episodes done, average rewards:  2.4049739837646484
some episodes done, average rewards:  1.772112488746643
some episodes done, average rewards:  1.687066674232483
some episodes done, average rewards:  0.722804605960846
some episodes done, average rewards:  1.8395907878875732
some episodes done, average rewards:  1.8657758235931396
some episodes done, average rewards:  0.7334637641906738
some episodes done, average rewards:  1.8307663202285767
some episodes done, average rewards:  0.9559164643287659
some episodes done, average rewards:  1.4460172653198242
some episodes done, average rewards:  0.7133848667144775
some episodes done, average rewards:  0.9156539440155029
some episodes done, average rewards:  1.6489843130111694
some episodes done, average rewards:  0.9299913048744202
some episodes done, average rewards:  1.2497543096542358
some episodes done, average rewards:  1.6441395282745361
some episodes done, average rewards:  0.728843629360199
some episodes done, average rewards:  1.184221625328064
some episodes done, average rewards:  0.624419629573822

Algo mappo Exp check updates 5900/6103 episodes, total num timesteps 96681984/100000000, FPS 4019.

some episodes done, average rewards:  1.022207260131836
some episodes done, average rewards:  0.7010226249694824
some episodes done, average rewards:  1.0069425106048584
some episodes done, average rewards:  0.9822741150856018
some episodes done, average rewards:  0.7766267657279968
some episodes done, average rewards:  1.0436060428619385
some episodes done, average rewards:  0.7564336657524109
some episodes done, average rewards:  0.7478100657463074
some episodes done, average rewards:  0.9209599494934082
some episodes done, average rewards:  0.820742130279541
some episodes done, average rewards:  0.6983801126480103
some episodes done, average rewards:  0.9619271159172058
some episodes done, average rewards:  1.1554795503616333
some episodes done, average rewards:  0.8170647025108337
some episodes done, average rewards:  0.17935681343078613
some episodes done, average rewards:  0.9244214296340942
some episodes done, average rewards:  0.2638780176639557
some episodes done, average rewards:  0.77569979429245
some episodes done, average rewards:  0.5548133254051208
some episodes done, average rewards:  1.0408657789230347
some episodes done, average rewards:  1.1875864267349243
some episodes done, average rewards:  1.0998492240905762
some episodes done, average rewards:  1.0654959678649902
some episodes done, average rewards:  1.0328280925750732
some episodes done, average rewards:  1.0714255571365356

Algo mappo Exp check updates 5925/6103 episodes, total num timesteps 97091584/100000000, FPS 4019.

some episodes done, average rewards:  0.7628697752952576
some episodes done, average rewards:  1.5666457414627075
some episodes done, average rewards:  1.0307509899139404
some episodes done, average rewards:  1.3897172212600708
some episodes done, average rewards:  1.7168701887130737
some episodes done, average rewards:  1.2447104454040527
some episodes done, average rewards:  0.9792171716690063
some episodes done, average rewards:  1.4137425422668457
some episodes done, average rewards:  1.1997246742248535
some episodes done, average rewards:  1.1210368871688843
some episodes done, average rewards:  1.1896641254425049
some episodes done, average rewards:  1.4218326807022095
some episodes done, average rewards:  1.70245361328125
some episodes done, average rewards:  1.1549996137619019
some episodes done, average rewards:  0.9413645267486572
some episodes done, average rewards:  2.100452423095703
some episodes done, average rewards:  1.1300383806228638
some episodes done, average rewards:  1.9198205471038818
some episodes done, average rewards:  1.5690350532531738
some episodes done, average rewards:  1.2261539697647095
some episodes done, average rewards:  2.1097328662872314
some episodes done, average rewards:  2.316870927810669
some episodes done, average rewards:  1.6829447746276855
some episodes done, average rewards:  2.0966415405273438
some episodes done, average rewards:  2.4609062671661377

Algo mappo Exp check updates 5950/6103 episodes, total num timesteps 97501184/100000000, FPS 4019.

some episodes done, average rewards:  2.691274881362915
some episodes done, average rewards:  1.2732272148132324
some episodes done, average rewards:  1.644147515296936
some episodes done, average rewards:  1.3294596672058105
some episodes done, average rewards:  2.0999951362609863
some episodes done, average rewards:  2.105132818222046
some episodes done, average rewards:  1.7994729280471802
some episodes done, average rewards:  2.2599661350250244
some episodes done, average rewards:  1.7291687726974487
some episodes done, average rewards:  1.9300097227096558
some episodes done, average rewards:  2.3848037719726562
some episodes done, average rewards:  1.417220950126648
some episodes done, average rewards:  2.5707590579986572
some episodes done, average rewards:  1.3513739109039307
some episodes done, average rewards:  1.4507349729537964
some episodes done, average rewards:  1.221736192703247
some episodes done, average rewards:  1.7578516006469727
some episodes done, average rewards:  2.2516541481018066
some episodes done, average rewards:  1.1297752857208252
some episodes done, average rewards:  1.3715274333953857
some episodes done, average rewards:  2.1551527976989746
some episodes done, average rewards:  2.3995776176452637
some episodes done, average rewards:  2.6855292320251465
some episodes done, average rewards:  1.8800050020217896
some episodes done, average rewards:  1.6684386730194092

Algo mappo Exp check updates 5975/6103 episodes, total num timesteps 97910784/100000000, FPS 4019.

some episodes done, average rewards:  1.510915756225586
some episodes done, average rewards:  1.6669117212295532
some episodes done, average rewards:  1.3241665363311768
some episodes done, average rewards:  1.7800822257995605
some episodes done, average rewards:  2.482940196990967
some episodes done, average rewards:  1.2117326259613037
some episodes done, average rewards:  1.4984296560287476
some episodes done, average rewards:  1.964941382408142
some episodes done, average rewards:  1.2825943231582642
some episodes done, average rewards:  2.113253593444824
some episodes done, average rewards:  1.0066407918930054
some episodes done, average rewards:  0.5516838431358337
some episodes done, average rewards:  2.134523391723633
some episodes done, average rewards:  1.8597084283828735
some episodes done, average rewards:  0.9440802931785583
some episodes done, average rewards:  0.9734405875205994
some episodes done, average rewards:  1.0252351760864258
some episodes done, average rewards:  1.786250352859497
some episodes done, average rewards:  1.1723763942718506
some episodes done, average rewards:  0.5946592688560486
some episodes done, average rewards:  1.2690727710723877
some episodes done, average rewards:  1.8913733959197998
some episodes done, average rewards:  2.46596097946167
some episodes done, average rewards:  1.3784888982772827
some episodes done, average rewards:  1.583034634590149

Algo mappo Exp check updates 6000/6103 episodes, total num timesteps 98320384/100000000, FPS 4019.

some episodes done, average rewards:  1.2924790382385254
some episodes done, average rewards:  1.2743287086486816
some episodes done, average rewards:  1.7850713729858398
some episodes done, average rewards:  1.6489911079406738
some episodes done, average rewards:  0.8514494895935059
some episodes done, average rewards:  1.759914517402649
some episodes done, average rewards:  1.2690798044204712
some episodes done, average rewards:  2.0089950561523438
some episodes done, average rewards:  1.037126898765564
some episodes done, average rewards:  1.8188955783843994
some episodes done, average rewards:  1.825474739074707
some episodes done, average rewards:  1.3476815223693848
some episodes done, average rewards:  1.3748681545257568
some episodes done, average rewards:  1.8114352226257324
some episodes done, average rewards:  1.862891435623169
some episodes done, average rewards:  1.7891874313354492
some episodes done, average rewards:  1.7601289749145508
some episodes done, average rewards:  1.7258081436157227
some episodes done, average rewards:  2.2525460720062256
some episodes done, average rewards:  1.857260823249817
some episodes done, average rewards:  1.9737125635147095
some episodes done, average rewards:  2.034904956817627
some episodes done, average rewards:  1.5786646604537964
some episodes done, average rewards:  1.4856494665145874
some episodes done, average rewards:  1.6771440505981445

Algo mappo Exp check updates 6025/6103 episodes, total num timesteps 98729984/100000000, FPS 4019.

some episodes done, average rewards:  1.3235127925872803
some episodes done, average rewards:  1.8587836027145386
some episodes done, average rewards:  1.1139031648635864
some episodes done, average rewards:  1.270188808441162
some episodes done, average rewards:  1.4797159433364868
some episodes done, average rewards:  0.9055168628692627
some episodes done, average rewards:  1.0680344104766846
some episodes done, average rewards:  1.623848795890808
some episodes done, average rewards:  0.9032025933265686
some episodes done, average rewards:  1.5413862466812134
some episodes done, average rewards:  1.3809572458267212
some episodes done, average rewards:  1.8095003366470337
some episodes done, average rewards:  0.910959780216217
some episodes done, average rewards:  1.2123396396636963
some episodes done, average rewards:  1.027335524559021
some episodes done, average rewards:  1.3405507802963257
some episodes done, average rewards:  1.8761544227600098
some episodes done, average rewards:  0.863841712474823
some episodes done, average rewards:  1.115814208984375
some episodes done, average rewards:  0.5833068490028381
some episodes done, average rewards:  1.3490442037582397
some episodes done, average rewards:  1.3521350622177124
some episodes done, average rewards:  0.9980301856994629
some episodes done, average rewards:  1.7707586288452148
Loading extension module gymtorch...
Gym has been unmaintained since 2022 and does not support NumPy 2.0 amongst other critical functionality.
Please upgrade to Gymnasium, the maintained drop-in replacement of Gym, or contact the authors of your software and request that they upgrade.
Users of this version of Gym should be able to simply replace 'import gym' with 'import gymnasium as gym' in the vast majority of cases.
See the migration guide at https://gymnasium.farama.org/introduction/migration_guide/ for additional information.
/home/caozhuo/miniconda3/envs/rlgpu3/lib/python3.8/site-packages/gym/spaces/box.py:127: UserWarning: [33mWARN: Box bound precision lowered by casting to float32[0m
  logger.warn(f"Box bound precision lowered by casting to {self.dtype}")
some episodes done, average rewards:  1.1669594049453735

Algo mappo Exp check updates 6050/6103 episodes, total num timesteps 99139584/100000000, FPS 4018.

some episodes done, average rewards:  1.488968849182129
some episodes done, average rewards:  0.7621951103210449
some episodes done, average rewards:  1.433182716369629
some episodes done, average rewards:  1.1554051637649536
some episodes done, average rewards:  1.0845880508422852
some episodes done, average rewards:  0.9703451991081238
some episodes done, average rewards:  0.9194756746292114
some episodes done, average rewards:  0.8737559914588928
some episodes done, average rewards:  1.3203476667404175
some episodes done, average rewards:  1.1710305213928223
some episodes done, average rewards:  1.508787989616394
some episodes done, average rewards:  1.4360944032669067
some episodes done, average rewards:  1.1998885869979858
some episodes done, average rewards:  0.8874302506446838
some episodes done, average rewards:  1.044516682624817
some episodes done, average rewards:  1.2092950344085693
some episodes done, average rewards:  1.4138010740280151
some episodes done, average rewards:  1.3046482801437378
some episodes done, average rewards:  1.4414316415786743
some episodes done, average rewards:  0.9534360766410828
some episodes done, average rewards:  1.3954063653945923
some episodes done, average rewards:  0.6800019145011902
some episodes done, average rewards:  1.5398386716842651
some episodes done, average rewards:  0.6692469120025635
some episodes done, average rewards:  2.0216455459594727

Algo mappo Exp check updates 6075/6103 episodes, total num timesteps 99549184/100000000, FPS 4019.

some episodes done, average rewards:  1.4345014095306396
some episodes done, average rewards:  1.6275649070739746
some episodes done, average rewards:  1.4666792154312134
some episodes done, average rewards:  1.3821638822555542
some episodes done, average rewards:  1.3681813478469849
some episodes done, average rewards:  1.84906005859375
some episodes done, average rewards:  1.4719023704528809
some episodes done, average rewards:  2.0620031356811523
some episodes done, average rewards:  1.2766865491867065
some episodes done, average rewards:  1.8789457082748413
some episodes done, average rewards:  1.845450520515442
some episodes done, average rewards:  2.0169665813446045
some episodes done, average rewards:  2.3043320178985596
some episodes done, average rewards:  2.105292797088623
some episodes done, average rewards:  1.3316621780395508
some episodes done, average rewards:  2.2741148471832275
some episodes done, average rewards:  1.6817924976348877
some episodes done, average rewards:  1.7710672616958618
some episodes done, average rewards:  2.051396131515503
some episodes done, average rewards:  1.5039178133010864
some episodes done, average rewards:  1.6609573364257812
some episodes done, average rewards:  2.1565170288085938
some episodes done, average rewards:  1.7693946361541748
some episodes done, average rewards:  1.5549126863479614
some episodes done, average rewards:  1.4185309410095215

Algo mappo Exp check updates 6100/6103 episodes, total num timesteps 99958784/100000000, FPS 4021.

some episodes done, average rewards:  2.3063032627105713
some episodes done, average rewards:  1.5726354122161865
some episodes done, average rewards:  2.1451544761657715