Importing module 'gym_38' (/home/caozhuo/isaacgym/python/isaacgym/_bindings/linux-x86_64/gym_38.so)
Setting GYM_USD_PLUG_INFO_PATH to /home/caozhuo/isaacgym/python/isaacgym/_bindings/linux-x86_64/usd/plugInfo.json
PyTorch version 2.4.1+cu121
Device count 8
/home/caozhuo/isaacgym/python/isaacgym/_bindings/src/gymtorch
Using /home/caozhuo/.cache/torch_extensions/py38_cu121 as PyTorch extensions root...
Emitting ninja build file /home/caozhuo/.cache/torch_extensions/py38_cu121/gymtorch/build.ninja...
Building extension module gymtorch...
Allowing ninja to set a default number of workers... (overridable by setting the environment variable MAX_JOBS=N)
ninja: no work to do.
Not connected to PVD
+++ Using GPU PhysX
Physics Engine: PhysX
Physics Device: cuda:0
GPU Pipeline: enabled
[Error] [carb.windowing-glfw.plugin] GLFW initialization failed.
[Error] [carb.windowing-glfw.plugin] GLFW window creation failed!
[Error] [carb.gym.plugin] Failed to create Window in CreateGymViewerInternal
Setting seed: 22
Algorithm:  mappo
Task type: MultiAgent
Averaging factor:  0.01
Obs type: full_state
ENTER ASSET CREATING!
self.num_allegro_hand_bodies:  23
self.num_allegro_hand_shapes:  28
self.num_allegro_hand_dofs:  22
self.num_allegro_hand_actuators:  22
self.num_allegro_hand_tendons:  0
another_hand_base_rigid_body_index:  29
hand_base_rigid_body_index:  6
RL device:  cuda:0
Actor(
  (base): MLPBase(
    (feature_norm): LayerNorm((450,), eps=1e-05, elementwise_affine=True)
    (mlp): MLPLayer(
      (fc1): Sequential(
        (0): Linear(in_features=450, out_features=512, bias=True)
        (1): ELU(alpha=1.0)
        (2): LayerNorm((512,), eps=1e-05, elementwise_affine=True)
      )
      (fc2): ModuleList(
        (0-1): 2 x Sequential(
          (0): Linear(in_features=512, out_features=512, bias=True)
          (1): ELU(alpha=1.0)
          (2): LayerNorm((512,), eps=1e-05, elementwise_affine=True)
        )
      )
    )
  )
  (act): ACTLayer(
    (action_out): DiagGaussian(
      (fc_mean): Linear(in_features=512, out_features=22, bias=True)
    )
  )
)
Critic(
  (base): MLPBase(
    (feature_norm): LayerNorm((215,), eps=1e-05, elementwise_affine=True)
    (mlp): MLPLayer(
      (fc1): Sequential(
        (0): Linear(in_features=215, out_features=512, bias=True)
        (1): ELU(alpha=1.0)
        (2): LayerNorm((512,), eps=1e-05, elementwise_affine=True)
      )
      (fc2): ModuleList(
        (0-1): 2 x Sequential(
          (0): Linear(in_features=512, out_features=512, bias=True)
          (1): ELU(alpha=1.0)
          (2): LayerNorm((512,), eps=1e-05, elementwise_affine=True)
        )
      )
    )
  )
  (v_out): Linear(in_features=512, out_features=1, bias=True)
)
Actor(
  (base): MLPBase(
    (feature_norm): LayerNorm((450,), eps=1e-05, elementwise_affine=True)
    (mlp): MLPLayer(
      (fc1): Sequential(
        (0): Linear(in_features=450, out_features=512, bias=True)
        (1): ELU(alpha=1.0)
        (2): LayerNorm((512,), eps=1e-05, elementwise_affine=True)
      )
      (fc2): ModuleList(
        (0-1): 2 x Sequential(
          (0): Linear(in_features=512, out_features=512, bias=True)
          (1): ELU(alpha=1.0)
          (2): LayerNorm((512,), eps=1e-05, elementwise_affine=True)
        )
      )
    )
  )
  (act): ACTLayer(
    (action_out): DiagGaussian(
      (fc_mean): Linear(in_features=512, out_features=22, bias=True)
    )
  )
)
Critic(
  (base): MLPBase(
    (feature_norm): LayerNorm((215,), eps=1e-05, elementwise_affine=True)
    (mlp): MLPLayer(
      (fc1): Sequential(
        (0): Linear(in_features=215, out_features=512, bias=True)
        (1): ELU(alpha=1.0)
        (2): LayerNorm((512,), eps=1e-05, elementwise_affine=True)
      )
      (fc2): ModuleList(
        (0-1): 2 x Sequential(
          (0): Linear(in_features=512, out_features=512, bias=True)
          (1): ELU(alpha=1.0)
          (2): LayerNorm((512,), eps=1e-05, elementwise_affine=True)
        )
      )
    )
  )
  (v_out): Linear(in_features=512, out_features=1, bias=True)
)

Algo mappo Exp check updates 0/6103 episodes, total num timesteps 16384/100000000, FPS 6803.

some episodes done, average rewards:  -0.03455192595720291
some episodes done, average rewards:  -0.049427248537540436
some episodes done, average rewards:  -0.060221318155527115
some episodes done, average rewards:  -0.06756807863712311
some episodes done, average rewards:  -0.05755080282688141
some episodes done, average rewards:  -0.05818692967295647
some episodes done, average rewards:  -0.05795921012759209
some episodes done, average rewards:  -0.04471958428621292
some episodes done, average rewards:  -0.04304904118180275
some episodes done, average rewards:  -0.02795577608048916
some episodes done, average rewards:  -0.01844698190689087
some episodes done, average rewards:  -0.0011973786167800426
some episodes done, average rewards:  -0.01146596111357212
some episodes done, average rewards:  0.007593056652694941
some episodes done, average rewards:  0.03381234407424927
some episodes done, average rewards:  -0.01336852740496397
some episodes done, average rewards:  0.004667831119149923
some episodes done, average rewards:  0.021626591682434082
some episodes done, average rewards:  0.040680620819330215
some episodes done, average rewards:  0.010818244889378548
some episodes done, average rewards:  0.03264207765460014
some episodes done, average rewards:  0.03819756582379341
some episodes done, average rewards:  0.04983730614185333
some episodes done, average rewards:  0.03642237186431885
some episodes done, average rewards:  0.043927159160375595

Algo mappo Exp check updates 25/6103 episodes, total num timesteps 425984/100000000, FPS 6821.

some episodes done, average rewards:  0.056386422365903854
some episodes done, average rewards:  0.0636051595211029
some episodes done, average rewards:  0.057940468192100525
some episodes done, average rewards:  0.059762343764305115
some episodes done, average rewards:  0.07374143600463867
some episodes done, average rewards:  0.060682058334350586
some episodes done, average rewards:  0.06407307833433151
some episodes done, average rewards:  0.06901407986879349
some episodes done, average rewards:  0.08104271441698074
some episodes done, average rewards:  0.06650044023990631
some episodes done, average rewards:  0.09456832706928253
some episodes done, average rewards:  0.0782947912812233
some episodes done, average rewards:  0.08433305472135544
some episodes done, average rewards:  0.09293060004711151
some episodes done, average rewards:  0.08913823962211609
some episodes done, average rewards:  0.0836203396320343
some episodes done, average rewards:  0.08882858604192734
some episodes done, average rewards:  0.08847487717866898
some episodes done, average rewards:  0.10188939422369003
some episodes done, average rewards:  0.11122854053974152
some episodes done, average rewards:  0.11241892725229263
some episodes done, average rewards:  0.12758761644363403
some episodes done, average rewards:  0.1064070388674736
some episodes done, average rewards:  0.13015013933181763
some episodes done, average rewards:  0.10273784399032593

Algo mappo Exp check updates 50/6103 episodes, total num timesteps 835584/100000000, FPS 6740.

some episodes done, average rewards:  0.13531999289989471
some episodes done, average rewards:  0.13398407399654388
some episodes done, average rewards:  0.1310947686433792
some episodes done, average rewards:  0.13668856024742126
some episodes done, average rewards:  0.13899745047092438
some episodes done, average rewards:  0.12985467910766602
some episodes done, average rewards:  0.15879972279071808
some episodes done, average rewards:  0.1447785347700119
some episodes done, average rewards:  0.1524583250284195
some episodes done, average rewards:  0.16148072481155396
some episodes done, average rewards:  0.18501336872577667
some episodes done, average rewards:  0.20108753442764282
some episodes done, average rewards:  0.21719296276569366
some episodes done, average rewards:  0.225064218044281
some episodes done, average rewards:  0.2400532364845276
some episodes done, average rewards:  0.23585782945156097
some episodes done, average rewards:  0.2424403429031372
some episodes done, average rewards:  0.2422007918357849
some episodes done, average rewards:  0.3231842815876007
some episodes done, average rewards:  0.2909769117832184
some episodes done, average rewards:  0.3125847578048706
some episodes done, average rewards:  0.3554302752017975
some episodes done, average rewards:  0.34884002804756165
some episodes done, average rewards:  0.38017842173576355
some episodes done, average rewards:  0.38454470038414

Algo mappo Exp check updates 75/6103 episodes, total num timesteps 1245184/100000000, FPS 6809.

some episodes done, average rewards:  0.4093932509422302
some episodes done, average rewards:  0.39399629831314087
some episodes done, average rewards:  0.39834415912628174
some episodes done, average rewards:  0.42484432458877563
some episodes done, average rewards:  0.4219803214073181
some episodes done, average rewards:  0.4435773491859436
some episodes done, average rewards:  0.46774888038635254
some episodes done, average rewards:  0.45794743299484253
some episodes done, average rewards:  0.48769935965538025
some episodes done, average rewards:  0.4792182147502899
some episodes done, average rewards:  0.4447203278541565
some episodes done, average rewards:  0.48366641998291016
some episodes done, average rewards:  0.4762400686740875
some episodes done, average rewards:  0.4993430972099304
some episodes done, average rewards:  0.49028119444847107
some episodes done, average rewards:  0.5067710280418396
some episodes done, average rewards:  0.5082923769950867
some episodes done, average rewards:  0.49116602540016174
some episodes done, average rewards:  0.5019126534461975
some episodes done, average rewards:  0.5005841851234436
some episodes done, average rewards:  0.5411435961723328
some episodes done, average rewards:  0.516300618648529
some episodes done, average rewards:  0.5301337242126465
some episodes done, average rewards:  0.5399559736251831
some episodes done, average rewards:  0.5276150703430176

Algo mappo Exp check updates 100/6103 episodes, total num timesteps 1654784/100000000, FPS 6911.

some episodes done, average rewards:  0.5570504069328308
some episodes done, average rewards:  0.5578669309616089
some episodes done, average rewards:  0.5295079946517944
some episodes done, average rewards:  0.522972822189331
some episodes done, average rewards:  0.5377923250198364
some episodes done, average rewards:  0.5504258275032043
some episodes done, average rewards:  0.5112977027893066
some episodes done, average rewards:  0.5457825064659119
some episodes done, average rewards:  0.5231863856315613
some episodes done, average rewards:  0.5295581817626953
some episodes done, average rewards:  0.5352440476417542
some episodes done, average rewards:  0.5361422896385193
some episodes done, average rewards:  0.5387482643127441
some episodes done, average rewards:  0.5510451197624207
some episodes done, average rewards:  0.5437365174293518
some episodes done, average rewards:  0.5582022666931152
some episodes done, average rewards:  0.5468854904174805
some episodes done, average rewards:  0.5451334714889526
some episodes done, average rewards:  0.5772616863250732
some episodes done, average rewards:  0.5901691317558289
some episodes done, average rewards:  0.5537641644477844
some episodes done, average rewards:  0.5526908040046692
some episodes done, average rewards:  0.5716737508773804
some episodes done, average rewards:  0.5650203824043274
some episodes done, average rewards:  0.5435777902603149

Algo mappo Exp check updates 125/6103 episodes, total num timesteps 2064384/100000000, FPS 6955.

some episodes done, average rewards:  0.5737324357032776
some episodes done, average rewards:  0.5825474262237549
some episodes done, average rewards:  0.5748213529586792
some episodes done, average rewards:  0.5976669788360596
some episodes done, average rewards:  0.5862237215042114
some episodes done, average rewards:  0.5614849925041199
some episodes done, average rewards:  0.5745642781257629
some episodes done, average rewards:  0.5715519785881042
some episodes done, average rewards:  0.5794339179992676
some episodes done, average rewards:  0.5900170207023621
some episodes done, average rewards:  0.5811958909034729
some episodes done, average rewards:  0.5613711476325989
some episodes done, average rewards:  0.60111004114151
some episodes done, average rewards:  0.5767977237701416
some episodes done, average rewards:  0.6011488437652588
some episodes done, average rewards:  0.5939978361129761
some episodes done, average rewards:  0.5758062601089478
some episodes done, average rewards:  0.6041982769966125
some episodes done, average rewards:  0.6041581034660339
some episodes done, average rewards:  0.617444634437561
some episodes done, average rewards:  0.6348513960838318
some episodes done, average rewards:  0.6212683320045471
some episodes done, average rewards:  0.6102333068847656
some episodes done, average rewards:  0.6212280988693237
some episodes done, average rewards:  0.6172540187835693

Algo mappo Exp check updates 150/6103 episodes, total num timesteps 2473984/100000000, FPS 7003.

some episodes done, average rewards:  0.6257612705230713
some episodes done, average rewards:  0.6238229870796204
some episodes done, average rewards:  0.6239101886749268
some episodes done, average rewards:  0.6162055730819702
some episodes done, average rewards:  0.6276381015777588
some episodes done, average rewards:  0.607036828994751
some episodes done, average rewards:  0.640285074710846
some episodes done, average rewards:  0.6463521122932434
some episodes done, average rewards:  0.6359764933586121
some episodes done, average rewards:  0.6578742861747742
some episodes done, average rewards:  0.6357725858688354
some episodes done, average rewards:  0.6375242471694946
some episodes done, average rewards:  0.6293023228645325
some episodes done, average rewards:  0.637470006942749
some episodes done, average rewards:  0.6374479532241821
some episodes done, average rewards:  0.6380481123924255
some episodes done, average rewards:  0.6498405933380127
some episodes done, average rewards:  0.6434503793716431
some episodes done, average rewards:  0.6563169956207275
some episodes done, average rewards:  0.6713870763778687
some episodes done, average rewards:  0.6290810704231262
some episodes done, average rewards:  0.618554949760437
some episodes done, average rewards:  0.6345036625862122
some episodes done, average rewards:  0.680867075920105
some episodes done, average rewards:  0.6538238525390625

Algo mappo Exp check updates 175/6103 episodes, total num timesteps 2883584/100000000, FPS 7073.

some episodes done, average rewards:  0.7096083760261536
some episodes done, average rewards:  0.6805904507637024
some episodes done, average rewards:  0.6594074368476868
some episodes done, average rewards:  0.6928481459617615
some episodes done, average rewards:  0.7364971041679382
some episodes done, average rewards:  0.6709074378013611
some episodes done, average rewards:  0.6965885758399963
some episodes done, average rewards:  0.7737207412719727
some episodes done, average rewards:  0.7639669179916382
some episodes done, average rewards:  0.6738461256027222
some episodes done, average rewards:  0.7474643588066101
some episodes done, average rewards:  0.7141568660736084
some episodes done, average rewards:  0.7717639207839966
some episodes done, average rewards:  0.7295565009117126
some episodes done, average rewards:  0.7389936447143555
some episodes done, average rewards:  0.7616179585456848
some episodes done, average rewards:  0.7842791080474854
some episodes done, average rewards:  0.7032544612884521
some episodes done, average rewards:  0.7221320271492004
some episodes done, average rewards:  0.7084314227104187
some episodes done, average rewards:  0.7202020287513733
some episodes done, average rewards:  0.7568910121917725
some episodes done, average rewards:  0.7056772112846375
some episodes done, average rewards:  0.7366753220558167
some episodes done, average rewards:  0.7736288905143738

Algo mappo Exp check updates 200/6103 episodes, total num timesteps 3293184/100000000, FPS 7109.

some episodes done, average rewards:  0.7492838501930237
some episodes done, average rewards:  0.7469201683998108
some episodes done, average rewards:  0.7764769792556763
some episodes done, average rewards:  0.752873420715332
some episodes done, average rewards:  0.7846727967262268
some episodes done, average rewards:  0.8102721571922302
some episodes done, average rewards:  0.8090614080429077
some episodes done, average rewards:  0.8209801316261292
some episodes done, average rewards:  0.7469165921211243
some episodes done, average rewards:  0.8167400360107422
some episodes done, average rewards:  0.8634465932846069
some episodes done, average rewards:  0.8283884525299072
some episodes done, average rewards:  0.8682851195335388
some episodes done, average rewards:  0.8653234839439392
some episodes done, average rewards:  0.8542225956916809
some episodes done, average rewards:  0.8032374978065491
some episodes done, average rewards:  0.874222993850708
some episodes done, average rewards:  0.8678590655326843
some episodes done, average rewards:  0.8381013870239258
some episodes done, average rewards:  0.9097533822059631
some episodes done, average rewards:  0.9128209948539734
some episodes done, average rewards:  0.9343851804733276
some episodes done, average rewards:  0.8969600200653076
some episodes done, average rewards:  0.9329921007156372
some episodes done, average rewards:  0.9198452234268188

Algo mappo Exp check updates 225/6103 episodes, total num timesteps 3702784/100000000, FPS 7119.

some episodes done, average rewards:  1.0574778318405151
some episodes done, average rewards:  0.96783846616745
some episodes done, average rewards:  0.9499646425247192
some episodes done, average rewards:  0.9138603210449219
some episodes done, average rewards:  1.0011731386184692
some episodes done, average rewards:  1.0152326822280884
some episodes done, average rewards:  0.9419045448303223
some episodes done, average rewards:  0.9656104445457458
some episodes done, average rewards:  1.0132877826690674
some episodes done, average rewards:  0.951959490776062
some episodes done, average rewards:  0.9972193837165833
some episodes done, average rewards:  1.0023250579833984
some episodes done, average rewards:  0.996880292892456
some episodes done, average rewards:  1.0096864700317383
some episodes done, average rewards:  0.9597885012626648
some episodes done, average rewards:  0.9680008292198181
some episodes done, average rewards:  1.0373451709747314
some episodes done, average rewards:  0.9896911978721619
some episodes done, average rewards:  1.0031310319900513
some episodes done, average rewards:  0.9922056794166565
some episodes done, average rewards:  0.9835565090179443
some episodes done, average rewards:  1.0232163667678833
some episodes done, average rewards:  0.9805768728256226
some episodes done, average rewards:  1.0322585105895996
some episodes done, average rewards:  0.9786011576652527

Algo mappo Exp check updates 250/6103 episodes, total num timesteps 4112384/100000000, FPS 7133.

some episodes done, average rewards:  1.0718510150909424
some episodes done, average rewards:  1.0439561605453491
some episodes done, average rewards:  1.0817456245422363
some episodes done, average rewards:  1.04499089717865
some episodes done, average rewards:  0.9379537105560303
some episodes done, average rewards:  1.043558955192566
some episodes done, average rewards:  1.0623403787612915
some episodes done, average rewards:  1.0158685445785522
some episodes done, average rewards:  1.026232123374939
some episodes done, average rewards:  1.047366976737976
some episodes done, average rewards:  1.0262608528137207
some episodes done, average rewards:  1.123483419418335
some episodes done, average rewards:  1.0484066009521484
some episodes done, average rewards:  1.090611457824707
some episodes done, average rewards:  1.0440202951431274
some episodes done, average rewards:  1.0411862134933472
some episodes done, average rewards:  1.1368101835250854
some episodes done, average rewards:  1.0253530740737915
some episodes done, average rewards:  1.0287965536117554
some episodes done, average rewards:  1.0157325267791748
some episodes done, average rewards:  1.0124019384384155
some episodes done, average rewards:  1.0576971769332886
some episodes done, average rewards:  1.036234736442566
some episodes done, average rewards:  1.0523443222045898
some episodes done, average rewards:  0.9989297389984131

Algo mappo Exp check updates 275/6103 episodes, total num timesteps 4521984/100000000, FPS 7135.

some episodes done, average rewards:  1.0830985307693481
some episodes done, average rewards:  1.1445671319961548
some episodes done, average rewards:  1.099367618560791
some episodes done, average rewards:  1.0518099069595337
some episodes done, average rewards:  1.0911282300949097
some episodes done, average rewards:  1.0060917139053345
some episodes done, average rewards:  1.0440040826797485
some episodes done, average rewards:  1.1290571689605713
some episodes done, average rewards:  0.9796269536018372
some episodes done, average rewards:  1.0768027305603027
some episodes done, average rewards:  1.0246737003326416
some episodes done, average rewards:  1.1382449865341187
some episodes done, average rewards:  1.1054013967514038
some episodes done, average rewards:  1.0551437139511108
some episodes done, average rewards:  1.130258560180664
some episodes done, average rewards:  1.0053086280822754
some episodes done, average rewards:  1.1141594648361206
some episodes done, average rewards:  1.1608980894088745
some episodes done, average rewards:  1.1149837970733643
some episodes done, average rewards:  1.041712760925293
some episodes done, average rewards:  1.110693097114563
some episodes done, average rewards:  1.2134904861450195
some episodes done, average rewards:  1.1056458950042725
some episodes done, average rewards:  1.148764967918396
some episodes done, average rewards:  1.0700334310531616

Algo mappo Exp check updates 300/6103 episodes, total num timesteps 4931584/100000000, FPS 7150.

some episodes done, average rewards:  1.162138819694519
some episodes done, average rewards:  1.1256526708602905
some episodes done, average rewards:  1.082309365272522
some episodes done, average rewards:  1.0642131567001343
some episodes done, average rewards:  1.1095281839370728
some episodes done, average rewards:  1.1169801950454712
some episodes done, average rewards:  0.9879704713821411
some episodes done, average rewards:  1.082531213760376
some episodes done, average rewards:  1.1154446601867676
some episodes done, average rewards:  1.0350061655044556
some episodes done, average rewards:  1.030701756477356
some episodes done, average rewards:  1.0741076469421387
some episodes done, average rewards:  1.1638048887252808
some episodes done, average rewards:  1.0789623260498047
some episodes done, average rewards:  1.0389448404312134
some episodes done, average rewards:  1.0679113864898682
some episodes done, average rewards:  1.2337745428085327
some episodes done, average rewards:  1.1218217611312866
some episodes done, average rewards:  1.1129835844039917
some episodes done, average rewards:  1.1574374437332153
some episodes done, average rewards:  1.1503207683563232
some episodes done, average rewards:  1.1546788215637207
some episodes done, average rewards:  1.1545917987823486
some episodes done, average rewards:  1.1472891569137573
some episodes done, average rewards:  1.1890203952789307

Algo mappo Exp check updates 325/6103 episodes, total num timesteps 5341184/100000000, FPS 7156.

some episodes done, average rewards:  1.1661148071289062
some episodes done, average rewards:  1.172867774963379
some episodes done, average rewards:  1.147096037864685
some episodes done, average rewards:  1.1778521537780762
some episodes done, average rewards:  1.1333272457122803
some episodes done, average rewards:  1.1471896171569824
some episodes done, average rewards:  1.2326602935791016
some episodes done, average rewards:  1.1016474962234497
some episodes done, average rewards:  1.301788091659546
some episodes done, average rewards:  1.1542867422103882
some episodes done, average rewards:  1.226952314376831
some episodes done, average rewards:  1.220665454864502
some episodes done, average rewards:  1.0999561548233032
some episodes done, average rewards:  1.1583423614501953
some episodes done, average rewards:  1.2140547037124634
some episodes done, average rewards:  1.2109243869781494
some episodes done, average rewards:  1.1962878704071045
some episodes done, average rewards:  1.1617199182510376
some episodes done, average rewards:  1.1770493984222412
some episodes done, average rewards:  1.0496373176574707
some episodes done, average rewards:  1.1505451202392578
some episodes done, average rewards:  1.0916024446487427
some episodes done, average rewards:  1.0796304941177368
some episodes done, average rewards:  1.1563102006912231
some episodes done, average rewards:  1.171646237373352

Algo mappo Exp check updates 350/6103 episodes, total num timesteps 5750784/100000000, FPS 7164.

some episodes done, average rewards:  1.1685311794281006
some episodes done, average rewards:  1.2219679355621338
some episodes done, average rewards:  1.1653705835342407
some episodes done, average rewards:  1.1794894933700562
some episodes done, average rewards:  1.1908020973205566
some episodes done, average rewards:  1.1241341829299927
some episodes done, average rewards:  1.1469810009002686
some episodes done, average rewards:  1.1605207920074463
some episodes done, average rewards:  1.177445888519287
some episodes done, average rewards:  1.1689064502716064
some episodes done, average rewards:  1.15113365650177
some episodes done, average rewards:  1.1952921152114868
some episodes done, average rewards:  1.1958186626434326
some episodes done, average rewards:  1.18002188205719
some episodes done, average rewards:  1.1366736888885498
some episodes done, average rewards:  1.1786980628967285
some episodes done, average rewards:  1.191357135772705
some episodes done, average rewards:  1.2593482732772827
some episodes done, average rewards:  1.1382558345794678
some episodes done, average rewards:  1.2194374799728394
some episodes done, average rewards:  1.2646795511245728
some episodes done, average rewards:  1.2327286005020142
some episodes done, average rewards:  1.3163187503814697
some episodes done, average rewards:  1.2245427370071411
some episodes done, average rewards:  1.0963300466537476

Algo mappo Exp check updates 375/6103 episodes, total num timesteps 6160384/100000000, FPS 7170.

some episodes done, average rewards:  1.1570892333984375
some episodes done, average rewards:  1.2157336473464966
some episodes done, average rewards:  1.1755653619766235
some episodes done, average rewards:  1.2106972932815552
some episodes done, average rewards:  1.0840421915054321
some episodes done, average rewards:  1.1066207885742188
some episodes done, average rewards:  1.2012532949447632
some episodes done, average rewards:  1.2324957847595215
some episodes done, average rewards:  1.1961408853530884
some episodes done, average rewards:  1.2873609066009521
some episodes done, average rewards:  1.2615418434143066
some episodes done, average rewards:  1.1891429424285889
some episodes done, average rewards:  1.3959475755691528
some episodes done, average rewards:  1.1923283338546753
some episodes done, average rewards:  1.3471482992172241
some episodes done, average rewards:  1.2772701978683472
some episodes done, average rewards:  1.4328445196151733
some episodes done, average rewards:  1.2091773748397827
some episodes done, average rewards:  1.2772502899169922
some episodes done, average rewards:  1.262787938117981
some episodes done, average rewards:  1.2438688278198242
some episodes done, average rewards:  1.2872474193572998
some episodes done, average rewards:  1.2354121208190918
some episodes done, average rewards:  1.3146166801452637
some episodes done, average rewards:  1.3432742357254028

Algo mappo Exp check updates 400/6103 episodes, total num timesteps 6569984/100000000, FPS 7178.

some episodes done, average rewards:  1.358116626739502
some episodes done, average rewards:  1.4248989820480347
some episodes done, average rewards:  1.3813167810440063
some episodes done, average rewards:  1.261468768119812
some episodes done, average rewards:  1.240077018737793
some episodes done, average rewards:  1.210767149925232
some episodes done, average rewards:  1.2809265851974487
some episodes done, average rewards:  1.2282798290252686
some episodes done, average rewards:  1.2873930931091309
some episodes done, average rewards:  1.263038158416748
some episodes done, average rewards:  1.3769136667251587
some episodes done, average rewards:  1.2650076150894165
some episodes done, average rewards:  1.4495733976364136
some episodes done, average rewards:  1.3284990787506104
some episodes done, average rewards:  1.3113596439361572
some episodes done, average rewards:  1.2888576984405518
some episodes done, average rewards:  1.4188135862350464
some episodes done, average rewards:  1.548305630683899
some episodes done, average rewards:  1.1903308629989624
some episodes done, average rewards:  1.2262130975723267
some episodes done, average rewards:  1.2974421977996826
some episodes done, average rewards:  1.3792872428894043
some episodes done, average rewards:  1.367233157157898
some episodes done, average rewards:  1.3773092031478882
some episodes done, average rewards:  1.349079966545105

Algo mappo Exp check updates 425/6103 episodes, total num timesteps 6979584/100000000, FPS 7181.

some episodes done, average rewards:  1.339894413948059
some episodes done, average rewards:  1.3226522207260132
some episodes done, average rewards:  1.4755018949508667
some episodes done, average rewards:  1.4311853647232056
some episodes done, average rewards:  1.3372454643249512
some episodes done, average rewards:  1.3105363845825195
some episodes done, average rewards:  1.419309377670288
some episodes done, average rewards:  1.4766377210617065
some episodes done, average rewards:  1.4013675451278687
some episodes done, average rewards:  1.51691734790802
some episodes done, average rewards:  1.4378840923309326
some episodes done, average rewards:  1.3478325605392456
some episodes done, average rewards:  1.3600316047668457
some episodes done, average rewards:  1.4754317998886108
some episodes done, average rewards:  1.4671152830123901
some episodes done, average rewards:  1.4148056507110596
some episodes done, average rewards:  1.3040987253189087
some episodes done, average rewards:  1.412010908126831
some episodes done, average rewards:  1.497864842414856
some episodes done, average rewards:  1.4496688842773438
some episodes done, average rewards:  1.3880592584609985
some episodes done, average rewards:  1.4189342260360718
some episodes done, average rewards:  1.4466155767440796
some episodes done, average rewards:  1.3870903253555298
some episodes done, average rewards:  1.549891471862793

Algo mappo Exp check updates 450/6103 episodes, total num timesteps 7389184/100000000, FPS 7192.

some episodes done, average rewards:  1.4810088872909546
some episodes done, average rewards:  1.5016059875488281
some episodes done, average rewards:  1.4591889381408691
some episodes done, average rewards:  1.4504683017730713
some episodes done, average rewards:  1.3948546648025513
some episodes done, average rewards:  1.454136848449707
some episodes done, average rewards:  1.487889051437378
some episodes done, average rewards:  1.5388762950897217
some episodes done, average rewards:  1.3364651203155518
some episodes done, average rewards:  1.5007433891296387
some episodes done, average rewards:  1.5591459274291992
some episodes done, average rewards:  1.4367421865463257
some episodes done, average rewards:  1.48515784740448
some episodes done, average rewards:  1.4041707515716553
some episodes done, average rewards:  1.3157155513763428
some episodes done, average rewards:  1.5222620964050293
some episodes done, average rewards:  1.4331638813018799
some episodes done, average rewards:  1.3746740818023682
some episodes done, average rewards:  1.3676090240478516
some episodes done, average rewards:  1.4698022603988647
some episodes done, average rewards:  1.3035023212432861
some episodes done, average rewards:  1.5003103017807007
some episodes done, average rewards:  1.5927329063415527
some episodes done, average rewards:  1.528795838356018
some episodes done, average rewards:  1.5384081602096558

Algo mappo Exp check updates 475/6103 episodes, total num timesteps 7798784/100000000, FPS 7194.

some episodes done, average rewards:  1.48247230052948
some episodes done, average rewards:  1.5083446502685547
some episodes done, average rewards:  1.5086491107940674
some episodes done, average rewards:  1.6507219076156616
some episodes done, average rewards:  1.6260684728622437
some episodes done, average rewards:  1.49517822265625
some episodes done, average rewards:  1.6218425035476685
some episodes done, average rewards:  1.5818709135055542
some episodes done, average rewards:  1.447558045387268
some episodes done, average rewards:  1.4345622062683105
some episodes done, average rewards:  1.5349023342132568
some episodes done, average rewards:  1.34621262550354
some episodes done, average rewards:  1.401018500328064
some episodes done, average rewards:  1.5372581481933594
some episodes done, average rewards:  1.6423991918563843
some episodes done, average rewards:  1.3857835531234741
some episodes done, average rewards:  1.563894271850586
some episodes done, average rewards:  1.4800190925598145
some episodes done, average rewards:  1.5087237358093262
some episodes done, average rewards:  1.4200365543365479
some episodes done, average rewards:  1.5439531803131104
some episodes done, average rewards:  1.5732187032699585
some episodes done, average rewards:  1.7065863609313965
some episodes done, average rewards:  1.5709141492843628
some episodes done, average rewards:  1.6604561805725098

Algo mappo Exp check updates 500/6103 episodes, total num timesteps 8208384/100000000, FPS 7188.

some episodes done, average rewards:  1.6904854774475098
some episodes done, average rewards:  1.66692316532135
some episodes done, average rewards:  1.5394484996795654
some episodes done, average rewards:  1.6715452671051025
some episodes done, average rewards:  1.6246423721313477
some episodes done, average rewards:  1.5036031007766724
some episodes done, average rewards:  1.628575086593628
some episodes done, average rewards:  1.4648727178573608
some episodes done, average rewards:  1.5975534915924072
some episodes done, average rewards:  1.4517626762390137
some episodes done, average rewards:  1.6178852319717407
some episodes done, average rewards:  1.7531471252441406
some episodes done, average rewards:  1.6593029499053955
some episodes done, average rewards:  1.6153264045715332
some episodes done, average rewards:  1.7121483087539673
some episodes done, average rewards:  1.7293518781661987
some episodes done, average rewards:  1.7165557146072388
some episodes done, average rewards:  1.734045147895813
some episodes done, average rewards:  1.6965516805648804
some episodes done, average rewards:  1.824164867401123
some episodes done, average rewards:  1.7552381753921509
some episodes done, average rewards:  1.8843505382537842
some episodes done, average rewards:  1.7770397663116455
some episodes done, average rewards:  1.8257893323898315
some episodes done, average rewards:  1.7234848737716675

Algo mappo Exp check updates 525/6103 episodes, total num timesteps 8617984/100000000, FPS 7186.

some episodes done, average rewards:  1.897858738899231
some episodes done, average rewards:  1.7896711826324463
some episodes done, average rewards:  1.7719522714614868
some episodes done, average rewards:  1.705648422241211
some episodes done, average rewards:  1.8754161596298218
some episodes done, average rewards:  1.6998436450958252
some episodes done, average rewards:  1.7511998414993286
some episodes done, average rewards:  1.7776572704315186
some episodes done, average rewards:  1.7815065383911133
some episodes done, average rewards:  1.9589380025863647
some episodes done, average rewards:  1.6862573623657227
some episodes done, average rewards:  1.6830962896347046
some episodes done, average rewards:  1.9259270429611206
some episodes done, average rewards:  1.8389793634414673
some episodes done, average rewards:  1.6219888925552368
some episodes done, average rewards:  1.7547168731689453
some episodes done, average rewards:  1.7765010595321655
some episodes done, average rewards:  1.8088059425354004
some episodes done, average rewards:  1.636771321296692
some episodes done, average rewards:  1.8349584341049194
some episodes done, average rewards:  1.8168715238571167
some episodes done, average rewards:  2.2686078548431396
some episodes done, average rewards:  1.980647087097168
some episodes done, average rewards:  2.096687078475952
some episodes done, average rewards:  1.9413182735443115

Algo mappo Exp check updates 550/6103 episodes, total num timesteps 9027584/100000000, FPS 7193.

some episodes done, average rewards:  1.8757693767547607
some episodes done, average rewards:  2.0217230319976807
some episodes done, average rewards:  1.7790809869766235
some episodes done, average rewards:  2.0681722164154053
some episodes done, average rewards:  1.9583160877227783
some episodes done, average rewards:  1.912835717201233
some episodes done, average rewards:  2.0029854774475098
some episodes done, average rewards:  1.902912974357605
some episodes done, average rewards:  2.0219647884368896
some episodes done, average rewards:  1.9172693490982056
some episodes done, average rewards:  1.797446846961975
some episodes done, average rewards:  1.8404511213302612
some episodes done, average rewards:  1.722806453704834
some episodes done, average rewards:  1.6275321245193481
some episodes done, average rewards:  1.4896302223205566
some episodes done, average rewards:  1.5134434700012207
some episodes done, average rewards:  1.6033728122711182
some episodes done, average rewards:  1.4871010780334473
some episodes done, average rewards:  1.5591217279434204
some episodes done, average rewards:  1.5277211666107178
some episodes done, average rewards:  1.6755080223083496
some episodes done, average rewards:  1.558823585510254
some episodes done, average rewards:  1.7316155433654785
some episodes done, average rewards:  1.63204026222229
some episodes done, average rewards:  1.6561168432235718

Algo mappo Exp check updates 575/6103 episodes, total num timesteps 9437184/100000000, FPS 7190.

some episodes done, average rewards:  1.792959451675415
some episodes done, average rewards:  1.7110835313796997
some episodes done, average rewards:  1.7816991806030273
some episodes done, average rewards:  1.7935099601745605
some episodes done, average rewards:  1.7038272619247437
some episodes done, average rewards:  1.7445824146270752
some episodes done, average rewards:  1.8352357149124146
some episodes done, average rewards:  1.7659306526184082
some episodes done, average rewards:  1.7859978675842285
some episodes done, average rewards:  1.892403244972229
some episodes done, average rewards:  1.9524521827697754
some episodes done, average rewards:  1.8775219917297363
some episodes done, average rewards:  1.9453272819519043
some episodes done, average rewards:  2.018000364303589
some episodes done, average rewards:  1.8630046844482422
some episodes done, average rewards:  2.0840089321136475
some episodes done, average rewards:  1.922554850578308
some episodes done, average rewards:  2.1930317878723145
some episodes done, average rewards:  1.8904637098312378
some episodes done, average rewards:  2.0923757553100586
some episodes done, average rewards:  2.023707628250122
some episodes done, average rewards:  1.9025241136550903
some episodes done, average rewards:  2.3037378787994385
some episodes done, average rewards:  1.8649179935455322
some episodes done, average rewards:  1.856370449066162

Algo mappo Exp check updates 600/6103 episodes, total num timesteps 9846784/100000000, FPS 7188.

some episodes done, average rewards:  1.9273104667663574
some episodes done, average rewards:  2.0410540103912354
some episodes done, average rewards:  2.0676944255828857
some episodes done, average rewards:  2.1884849071502686
some episodes done, average rewards:  2.163761615753174
some episodes done, average rewards:  2.1513969898223877
some episodes done, average rewards:  2.261075019836426
some episodes done, average rewards:  2.2220709323883057
some episodes done, average rewards:  2.232117176055908
some episodes done, average rewards:  2.2311160564422607
some episodes done, average rewards:  2.2007863521575928
some episodes done, average rewards:  2.087493658065796
some episodes done, average rewards:  2.361560106277466
some episodes done, average rewards:  2.3082051277160645
some episodes done, average rewards:  2.1825053691864014
some episodes done, average rewards:  2.18072772026062
some episodes done, average rewards:  2.343247652053833
some episodes done, average rewards:  2.04353928565979
some episodes done, average rewards:  2.1174864768981934
some episodes done, average rewards:  2.2324752807617188
some episodes done, average rewards:  2.152519941329956
some episodes done, average rewards:  2.2691431045532227
some episodes done, average rewards:  2.229158878326416
some episodes done, average rewards:  2.1135714054107666
some episodes done, average rewards:  2.1422553062438965

Algo mappo Exp check updates 625/6103 episodes, total num timesteps 10256384/100000000, FPS 7184.

some episodes done, average rewards:  1.8800041675567627
some episodes done, average rewards:  2.0973165035247803
some episodes done, average rewards:  2.036651849746704
some episodes done, average rewards:  2.1974973678588867
some episodes done, average rewards:  2.150881767272949
some episodes done, average rewards:  2.0683493614196777
some episodes done, average rewards:  2.1808464527130127
some episodes done, average rewards:  2.011958122253418
some episodes done, average rewards:  2.037963390350342
some episodes done, average rewards:  2.103368043899536
some episodes done, average rewards:  2.2602741718292236
some episodes done, average rewards:  2.1224019527435303
some episodes done, average rewards:  1.9608466625213623
some episodes done, average rewards:  1.976701021194458
some episodes done, average rewards:  2.326223134994507
some episodes done, average rewards:  2.12780499458313
some episodes done, average rewards:  2.0887820720672607
some episodes done, average rewards:  1.9646625518798828
some episodes done, average rewards:  2.1073174476623535
some episodes done, average rewards:  2.1303000450134277
some episodes done, average rewards:  2.306983232498169
some episodes done, average rewards:  2.2245442867279053
some episodes done, average rewards:  2.0867760181427
some episodes done, average rewards:  2.1039493083953857
some episodes done, average rewards:  2.059614658355713

Algo mappo Exp check updates 650/6103 episodes, total num timesteps 10665984/100000000, FPS 7175.

some episodes done, average rewards:  2.1472744941711426
some episodes done, average rewards:  2.2395436763763428
some episodes done, average rewards:  1.9913039207458496
some episodes done, average rewards:  2.1460134983062744
some episodes done, average rewards:  2.0936710834503174
some episodes done, average rewards:  2.1988396644592285
some episodes done, average rewards:  2.3342700004577637
some episodes done, average rewards:  2.216432809829712
some episodes done, average rewards:  2.255566120147705
some episodes done, average rewards:  2.111480712890625
some episodes done, average rewards:  2.208970308303833
some episodes done, average rewards:  2.2023987770080566
some episodes done, average rewards:  2.077834367752075
some episodes done, average rewards:  2.0017659664154053
some episodes done, average rewards:  2.125107765197754
some episodes done, average rewards:  2.0923612117767334
some episodes done, average rewards:  2.235468626022339
some episodes done, average rewards:  2.2088775634765625
some episodes done, average rewards:  2.2927229404449463
some episodes done, average rewards:  2.3660717010498047
some episodes done, average rewards:  2.1728549003601074
some episodes done, average rewards:  2.1272709369659424
some episodes done, average rewards:  2.179187536239624
some episodes done, average rewards:  2.0190250873565674
some episodes done, average rewards:  2.249983549118042

Algo mappo Exp check updates 675/6103 episodes, total num timesteps 11075584/100000000, FPS 7166.

some episodes done, average rewards:  2.1596429347991943
some episodes done, average rewards:  2.276759147644043
some episodes done, average rewards:  2.229253053665161
some episodes done, average rewards:  2.2318248748779297
some episodes done, average rewards:  2.387112855911255
some episodes done, average rewards:  2.1061160564422607
some episodes done, average rewards:  2.111234664916992
some episodes done, average rewards:  2.124990701675415
some episodes done, average rewards:  2.0939741134643555
some episodes done, average rewards:  2.163170337677002
some episodes done, average rewards:  2.2715604305267334
some episodes done, average rewards:  1.9666510820388794
some episodes done, average rewards:  2.132704734802246
some episodes done, average rewards:  2.155940532684326
some episodes done, average rewards:  2.045297145843506
some episodes done, average rewards:  2.2591347694396973
some episodes done, average rewards:  2.0718917846679688
some episodes done, average rewards:  1.8968708515167236
some episodes done, average rewards:  2.2683422565460205
some episodes done, average rewards:  2.1939573287963867
some episodes done, average rewards:  2.2554309368133545
some episodes done, average rewards:  2.439302682876587
some episodes done, average rewards:  2.222590446472168
some episodes done, average rewards:  2.1143219470977783
some episodes done, average rewards:  2.195162534713745

Algo mappo Exp check updates 700/6103 episodes, total num timesteps 11485184/100000000, FPS 7159.

some episodes done, average rewards:  2.247191905975342
some episodes done, average rewards:  2.1560916900634766
some episodes done, average rewards:  2.2630016803741455
some episodes done, average rewards:  2.3759305477142334
some episodes done, average rewards:  2.3165669441223145
some episodes done, average rewards:  2.173584461212158
some episodes done, average rewards:  2.0865492820739746
some episodes done, average rewards:  2.1415700912475586
some episodes done, average rewards:  2.06174373626709
some episodes done, average rewards:  1.9919555187225342
some episodes done, average rewards:  1.9056365489959717
some episodes done, average rewards:  1.908109426498413
some episodes done, average rewards:  1.9602140188217163
some episodes done, average rewards:  2.0887112617492676
some episodes done, average rewards:  2.046996831893921
some episodes done, average rewards:  2.0816097259521484
some episodes done, average rewards:  1.9828294515609741
some episodes done, average rewards:  1.8483740091323853
some episodes done, average rewards:  2.003305435180664
some episodes done, average rewards:  2.118583917617798
some episodes done, average rewards:  2.0505783557891846
some episodes done, average rewards:  2.189575672149658
some episodes done, average rewards:  2.1454296112060547
some episodes done, average rewards:  2.1112418174743652
some episodes done, average rewards:  2.1560325622558594

Algo mappo Exp check updates 725/6103 episodes, total num timesteps 11894784/100000000, FPS 7149.

some episodes done, average rewards:  2.243245840072632
some episodes done, average rewards:  2.0243964195251465
some episodes done, average rewards:  2.259439468383789
some episodes done, average rewards:  2.209350347518921
some episodes done, average rewards:  2.1998608112335205
some episodes done, average rewards:  2.380263328552246
some episodes done, average rewards:  2.3365297317504883
some episodes done, average rewards:  2.356236696243286
some episodes done, average rewards:  2.348261833190918
some episodes done, average rewards:  2.369011163711548
some episodes done, average rewards:  2.3901379108428955
some episodes done, average rewards:  2.5346686840057373
some episodes done, average rewards:  2.4092438220977783
some episodes done, average rewards:  2.3019821643829346
some episodes done, average rewards:  2.427659749984741
some episodes done, average rewards:  2.338987350463867
some episodes done, average rewards:  2.4367945194244385
some episodes done, average rewards:  2.3826308250427246
some episodes done, average rewards:  2.3989105224609375
some episodes done, average rewards:  2.491471529006958
some episodes done, average rewards:  2.3882241249084473
some episodes done, average rewards:  2.5255682468414307
some episodes done, average rewards:  2.363013982772827
some episodes done, average rewards:  2.389402151107788
some episodes done, average rewards:  2.3921103477478027

Algo mappo Exp check updates 750/6103 episodes, total num timesteps 12304384/100000000, FPS 7146.

some episodes done, average rewards:  2.591170072555542
some episodes done, average rewards:  2.478445291519165
some episodes done, average rewards:  2.376863956451416
some episodes done, average rewards:  2.279686689376831
some episodes done, average rewards:  2.3749592304229736
some episodes done, average rewards:  2.492237091064453
some episodes done, average rewards:  2.3020753860473633
some episodes done, average rewards:  2.3954813480377197
some episodes done, average rewards:  2.4608750343322754
some episodes done, average rewards:  2.3174118995666504
some episodes done, average rewards:  2.5982463359832764
some episodes done, average rewards:  2.5706286430358887
some episodes done, average rewards:  2.752225399017334
some episodes done, average rewards:  2.6028778553009033
some episodes done, average rewards:  2.342714548110962
some episodes done, average rewards:  2.414918899536133
some episodes done, average rewards:  2.2872252464294434
some episodes done, average rewards:  2.474952459335327
some episodes done, average rewards:  2.5187528133392334
some episodes done, average rewards:  2.4955966472625732
some episodes done, average rewards:  2.2456188201904297
some episodes done, average rewards:  2.4272079467773438
some episodes done, average rewards:  2.44569730758667
some episodes done, average rewards:  2.5318620204925537
some episodes done, average rewards:  2.3522698879241943

Algo mappo Exp check updates 775/6103 episodes, total num timesteps 12713984/100000000, FPS 7148.

some episodes done, average rewards:  2.374990940093994
some episodes done, average rewards:  2.042447328567505
some episodes done, average rewards:  2.4121344089508057
some episodes done, average rewards:  2.6334874629974365
some episodes done, average rewards:  2.4371869564056396
some episodes done, average rewards:  2.5010666847229004
some episodes done, average rewards:  2.4503285884857178
some episodes done, average rewards:  2.3826141357421875
some episodes done, average rewards:  2.4953384399414062
some episodes done, average rewards:  2.493023157119751
some episodes done, average rewards:  2.51090145111084
some episodes done, average rewards:  2.449183225631714
some episodes done, average rewards:  2.3195879459381104
some episodes done, average rewards:  2.4727158546447754
some episodes done, average rewards:  2.5649070739746094
some episodes done, average rewards:  2.4372639656066895
some episodes done, average rewards:  2.4872891902923584
some episodes done, average rewards:  2.3406920433044434
some episodes done, average rewards:  2.4527697563171387
some episodes done, average rewards:  2.6418778896331787
some episodes done, average rewards:  2.454796552658081
some episodes done, average rewards:  2.3654768466949463
some episodes done, average rewards:  2.4593265056610107
some episodes done, average rewards:  2.745527982711792
some episodes done, average rewards:  2.7002644538879395

Algo mappo Exp check updates 800/6103 episodes, total num timesteps 13123584/100000000, FPS 7150.

some episodes done, average rewards:  2.224351644515991
some episodes done, average rewards:  2.6434082984924316
some episodes done, average rewards:  2.4712111949920654
some episodes done, average rewards:  2.595020294189453
some episodes done, average rewards:  2.487581491470337
some episodes done, average rewards:  2.545713424682617
some episodes done, average rewards:  2.493788480758667
some episodes done, average rewards:  2.6201794147491455
some episodes done, average rewards:  2.4460010528564453
some episodes done, average rewards:  2.527165174484253
some episodes done, average rewards:  2.402772903442383
some episodes done, average rewards:  2.419689416885376
some episodes done, average rewards:  2.6754705905914307
some episodes done, average rewards:  2.6799662113189697
some episodes done, average rewards:  2.4856245517730713
some episodes done, average rewards:  2.4599297046661377
some episodes done, average rewards:  2.5086636543273926
some episodes done, average rewards:  2.7066521644592285
some episodes done, average rewards:  2.557478904724121
some episodes done, average rewards:  2.5890800952911377
some episodes done, average rewards:  2.6090071201324463
some episodes done, average rewards:  2.562556028366089
some episodes done, average rewards:  2.6079680919647217
some episodes done, average rewards:  2.7666473388671875
some episodes done, average rewards:  2.76118540763855

Algo mappo Exp check updates 825/6103 episodes, total num timesteps 13533184/100000000, FPS 7156.

some episodes done, average rewards:  2.513261318206787
some episodes done, average rewards:  2.732342481613159
some episodes done, average rewards:  2.641514301300049
some episodes done, average rewards:  2.905703067779541
some episodes done, average rewards:  2.7314088344573975
some episodes done, average rewards:  2.610414743423462
some episodes done, average rewards:  2.6087429523468018
some episodes done, average rewards:  2.629242420196533
some episodes done, average rewards:  2.5428688526153564
some episodes done, average rewards:  2.4381637573242188
some episodes done, average rewards:  2.4510703086853027
some episodes done, average rewards:  2.3539822101593018
some episodes done, average rewards:  2.4922449588775635
some episodes done, average rewards:  2.642753839492798
some episodes done, average rewards:  2.5305259227752686
some episodes done, average rewards:  2.378107786178589
some episodes done, average rewards:  2.6294705867767334
some episodes done, average rewards:  2.7016847133636475
some episodes done, average rewards:  2.7636728286743164
some episodes done, average rewards:  2.9125914573669434
some episodes done, average rewards:  2.772282600402832
some episodes done, average rewards:  2.6024060249328613
some episodes done, average rewards:  2.681875705718994
some episodes done, average rewards:  2.619434118270874
some episodes done, average rewards:  2.671459913253784

Algo mappo Exp check updates 850/6103 episodes, total num timesteps 13942784/100000000, FPS 7157.

some episodes done, average rewards:  2.6574811935424805
some episodes done, average rewards:  2.761997699737549
some episodes done, average rewards:  2.7455203533172607
some episodes done, average rewards:  2.61519718170166
some episodes done, average rewards:  2.5627593994140625
some episodes done, average rewards:  2.824295997619629
some episodes done, average rewards:  2.7714388370513916
some episodes done, average rewards:  2.531749963760376
some episodes done, average rewards:  2.8547680377960205
some episodes done, average rewards:  2.618436813354492
some episodes done, average rewards:  2.674617290496826
some episodes done, average rewards:  2.8194172382354736
some episodes done, average rewards:  2.9797816276550293
some episodes done, average rewards:  2.7285008430480957
some episodes done, average rewards:  2.680039167404175
some episodes done, average rewards:  2.8219656944274902
some episodes done, average rewards:  2.932453155517578
some episodes done, average rewards:  2.546335458755493
some episodes done, average rewards:  2.699902296066284
some episodes done, average rewards:  2.788668632507324
some episodes done, average rewards:  2.659054756164551
some episodes done, average rewards:  2.778254747390747
some episodes done, average rewards:  2.8329076766967773
some episodes done, average rewards:  2.7910752296447754
some episodes done, average rewards:  2.4859864711761475

Algo mappo Exp check updates 875/6103 episodes, total num timesteps 14352384/100000000, FPS 7162.

some episodes done, average rewards:  2.7201244831085205
some episodes done, average rewards:  2.652662992477417
some episodes done, average rewards:  2.8201904296875
some episodes done, average rewards:  2.595043659210205
some episodes done, average rewards:  2.7706899642944336
some episodes done, average rewards:  2.6438138484954834
some episodes done, average rewards:  2.6810367107391357
some episodes done, average rewards:  2.614361524581909
some episodes done, average rewards:  2.7760307788848877
some episodes done, average rewards:  3.0043888092041016
some episodes done, average rewards:  2.8368000984191895
some episodes done, average rewards:  2.805274486541748
some episodes done, average rewards:  2.623573064804077
some episodes done, average rewards:  2.583770275115967
some episodes done, average rewards:  2.6481099128723145
some episodes done, average rewards:  2.6778719425201416
some episodes done, average rewards:  2.7806339263916016
some episodes done, average rewards:  2.849196434020996
some episodes done, average rewards:  2.47196364402771
some episodes done, average rewards:  2.743572235107422
some episodes done, average rewards:  2.6370608806610107
some episodes done, average rewards:  2.8490445613861084
some episodes done, average rewards:  2.4453389644622803
some episodes done, average rewards:  2.880791425704956
some episodes done, average rewards:  2.6911966800689697

Algo mappo Exp check updates 900/6103 episodes, total num timesteps 14761984/100000000, FPS 7164.

some episodes done, average rewards:  2.584127426147461
some episodes done, average rewards:  2.752469778060913
some episodes done, average rewards:  2.8140804767608643
some episodes done, average rewards:  2.6285243034362793
some episodes done, average rewards:  2.771977663040161
some episodes done, average rewards:  2.4702203273773193
some episodes done, average rewards:  2.750323534011841
some episodes done, average rewards:  2.611027479171753
some episodes done, average rewards:  2.9332947731018066
some episodes done, average rewards:  2.69325590133667
some episodes done, average rewards:  2.639298439025879
some episodes done, average rewards:  2.6753365993499756
some episodes done, average rewards:  2.7986068725585938
some episodes done, average rewards:  2.812229633331299
some episodes done, average rewards:  2.8240034580230713
some episodes done, average rewards:  2.7086591720581055
some episodes done, average rewards:  2.640805959701538
some episodes done, average rewards:  2.7504515647888184
some episodes done, average rewards:  2.4774010181427
some episodes done, average rewards:  2.5279290676116943
some episodes done, average rewards:  2.539959192276001
some episodes done, average rewards:  2.8028323650360107
some episodes done, average rewards:  2.7266666889190674
some episodes done, average rewards:  2.538663625717163
some episodes done, average rewards:  2.7461628913879395

Algo mappo Exp check updates 925/6103 episodes, total num timesteps 15171584/100000000, FPS 7162.

some episodes done, average rewards:  2.596318006515503
some episodes done, average rewards:  2.976996898651123
some episodes done, average rewards:  2.784538984298706
some episodes done, average rewards:  2.614734172821045
some episodes done, average rewards:  2.7960634231567383
some episodes done, average rewards:  2.774359703063965
some episodes done, average rewards:  2.6807334423065186
some episodes done, average rewards:  2.458131790161133
some episodes done, average rewards:  2.584057331085205
some episodes done, average rewards:  2.553351402282715
some episodes done, average rewards:  2.6264419555664062
some episodes done, average rewards:  2.5998921394348145
some episodes done, average rewards:  2.5817220211029053
some episodes done, average rewards:  2.8637402057647705
some episodes done, average rewards:  2.444756269454956
some episodes done, average rewards:  2.6260826587677
some episodes done, average rewards:  2.627034902572632
some episodes done, average rewards:  2.7722856998443604
some episodes done, average rewards:  2.7465085983276367
some episodes done, average rewards:  2.8101441860198975
some episodes done, average rewards:  2.7724008560180664
some episodes done, average rewards:  2.6215686798095703
some episodes done, average rewards:  2.7211103439331055
some episodes done, average rewards:  3.024138927459717
some episodes done, average rewards:  2.733530282974243

Algo mappo Exp check updates 950/6103 episodes, total num timesteps 15581184/100000000, FPS 7163.

some episodes done, average rewards:  2.7103047370910645
some episodes done, average rewards:  2.856013774871826
some episodes done, average rewards:  3.1133368015289307
some episodes done, average rewards:  2.536475419998169
some episodes done, average rewards:  2.860741376876831
some episodes done, average rewards:  2.920545816421509
some episodes done, average rewards:  2.7942776679992676
some episodes done, average rewards:  2.881856679916382
some episodes done, average rewards:  2.685924530029297
some episodes done, average rewards:  2.7694602012634277
some episodes done, average rewards:  2.768805503845215
some episodes done, average rewards:  2.524867057800293
some episodes done, average rewards:  2.8442397117614746
some episodes done, average rewards:  2.6888034343719482
some episodes done, average rewards:  2.6319477558135986
some episodes done, average rewards:  2.7814249992370605
some episodes done, average rewards:  2.4570488929748535
some episodes done, average rewards:  2.7226665019989014
some episodes done, average rewards:  2.6361470222473145
some episodes done, average rewards:  2.7437329292297363
some episodes done, average rewards:  2.7294132709503174
some episodes done, average rewards:  2.749483823776245
some episodes done, average rewards:  2.6587722301483154
some episodes done, average rewards:  2.7934186458587646
some episodes done, average rewards:  2.6121580600738525

Algo mappo Exp check updates 975/6103 episodes, total num timesteps 15990784/100000000, FPS 7159.

some episodes done, average rewards:  2.568168878555298
some episodes done, average rewards:  2.6901235580444336
some episodes done, average rewards:  2.7298691272735596
some episodes done, average rewards:  2.775986909866333
some episodes done, average rewards:  2.6459171772003174
some episodes done, average rewards:  2.747058868408203
some episodes done, average rewards:  2.9257256984710693
some episodes done, average rewards:  2.6846745014190674
some episodes done, average rewards:  2.8675103187561035
some episodes done, average rewards:  2.588247299194336
some episodes done, average rewards:  2.702202558517456
some episodes done, average rewards:  2.784987449645996
some episodes done, average rewards:  2.7926106452941895
some episodes done, average rewards:  2.6444203853607178
some episodes done, average rewards:  3.000854969024658
some episodes done, average rewards:  2.591660261154175
some episodes done, average rewards:  2.8544816970825195
some episodes done, average rewards:  2.774529218673706
some episodes done, average rewards:  2.6325602531433105
some episodes done, average rewards:  2.7350449562072754
some episodes done, average rewards:  2.693108558654785
some episodes done, average rewards:  3.000505208969116
some episodes done, average rewards:  2.7250475883483887
some episodes done, average rewards:  2.683262825012207
some episodes done, average rewards:  3.0447449684143066

Algo mappo Exp check updates 1000/6103 episodes, total num timesteps 16400384/100000000, FPS 7161.

some episodes done, average rewards:  2.8143091201782227
some episodes done, average rewards:  2.805619955062866
some episodes done, average rewards:  2.6302547454833984
some episodes done, average rewards:  2.6569671630859375
some episodes done, average rewards:  2.812749147415161
some episodes done, average rewards:  2.8597683906555176
some episodes done, average rewards:  2.6081714630126953
some episodes done, average rewards:  2.7669575214385986
some episodes done, average rewards:  2.6840450763702393
some episodes done, average rewards:  2.9015495777130127
some episodes done, average rewards:  2.860531806945801
some episodes done, average rewards:  2.7778263092041016
some episodes done, average rewards:  2.6997342109680176
some episodes done, average rewards:  2.683716058731079
some episodes done, average rewards:  2.837686061859131
some episodes done, average rewards:  2.7593793869018555
some episodes done, average rewards:  2.6522164344787598
some episodes done, average rewards:  2.989025831222534
some episodes done, average rewards:  2.846374750137329
some episodes done, average rewards:  2.894562244415283
some episodes done, average rewards:  2.855354070663452
some episodes done, average rewards:  2.9348809719085693
some episodes done, average rewards:  2.9962151050567627
some episodes done, average rewards:  2.694664478302002
some episodes done, average rewards:  2.854872941970825

Algo mappo Exp check updates 1025/6103 episodes, total num timesteps 16809984/100000000, FPS 7158.

some episodes done, average rewards:  3.0544607639312744
some episodes done, average rewards:  2.8703770637512207
some episodes done, average rewards:  2.905958414077759
some episodes done, average rewards:  2.8316543102264404
some episodes done, average rewards:  2.846975564956665
some episodes done, average rewards:  2.968566656112671
some episodes done, average rewards:  3.1606245040893555
some episodes done, average rewards:  3.1901113986968994
some episodes done, average rewards:  2.989607334136963
some episodes done, average rewards:  2.96457576751709
some episodes done, average rewards:  2.9724998474121094
some episodes done, average rewards:  2.872377395629883
some episodes done, average rewards:  2.8977270126342773
some episodes done, average rewards:  2.9011118412017822
some episodes done, average rewards:  2.9134035110473633
some episodes done, average rewards:  2.9646732807159424
some episodes done, average rewards:  2.8307666778564453
some episodes done, average rewards:  2.861436605453491
some episodes done, average rewards:  2.9567465782165527
some episodes done, average rewards:  2.8013863563537598
some episodes done, average rewards:  2.694744110107422
some episodes done, average rewards:  2.8568966388702393
some episodes done, average rewards:  2.941169023513794
some episodes done, average rewards:  2.9956414699554443
some episodes done, average rewards:  2.9175069332122803

Algo mappo Exp check updates 1050/6103 episodes, total num timesteps 17219584/100000000, FPS 7156.

some episodes done, average rewards:  2.836329221725464
some episodes done, average rewards:  3.0619289875030518
some episodes done, average rewards:  2.8749899864196777
some episodes done, average rewards:  3.009063243865967
some episodes done, average rewards:  3.0499348640441895
some episodes done, average rewards:  2.8846969604492188
some episodes done, average rewards:  3.2000467777252197
some episodes done, average rewards:  3.1284213066101074
some episodes done, average rewards:  2.806330680847168
some episodes done, average rewards:  3.1127190589904785
some episodes done, average rewards:  2.853524684906006
some episodes done, average rewards:  3.085853338241577
some episodes done, average rewards:  3.009887218475342
some episodes done, average rewards:  2.936208724975586
some episodes done, average rewards:  3.2747890949249268
some episodes done, average rewards:  3.0374207496643066
some episodes done, average rewards:  3.172844409942627
some episodes done, average rewards:  3.0879383087158203
some episodes done, average rewards:  3.0618603229522705
some episodes done, average rewards:  2.982759714126587
some episodes done, average rewards:  3.3099613189697266
some episodes done, average rewards:  3.16081166267395
some episodes done, average rewards:  3.1362295150756836
some episodes done, average rewards:  2.9049158096313477
some episodes done, average rewards:  2.944117784500122

Algo mappo Exp check updates 1075/6103 episodes, total num timesteps 17629184/100000000, FPS 7155.

some episodes done, average rewards:  3.210764169692993
some episodes done, average rewards:  2.8703908920288086
some episodes done, average rewards:  3.0268852710723877
some episodes done, average rewards:  2.9719908237457275
some episodes done, average rewards:  2.8018062114715576
some episodes done, average rewards:  2.8672382831573486
some episodes done, average rewards:  2.939687728881836
some episodes done, average rewards:  3.2421109676361084
some episodes done, average rewards:  3.047999858856201
some episodes done, average rewards:  3.218355894088745
some episodes done, average rewards:  3.012277126312256
some episodes done, average rewards:  2.9581737518310547
some episodes done, average rewards:  3.0248360633850098
some episodes done, average rewards:  3.020226001739502
some episodes done, average rewards:  2.856159210205078
some episodes done, average rewards:  3.0466854572296143
some episodes done, average rewards:  3.021467924118042
some episodes done, average rewards:  3.106196165084839
some episodes done, average rewards:  2.995518207550049
some episodes done, average rewards:  3.186457872390747
some episodes done, average rewards:  3.0677947998046875
some episodes done, average rewards:  2.9508678913116455
some episodes done, average rewards:  3.111492872238159
some episodes done, average rewards:  3.024600028991699
some episodes done, average rewards:  3.0860700607299805

Algo mappo Exp check updates 1100/6103 episodes, total num timesteps 18038784/100000000, FPS 7153.

some episodes done, average rewards:  2.995786190032959
some episodes done, average rewards:  3.2265360355377197
some episodes done, average rewards:  2.9930102825164795
some episodes done, average rewards:  3.003298044204712
some episodes done, average rewards:  2.948542833328247
some episodes done, average rewards:  2.9653313159942627
some episodes done, average rewards:  3.0243794918060303
some episodes done, average rewards:  3.0324833393096924
some episodes done, average rewards:  3.0257511138916016
some episodes done, average rewards:  3.2151782512664795
some episodes done, average rewards:  3.193225860595703
some episodes done, average rewards:  3.199155807495117
some episodes done, average rewards:  3.0148696899414062
some episodes done, average rewards:  3.106323719024658
some episodes done, average rewards:  3.108382225036621
some episodes done, average rewards:  3.0247819423675537
some episodes done, average rewards:  2.8019962310791016
some episodes done, average rewards:  2.916232109069824
some episodes done, average rewards:  2.86118483543396
some episodes done, average rewards:  2.9432804584503174
some episodes done, average rewards:  3.08089280128479
some episodes done, average rewards:  3.045177936553955
some episodes done, average rewards:  3.1269521713256836
some episodes done, average rewards:  3.269698143005371
some episodes done, average rewards:  3.1290488243103027

Algo mappo Exp check updates 1125/6103 episodes, total num timesteps 18448384/100000000, FPS 7153.

some episodes done, average rewards:  3.2161448001861572
some episodes done, average rewards:  3.1922600269317627
some episodes done, average rewards:  2.8477985858917236
some episodes done, average rewards:  3.1853249073028564
some episodes done, average rewards:  3.0016939640045166
some episodes done, average rewards:  3.3298630714416504
some episodes done, average rewards:  3.09346604347229
some episodes done, average rewards:  3.211205005645752
some episodes done, average rewards:  3.2894198894500732
some episodes done, average rewards:  3.185567617416382
some episodes done, average rewards:  3.126332998275757
some episodes done, average rewards:  3.109675168991089
some episodes done, average rewards:  3.1694483757019043
some episodes done, average rewards:  3.329850435256958
some episodes done, average rewards:  3.2179348468780518
some episodes done, average rewards:  2.9307124614715576
some episodes done, average rewards:  3.130993366241455
some episodes done, average rewards:  3.2908051013946533
some episodes done, average rewards:  3.134620189666748
some episodes done, average rewards:  2.9971437454223633
some episodes done, average rewards:  2.920952081680298
some episodes done, average rewards:  3.0858078002929688
some episodes done, average rewards:  3.006716012954712
some episodes done, average rewards:  2.854200839996338
some episodes done, average rewards:  3.1565651893615723

Algo mappo Exp check updates 1150/6103 episodes, total num timesteps 18857984/100000000, FPS 7152.

some episodes done, average rewards:  3.1155645847320557
some episodes done, average rewards:  3.087491750717163
some episodes done, average rewards:  3.1295571327209473
some episodes done, average rewards:  3.1537370681762695
some episodes done, average rewards:  3.1478681564331055
some episodes done, average rewards:  3.3053810596466064
some episodes done, average rewards:  2.940070867538452
some episodes done, average rewards:  2.834038496017456
some episodes done, average rewards:  3.212677001953125
some episodes done, average rewards:  3.140247106552124
some episodes done, average rewards:  3.1160264015197754
some episodes done, average rewards:  3.408477783203125
some episodes done, average rewards:  3.2157914638519287
some episodes done, average rewards:  3.3190159797668457
some episodes done, average rewards:  3.0480520725250244
some episodes done, average rewards:  3.0656964778900146
some episodes done, average rewards:  3.135927438735962
some episodes done, average rewards:  3.0942742824554443
some episodes done, average rewards:  3.111910820007324
some episodes done, average rewards:  2.9851958751678467
some episodes done, average rewards:  3.231686592102051
some episodes done, average rewards:  3.080599546432495
some episodes done, average rewards:  3.047146797180176
some episodes done, average rewards:  3.078080892562866
some episodes done, average rewards:  3.0131027698516846

Algo mappo Exp check updates 1175/6103 episodes, total num timesteps 19267584/100000000, FPS 7147.

some episodes done, average rewards:  3.2096595764160156
some episodes done, average rewards:  3.167571544647217
some episodes done, average rewards:  2.9447309970855713
some episodes done, average rewards:  3.101048469543457
some episodes done, average rewards:  3.0059287548065186
some episodes done, average rewards:  3.1242780685424805
some episodes done, average rewards:  3.0165905952453613
some episodes done, average rewards:  3.1406068801879883
some episodes done, average rewards:  3.3748619556427
some episodes done, average rewards:  2.9821722507476807
some episodes done, average rewards:  3.1983985900878906
some episodes done, average rewards:  3.2346785068511963
some episodes done, average rewards:  3.2023539543151855
some episodes done, average rewards:  3.1768507957458496
some episodes done, average rewards:  3.654780387878418
some episodes done, average rewards:  3.54286789894104
some episodes done, average rewards:  3.2396275997161865
some episodes done, average rewards:  3.199930429458618
some episodes done, average rewards:  3.261359214782715
some episodes done, average rewards:  3.4591312408447266
some episodes done, average rewards:  3.6155104637145996
some episodes done, average rewards:  3.3761558532714844
some episodes done, average rewards:  3.2543141841888428
some episodes done, average rewards:  3.4857208728790283
some episodes done, average rewards:  3.4247844219207764

Algo mappo Exp check updates 1200/6103 episodes, total num timesteps 19677184/100000000, FPS 7146.

some episodes done, average rewards:  3.023468255996704
some episodes done, average rewards:  3.430786371231079
some episodes done, average rewards:  3.4878926277160645
some episodes done, average rewards:  3.2190868854522705
some episodes done, average rewards:  3.2941129207611084
some episodes done, average rewards:  3.0878970623016357
some episodes done, average rewards:  3.4373128414154053
some episodes done, average rewards:  3.112898588180542
some episodes done, average rewards:  3.3219552040100098
some episodes done, average rewards:  3.474954605102539
some episodes done, average rewards:  3.3016674518585205
some episodes done, average rewards:  3.4677703380584717
some episodes done, average rewards:  3.284658193588257
some episodes done, average rewards:  3.2524213790893555
some episodes done, average rewards:  3.265228748321533
some episodes done, average rewards:  3.4149861335754395
some episodes done, average rewards:  3.3124804496765137
some episodes done, average rewards:  3.357971429824829
some episodes done, average rewards:  3.3064160346984863
some episodes done, average rewards:  3.1034839153289795
some episodes done, average rewards:  3.3385941982269287
some episodes done, average rewards:  3.228515148162842
some episodes done, average rewards:  3.221848726272583
some episodes done, average rewards:  3.1517581939697266
some episodes done, average rewards:  3.0540242195129395

Algo mappo Exp check updates 1225/6103 episodes, total num timesteps 20086784/100000000, FPS 7146.

some episodes done, average rewards:  3.079174518585205
some episodes done, average rewards:  3.261476755142212
some episodes done, average rewards:  3.3296682834625244
some episodes done, average rewards:  3.2466819286346436
some episodes done, average rewards:  3.2986700534820557
some episodes done, average rewards:  2.9625561237335205
some episodes done, average rewards:  3.0822031497955322
some episodes done, average rewards:  3.2727503776550293
some episodes done, average rewards:  3.1499924659729004
some episodes done, average rewards:  3.1058521270751953
some episodes done, average rewards:  3.1594488620758057
some episodes done, average rewards:  3.2352964878082275
some episodes done, average rewards:  3.1708672046661377
some episodes done, average rewards:  2.992004871368408
some episodes done, average rewards:  3.148247003555298
some episodes done, average rewards:  3.0733211040496826
some episodes done, average rewards:  3.021347761154175
some episodes done, average rewards:  3.10498046875
some episodes done, average rewards:  3.0645484924316406
some episodes done, average rewards:  3.186347007751465
some episodes done, average rewards:  3.343989372253418
some episodes done, average rewards:  3.2338688373565674
some episodes done, average rewards:  3.119832754135132
some episodes done, average rewards:  3.1866848468780518
some episodes done, average rewards:  3.028607130050659

Algo mappo Exp check updates 1250/6103 episodes, total num timesteps 20496384/100000000, FPS 7144.

some episodes done, average rewards:  3.1950771808624268
some episodes done, average rewards:  3.243154764175415
some episodes done, average rewards:  3.0949642658233643
some episodes done, average rewards:  3.158421754837036
some episodes done, average rewards:  3.295820713043213
some episodes done, average rewards:  3.1782419681549072
some episodes done, average rewards:  3.0172371864318848
some episodes done, average rewards:  2.9744882583618164
some episodes done, average rewards:  3.1496198177337646
some episodes done, average rewards:  3.3236124515533447
some episodes done, average rewards:  3.196532726287842
some episodes done, average rewards:  3.4098308086395264
some episodes done, average rewards:  3.2371530532836914
some episodes done, average rewards:  2.9512274265289307
some episodes done, average rewards:  3.007619857788086
some episodes done, average rewards:  3.0967986583709717
some episodes done, average rewards:  3.1390349864959717
some episodes done, average rewards:  3.1907355785369873
some episodes done, average rewards:  3.350093126296997
some episodes done, average rewards:  3.2080512046813965
some episodes done, average rewards:  3.0132224559783936
some episodes done, average rewards:  3.1730949878692627
some episodes done, average rewards:  3.1864206790924072
some episodes done, average rewards:  3.431567907333374
some episodes done, average rewards:  2.846538543701172

Algo mappo Exp check updates 1275/6103 episodes, total num timesteps 20905984/100000000, FPS 7143.

some episodes done, average rewards:  3.196845531463623
some episodes done, average rewards:  3.132237195968628
some episodes done, average rewards:  3.0742383003234863
some episodes done, average rewards:  3.1849722862243652
some episodes done, average rewards:  3.384061813354492
some episodes done, average rewards:  3.078913927078247
some episodes done, average rewards:  3.0615508556365967
some episodes done, average rewards:  3.249511241912842
some episodes done, average rewards:  3.398512125015259
some episodes done, average rewards:  3.585245370864868
some episodes done, average rewards:  3.32185959815979
some episodes done, average rewards:  3.4461851119995117
some episodes done, average rewards:  3.2906553745269775
some episodes done, average rewards:  3.309399127960205
some episodes done, average rewards:  3.353379249572754
some episodes done, average rewards:  3.3397512435913086
some episodes done, average rewards:  3.14060640335083
some episodes done, average rewards:  3.1283504962921143
some episodes done, average rewards:  3.2308523654937744
some episodes done, average rewards:  3.459296464920044
some episodes done, average rewards:  3.1237871646881104
some episodes done, average rewards:  3.3798277378082275
some episodes done, average rewards:  3.5594778060913086
some episodes done, average rewards:  3.0835821628570557
some episodes done, average rewards:  3.2781267166137695

Algo mappo Exp check updates 1300/6103 episodes, total num timesteps 21315584/100000000, FPS 7141.

some episodes done, average rewards:  3.2553985118865967
some episodes done, average rewards:  3.168898105621338
some episodes done, average rewards:  3.3518311977386475
some episodes done, average rewards:  3.397665500640869
some episodes done, average rewards:  3.4460675716400146
some episodes done, average rewards:  3.364530086517334
some episodes done, average rewards:  3.232515811920166
some episodes done, average rewards:  3.3175578117370605
some episodes done, average rewards:  3.3127763271331787
some episodes done, average rewards:  3.2373082637786865
some episodes done, average rewards:  3.1984059810638428
some episodes done, average rewards:  3.3109543323516846
some episodes done, average rewards:  3.2628135681152344
some episodes done, average rewards:  3.361128807067871
some episodes done, average rewards:  3.2513020038604736
some episodes done, average rewards:  3.1907143592834473
some episodes done, average rewards:  3.402082920074463
some episodes done, average rewards:  3.212486982345581
some episodes done, average rewards:  3.267427921295166
some episodes done, average rewards:  3.1703145503997803
some episodes done, average rewards:  3.345731735229492
some episodes done, average rewards:  3.2404606342315674
some episodes done, average rewards:  3.2325854301452637
some episodes done, average rewards:  3.4677648544311523
some episodes done, average rewards:  3.0955286026000977

Algo mappo Exp check updates 1325/6103 episodes, total num timesteps 21725184/100000000, FPS 7140.

some episodes done, average rewards:  3.2050657272338867
some episodes done, average rewards:  3.323080539703369
some episodes done, average rewards:  2.9361815452575684
some episodes done, average rewards:  3.15798282623291
some episodes done, average rewards:  3.2537877559661865
some episodes done, average rewards:  3.295374870300293
some episodes done, average rewards:  3.2244341373443604
some episodes done, average rewards:  3.0704615116119385
some episodes done, average rewards:  3.2420361042022705
some episodes done, average rewards:  3.279243230819702
some episodes done, average rewards:  3.1326730251312256
some episodes done, average rewards:  3.4921109676361084
some episodes done, average rewards:  3.528127908706665
some episodes done, average rewards:  3.259519338607788
some episodes done, average rewards:  3.487462043762207
some episodes done, average rewards:  3.064422607421875
some episodes done, average rewards:  3.3260891437530518
some episodes done, average rewards:  3.3705835342407227
some episodes done, average rewards:  3.3888463973999023
some episodes done, average rewards:  3.3290634155273438
some episodes done, average rewards:  3.2731361389160156
some episodes done, average rewards:  3.288958787918091
some episodes done, average rewards:  3.5809900760650635
some episodes done, average rewards:  3.410137891769409
some episodes done, average rewards:  3.5991721153259277

Algo mappo Exp check updates 1350/6103 episodes, total num timesteps 22134784/100000000, FPS 7144.

some episodes done, average rewards:  2.797518730163574
some episodes done, average rewards:  3.2194271087646484
some episodes done, average rewards:  3.2172043323516846
some episodes done, average rewards:  3.4013559818267822
some episodes done, average rewards:  3.2634494304656982
some episodes done, average rewards:  3.1827375888824463
some episodes done, average rewards:  3.34865140914917
some episodes done, average rewards:  3.4147841930389404
some episodes done, average rewards:  3.4533965587615967
some episodes done, average rewards:  3.106853723526001
some episodes done, average rewards:  3.426218032836914
some episodes done, average rewards:  3.4717488288879395
some episodes done, average rewards:  3.3630800247192383
some episodes done, average rewards:  3.4077792167663574
some episodes done, average rewards:  3.5539803504943848
some episodes done, average rewards:  3.5078606605529785
some episodes done, average rewards:  3.492537260055542
some episodes done, average rewards:  3.5351738929748535
some episodes done, average rewards:  3.2688963413238525
some episodes done, average rewards:  3.419248342514038
some episodes done, average rewards:  3.6328654289245605
some episodes done, average rewards:  3.3573379516601562
some episodes done, average rewards:  3.4109857082366943
some episodes done, average rewards:  3.4381353855133057
some episodes done, average rewards:  3.1827778816223145

Algo mappo Exp check updates 1375/6103 episodes, total num timesteps 22544384/100000000, FPS 7149.

some episodes done, average rewards:  3.2235798835754395
some episodes done, average rewards:  3.6040165424346924
some episodes done, average rewards:  3.492079973220825
some episodes done, average rewards:  3.3227720260620117
some episodes done, average rewards:  3.4629249572753906
some episodes done, average rewards:  3.428692579269409
some episodes done, average rewards:  3.5325875282287598
some episodes done, average rewards:  3.661564826965332
some episodes done, average rewards:  3.388679265975952
some episodes done, average rewards:  3.656968355178833
some episodes done, average rewards:  3.412956953048706
some episodes done, average rewards:  3.692352771759033
some episodes done, average rewards:  3.441126585006714
some episodes done, average rewards:  3.6758503913879395
some episodes done, average rewards:  3.6466288566589355
some episodes done, average rewards:  3.5384902954101562
some episodes done, average rewards:  3.448601484298706
some episodes done, average rewards:  3.3741843700408936
some episodes done, average rewards:  3.472468376159668
some episodes done, average rewards:  3.6466126441955566
some episodes done, average rewards:  3.668023109436035
some episodes done, average rewards:  3.499490976333618
some episodes done, average rewards:  3.9277307987213135
some episodes done, average rewards:  3.700810670852661
some episodes done, average rewards:  3.4215192794799805

Algo mappo Exp check updates 1400/6103 episodes, total num timesteps 22953984/100000000, FPS 7153.

some episodes done, average rewards:  3.4125921726226807
some episodes done, average rewards:  3.3037991523742676
some episodes done, average rewards:  3.1513373851776123
some episodes done, average rewards:  3.5899438858032227
some episodes done, average rewards:  3.4854202270507812
some episodes done, average rewards:  3.590632677078247
some episodes done, average rewards:  3.639803647994995
some episodes done, average rewards:  3.6729066371917725
some episodes done, average rewards:  3.298250675201416
some episodes done, average rewards:  3.7598984241485596
some episodes done, average rewards:  3.5394155979156494
some episodes done, average rewards:  3.7928483486175537
some episodes done, average rewards:  3.7227299213409424
some episodes done, average rewards:  3.775861978530884
some episodes done, average rewards:  3.593062162399292
some episodes done, average rewards:  3.4648969173431396
some episodes done, average rewards:  3.7156288623809814
some episodes done, average rewards:  3.50480580329895
some episodes done, average rewards:  3.6546976566314697
some episodes done, average rewards:  3.4536688327789307
some episodes done, average rewards:  3.4396066665649414
some episodes done, average rewards:  3.516427755355835
some episodes done, average rewards:  3.7749595642089844
some episodes done, average rewards:  3.5168964862823486
some episodes done, average rewards:  3.5161805152893066

Algo mappo Exp check updates 1425/6103 episodes, total num timesteps 23363584/100000000, FPS 7158.

some episodes done, average rewards:  3.5260813236236572
some episodes done, average rewards:  3.715487480163574
some episodes done, average rewards:  3.649322509765625
some episodes done, average rewards:  3.504575252532959
some episodes done, average rewards:  3.416090250015259
some episodes done, average rewards:  3.478543758392334
some episodes done, average rewards:  3.483034133911133
some episodes done, average rewards:  3.3856241703033447
some episodes done, average rewards:  3.6282801628112793
some episodes done, average rewards:  3.277322292327881
some episodes done, average rewards:  3.219852924346924
some episodes done, average rewards:  3.422498941421509
some episodes done, average rewards:  3.6527209281921387
some episodes done, average rewards:  3.310041904449463
some episodes done, average rewards:  3.4328501224517822
some episodes done, average rewards:  3.3921616077423096
some episodes done, average rewards:  3.7306063175201416
some episodes done, average rewards:  3.3442013263702393
some episodes done, average rewards:  3.4019362926483154
some episodes done, average rewards:  3.5209896564483643
some episodes done, average rewards:  3.532276153564453
some episodes done, average rewards:  3.49125337600708
some episodes done, average rewards:  3.518233299255371
some episodes done, average rewards:  3.429891586303711
some episodes done, average rewards:  3.513078212738037

Algo mappo Exp check updates 1450/6103 episodes, total num timesteps 23773184/100000000, FPS 7162.

some episodes done, average rewards:  3.245882272720337
some episodes done, average rewards:  3.5259268283843994
some episodes done, average rewards:  3.684924602508545
some episodes done, average rewards:  3.7028634548187256
some episodes done, average rewards:  3.4595680236816406
some episodes done, average rewards:  3.738788604736328
some episodes done, average rewards:  3.6028852462768555
some episodes done, average rewards:  3.5773632526397705
some episodes done, average rewards:  3.8629910945892334
some episodes done, average rewards:  3.546983480453491
some episodes done, average rewards:  3.5571653842926025
some episodes done, average rewards:  3.4101641178131104
some episodes done, average rewards:  3.4822566509246826
some episodes done, average rewards:  3.516057014465332
some episodes done, average rewards:  3.6557109355926514
some episodes done, average rewards:  3.5959665775299072
some episodes done, average rewards:  3.7105305194854736
some episodes done, average rewards:  3.664720296859741
some episodes done, average rewards:  3.506716012954712
some episodes done, average rewards:  3.275198459625244
some episodes done, average rewards:  3.4855289459228516
some episodes done, average rewards:  3.669428586959839
some episodes done, average rewards:  3.84942889213562
some episodes done, average rewards:  3.270496129989624
some episodes done, average rewards:  3.424471855163574

Algo mappo Exp check updates 1475/6103 episodes, total num timesteps 24182784/100000000, FPS 7162.

some episodes done, average rewards:  3.5575993061065674
some episodes done, average rewards:  3.547624349594116
some episodes done, average rewards:  3.7482707500457764
some episodes done, average rewards:  3.393960475921631
some episodes done, average rewards:  3.697585105895996
some episodes done, average rewards:  3.66850209236145
some episodes done, average rewards:  3.555140495300293
some episodes done, average rewards:  3.76639461517334
some episodes done, average rewards:  3.654709577560425
some episodes done, average rewards:  4.111297607421875
some episodes done, average rewards:  3.6334099769592285
some episodes done, average rewards:  3.468942165374756
some episodes done, average rewards:  3.619692087173462
some episodes done, average rewards:  3.571279287338257
some episodes done, average rewards:  3.692051649093628
some episodes done, average rewards:  3.489645481109619
some episodes done, average rewards:  3.3784475326538086
some episodes done, average rewards:  3.5381293296813965
some episodes done, average rewards:  3.6991140842437744
some episodes done, average rewards:  3.6747031211853027
some episodes done, average rewards:  3.6772420406341553
some episodes done, average rewards:  3.6508097648620605
some episodes done, average rewards:  3.613687753677368
some episodes done, average rewards:  3.6387510299682617
some episodes done, average rewards:  3.838017463684082

Algo mappo Exp check updates 1500/6103 episodes, total num timesteps 24592384/100000000, FPS 7162.

some episodes done, average rewards:  3.621110677719116
some episodes done, average rewards:  3.550725221633911
some episodes done, average rewards:  3.4405665397644043
some episodes done, average rewards:  3.420978546142578
some episodes done, average rewards:  3.718816041946411
some episodes done, average rewards:  3.4757678508758545
some episodes done, average rewards:  3.5710976123809814
some episodes done, average rewards:  3.4559168815612793
some episodes done, average rewards:  3.449719190597534
some episodes done, average rewards:  3.5042855739593506
some episodes done, average rewards:  3.409849166870117
some episodes done, average rewards:  3.5384395122528076
some episodes done, average rewards:  3.6723530292510986
some episodes done, average rewards:  3.6852474212646484
some episodes done, average rewards:  3.4927449226379395
some episodes done, average rewards:  3.7045981884002686
some episodes done, average rewards:  3.3620009422302246
some episodes done, average rewards:  3.5917952060699463
some episodes done, average rewards:  3.563985586166382
some episodes done, average rewards:  3.5991692543029785
some episodes done, average rewards:  3.3734450340270996
some episodes done, average rewards:  3.624643087387085
some episodes done, average rewards:  3.4227349758148193
some episodes done, average rewards:  3.676511764526367
some episodes done, average rewards:  3.3646202087402344

Algo mappo Exp check updates 1525/6103 episodes, total num timesteps 25001984/100000000, FPS 7166.

some episodes done, average rewards:  3.6685123443603516
some episodes done, average rewards:  3.3897640705108643
some episodes done, average rewards:  3.458298444747925
some episodes done, average rewards:  3.716623544692993
some episodes done, average rewards:  3.430222749710083
some episodes done, average rewards:  3.380150079727173
some episodes done, average rewards:  3.4507665634155273
some episodes done, average rewards:  3.391813039779663
some episodes done, average rewards:  3.559192419052124
some episodes done, average rewards:  3.4810638427734375
some episodes done, average rewards:  3.2999634742736816
some episodes done, average rewards:  3.6718480587005615
some episodes done, average rewards:  3.5230729579925537
some episodes done, average rewards:  3.4188132286071777
some episodes done, average rewards:  3.3661608695983887
some episodes done, average rewards:  3.241313934326172
some episodes done, average rewards:  3.5628085136413574
some episodes done, average rewards:  3.56352162361145
some episodes done, average rewards:  3.384462594985962
some episodes done, average rewards:  3.2235734462738037
some episodes done, average rewards:  3.3371355533599854
some episodes done, average rewards:  3.6072752475738525
some episodes done, average rewards:  3.1006741523742676
some episodes done, average rewards:  3.4193477630615234
some episodes done, average rewards:  3.4063720703125

Algo mappo Exp check updates 1550/6103 episodes, total num timesteps 25411584/100000000, FPS 7169.

some episodes done, average rewards:  3.477482318878174
some episodes done, average rewards:  3.4816155433654785
some episodes done, average rewards:  3.4251580238342285
some episodes done, average rewards:  3.2561898231506348
some episodes done, average rewards:  3.302049160003662
some episodes done, average rewards:  3.21484637260437
some episodes done, average rewards:  3.4045443534851074
some episodes done, average rewards:  3.312816858291626
some episodes done, average rewards:  3.1404271125793457
some episodes done, average rewards:  3.3096141815185547
some episodes done, average rewards:  3.311819314956665
some episodes done, average rewards:  3.081585645675659
some episodes done, average rewards:  3.2666635513305664
some episodes done, average rewards:  3.3433425426483154
some episodes done, average rewards:  3.401242971420288
some episodes done, average rewards:  3.386425495147705
some episodes done, average rewards:  3.3073630332946777
some episodes done, average rewards:  3.331674098968506
some episodes done, average rewards:  3.4168789386749268
some episodes done, average rewards:  3.349715232849121
some episodes done, average rewards:  3.3640804290771484
some episodes done, average rewards:  3.6547439098358154
some episodes done, average rewards:  3.267012119293213
some episodes done, average rewards:  3.5192220211029053
some episodes done, average rewards:  3.417165517807007

Algo mappo Exp check updates 1575/6103 episodes, total num timesteps 25821184/100000000, FPS 7168.

some episodes done, average rewards:  3.3268861770629883
some episodes done, average rewards:  3.3681693077087402
some episodes done, average rewards:  3.5725090503692627
some episodes done, average rewards:  3.40427565574646
some episodes done, average rewards:  3.2806427478790283
some episodes done, average rewards:  3.477356433868408
some episodes done, average rewards:  3.2235357761383057
some episodes done, average rewards:  3.3353326320648193
some episodes done, average rewards:  3.270533800125122
some episodes done, average rewards:  3.5203232765197754
some episodes done, average rewards:  3.381678342819214
some episodes done, average rewards:  3.2851712703704834
some episodes done, average rewards:  3.4275362491607666
some episodes done, average rewards:  3.4929516315460205
some episodes done, average rewards:  3.1576998233795166
some episodes done, average rewards:  3.436662435531616
some episodes done, average rewards:  3.442319631576538
some episodes done, average rewards:  3.613189220428467
some episodes done, average rewards:  3.1526825428009033
some episodes done, average rewards:  3.3245954513549805
some episodes done, average rewards:  3.4714701175689697
some episodes done, average rewards:  3.362776756286621
some episodes done, average rewards:  3.153653144836426
some episodes done, average rewards:  3.3907601833343506
some episodes done, average rewards:  3.465792417526245

Algo mappo Exp check updates 1600/6103 episodes, total num timesteps 26230784/100000000, FPS 7170.

some episodes done, average rewards:  3.4010019302368164
some episodes done, average rewards:  3.272792339324951
some episodes done, average rewards:  3.1751790046691895
some episodes done, average rewards:  3.2829947471618652
some episodes done, average rewards:  3.027150869369507
some episodes done, average rewards:  3.5924651622772217
some episodes done, average rewards:  3.325357437133789
some episodes done, average rewards:  3.248322010040283
some episodes done, average rewards:  3.4404969215393066
some episodes done, average rewards:  3.4200804233551025
some episodes done, average rewards:  3.570849895477295
some episodes done, average rewards:  3.2955405712127686
some episodes done, average rewards:  3.2861335277557373
some episodes done, average rewards:  3.381556749343872
some episodes done, average rewards:  3.4119396209716797
some episodes done, average rewards:  3.1245012283325195
some episodes done, average rewards:  2.970081329345703
some episodes done, average rewards:  3.209636926651001
some episodes done, average rewards:  3.3879733085632324
some episodes done, average rewards:  3.344256639480591
some episodes done, average rewards:  3.240449905395508
some episodes done, average rewards:  3.504612684249878
some episodes done, average rewards:  3.3477327823638916
some episodes done, average rewards:  3.7100627422332764
some episodes done, average rewards:  3.599959135055542

Algo mappo Exp check updates 1625/6103 episodes, total num timesteps 26640384/100000000, FPS 7171.

some episodes done, average rewards:  3.457120895385742
some episodes done, average rewards:  3.401458978652954
some episodes done, average rewards:  3.328634023666382
some episodes done, average rewards:  3.440192699432373
some episodes done, average rewards:  3.3840794563293457
some episodes done, average rewards:  3.4871420860290527
some episodes done, average rewards:  3.517899990081787
some episodes done, average rewards:  3.3184003829956055
some episodes done, average rewards:  3.327685832977295
some episodes done, average rewards:  3.312199831008911
some episodes done, average rewards:  3.281858444213867
some episodes done, average rewards:  3.368736505508423
some episodes done, average rewards:  3.1989450454711914
some episodes done, average rewards:  3.4837486743927
some episodes done, average rewards:  3.170109748840332
some episodes done, average rewards:  2.954191207885742
some episodes done, average rewards:  3.176841974258423
some episodes done, average rewards:  3.3751065731048584
some episodes done, average rewards:  3.5805342197418213
some episodes done, average rewards:  3.2950005531311035
some episodes done, average rewards:  3.302316904067993
some episodes done, average rewards:  3.4381580352783203
some episodes done, average rewards:  3.0439743995666504
some episodes done, average rewards:  3.3369364738464355
some episodes done, average rewards:  3.391408681869507

Algo mappo Exp check updates 1650/6103 episodes, total num timesteps 27049984/100000000, FPS 7172.

some episodes done, average rewards:  3.230647087097168
some episodes done, average rewards:  3.2167372703552246
some episodes done, average rewards:  3.2408692836761475
some episodes done, average rewards:  3.2671122550964355
some episodes done, average rewards:  3.4236972332000732
some episodes done, average rewards:  3.3096673488616943
some episodes done, average rewards:  3.2724461555480957
some episodes done, average rewards:  3.313782215118408
some episodes done, average rewards:  3.3201613426208496
some episodes done, average rewards:  3.3208236694335938
some episodes done, average rewards:  3.0242486000061035
some episodes done, average rewards:  3.3823800086975098
some episodes done, average rewards:  3.3240201473236084
some episodes done, average rewards:  3.401799440383911
some episodes done, average rewards:  3.2697360515594482
some episodes done, average rewards:  3.356440782546997
some episodes done, average rewards:  3.5434696674346924
some episodes done, average rewards:  3.438204765319824
some episodes done, average rewards:  3.1161766052246094
some episodes done, average rewards:  3.431623697280884
some episodes done, average rewards:  3.5074214935302734
some episodes done, average rewards:  3.4884443283081055
some episodes done, average rewards:  3.2992758750915527
some episodes done, average rewards:  3.4232919216156006
some episodes done, average rewards:  3.3682258129119873

Algo mappo Exp check updates 1675/6103 episodes, total num timesteps 27459584/100000000, FPS 7172.

some episodes done, average rewards:  3.2932522296905518
some episodes done, average rewards:  3.532712459564209
some episodes done, average rewards:  3.4180681705474854
some episodes done, average rewards:  3.2127487659454346
some episodes done, average rewards:  3.131166934967041
some episodes done, average rewards:  3.5278327465057373
some episodes done, average rewards:  3.251461982727051
some episodes done, average rewards:  3.4058196544647217
some episodes done, average rewards:  3.4458470344543457
some episodes done, average rewards:  3.5134947299957275
some episodes done, average rewards:  3.315859794616699
some episodes done, average rewards:  3.415804862976074
some episodes done, average rewards:  3.5661611557006836
some episodes done, average rewards:  3.5278844833374023
some episodes done, average rewards:  3.24751877784729
some episodes done, average rewards:  3.655620574951172
some episodes done, average rewards:  3.384171724319458
some episodes done, average rewards:  3.4632411003112793
some episodes done, average rewards:  3.4975392818450928
some episodes done, average rewards:  3.551044464111328
some episodes done, average rewards:  3.626883029937744
some episodes done, average rewards:  3.4245264530181885
some episodes done, average rewards:  3.7179341316223145
some episodes done, average rewards:  3.7805707454681396
some episodes done, average rewards:  3.5668601989746094

Algo mappo Exp check updates 1700/6103 episodes, total num timesteps 27869184/100000000, FPS 7172.

some episodes done, average rewards:  3.460218667984009
some episodes done, average rewards:  3.6855409145355225
some episodes done, average rewards:  3.4292213916778564
some episodes done, average rewards:  3.413853168487549
some episodes done, average rewards:  3.6243996620178223
some episodes done, average rewards:  3.723264694213867
some episodes done, average rewards:  3.500322103500366
some episodes done, average rewards:  3.3727028369903564
some episodes done, average rewards:  3.6204302310943604
some episodes done, average rewards:  3.6037182807922363
some episodes done, average rewards:  3.5647127628326416
some episodes done, average rewards:  3.633037805557251
some episodes done, average rewards:  3.5213584899902344
some episodes done, average rewards:  3.80845308303833
some episodes done, average rewards:  3.6584348678588867
some episodes done, average rewards:  3.472745656967163
some episodes done, average rewards:  3.2809157371520996
some episodes done, average rewards:  3.7391481399536133
some episodes done, average rewards:  3.552928924560547
some episodes done, average rewards:  3.92364501953125
some episodes done, average rewards:  3.9793901443481445
some episodes done, average rewards:  3.6049344539642334
some episodes done, average rewards:  3.8963327407836914
some episodes done, average rewards:  3.67911434173584
some episodes done, average rewards:  3.914287805557251

Algo mappo Exp check updates 1725/6103 episodes, total num timesteps 28278784/100000000, FPS 7172.

some episodes done, average rewards:  3.8284621238708496
some episodes done, average rewards:  3.773726224899292
some episodes done, average rewards:  3.8601911067962646
some episodes done, average rewards:  3.9398128986358643
some episodes done, average rewards:  4.019859790802002
some episodes done, average rewards:  4.077094078063965
some episodes done, average rewards:  3.791792392730713
some episodes done, average rewards:  3.794907569885254
some episodes done, average rewards:  4.142836570739746
some episodes done, average rewards:  4.115932464599609
some episodes done, average rewards:  3.73445725440979
some episodes done, average rewards:  3.7243683338165283
some episodes done, average rewards:  3.6792430877685547
some episodes done, average rewards:  4.19213342666626
some episodes done, average rewards:  4.08563232421875
some episodes done, average rewards:  3.842336893081665
some episodes done, average rewards:  3.8293912410736084
some episodes done, average rewards:  4.08871603012085
some episodes done, average rewards:  3.8584415912628174
some episodes done, average rewards:  4.086031436920166
some episodes done, average rewards:  3.6881513595581055
some episodes done, average rewards:  3.9884393215179443
some episodes done, average rewards:  3.778749942779541
some episodes done, average rewards:  4.127779483795166
some episodes done, average rewards:  3.8916428089141846

Algo mappo Exp check updates 1750/6103 episodes, total num timesteps 28688384/100000000, FPS 7173.

some episodes done, average rewards:  4.0000996589660645
some episodes done, average rewards:  4.235528469085693
some episodes done, average rewards:  3.9339137077331543
some episodes done, average rewards:  4.177608013153076
some episodes done, average rewards:  3.903036594390869
some episodes done, average rewards:  3.8009467124938965
some episodes done, average rewards:  4.197346210479736
some episodes done, average rewards:  3.946582078933716
some episodes done, average rewards:  3.9321632385253906
some episodes done, average rewards:  4.046337127685547
some episodes done, average rewards:  3.9410552978515625
some episodes done, average rewards:  3.7663183212280273
some episodes done, average rewards:  4.098265171051025
some episodes done, average rewards:  4.003159046173096
some episodes done, average rewards:  4.089366436004639
some episodes done, average rewards:  4.246915340423584
some episodes done, average rewards:  4.187737464904785
some episodes done, average rewards:  4.105873107910156
some episodes done, average rewards:  4.054925441741943
some episodes done, average rewards:  4.086388111114502
some episodes done, average rewards:  3.8853676319122314
some episodes done, average rewards:  3.93860125541687
some episodes done, average rewards:  4.0086212158203125
some episodes done, average rewards:  3.9455883502960205
some episodes done, average rewards:  4.016857624053955

Algo mappo Exp check updates 1775/6103 episodes, total num timesteps 29097984/100000000, FPS 7173.

some episodes done, average rewards:  4.05730676651001
some episodes done, average rewards:  4.077480792999268
some episodes done, average rewards:  4.038743019104004
some episodes done, average rewards:  3.9916300773620605
some episodes done, average rewards:  4.03330659866333
some episodes done, average rewards:  4.0128302574157715
some episodes done, average rewards:  4.113472938537598
some episodes done, average rewards:  4.047501087188721
some episodes done, average rewards:  3.9381301403045654
some episodes done, average rewards:  4.2490339279174805
some episodes done, average rewards:  3.824063539505005
some episodes done, average rewards:  3.712677001953125
some episodes done, average rewards:  3.981454610824585
some episodes done, average rewards:  4.030815601348877
some episodes done, average rewards:  3.894695520401001
some episodes done, average rewards:  4.102847576141357
some episodes done, average rewards:  4.018679618835449
some episodes done, average rewards:  4.051383972167969
some episodes done, average rewards:  3.7915053367614746
some episodes done, average rewards:  3.912327289581299
some episodes done, average rewards:  3.9179866313934326
some episodes done, average rewards:  4.058690071105957
some episodes done, average rewards:  4.012568473815918
some episodes done, average rewards:  3.725172996520996
some episodes done, average rewards:  3.8565361499786377

Algo mappo Exp check updates 1800/6103 episodes, total num timesteps 29507584/100000000, FPS 7174.

some episodes done, average rewards:  3.6845123767852783
some episodes done, average rewards:  4.064250946044922
some episodes done, average rewards:  3.730952024459839
some episodes done, average rewards:  3.905221700668335
some episodes done, average rewards:  4.245067596435547
some episodes done, average rewards:  3.848557949066162
some episodes done, average rewards:  3.8183345794677734
some episodes done, average rewards:  3.4754133224487305
some episodes done, average rewards:  3.716538667678833
some episodes done, average rewards:  3.7579703330993652
some episodes done, average rewards:  3.59226393699646
some episodes done, average rewards:  3.598984718322754
some episodes done, average rewards:  3.710458755493164
some episodes done, average rewards:  3.5989058017730713
some episodes done, average rewards:  4.001160144805908
some episodes done, average rewards:  3.8695597648620605
some episodes done, average rewards:  3.8932945728302
some episodes done, average rewards:  3.774568796157837
some episodes done, average rewards:  3.88008713722229
some episodes done, average rewards:  3.703474760055542
some episodes done, average rewards:  3.6781532764434814
some episodes done, average rewards:  3.5496273040771484
some episodes done, average rewards:  3.783883810043335
some episodes done, average rewards:  3.772334337234497
some episodes done, average rewards:  3.711038589477539

Algo mappo Exp check updates 1825/6103 episodes, total num timesteps 29917184/100000000, FPS 7174.

some episodes done, average rewards:  3.5779268741607666
some episodes done, average rewards:  3.8109304904937744
some episodes done, average rewards:  3.771610975265503
some episodes done, average rewards:  3.675260066986084
some episodes done, average rewards:  3.579150438308716
some episodes done, average rewards:  3.716287136077881
some episodes done, average rewards:  3.6930975914001465
some episodes done, average rewards:  3.841864824295044
some episodes done, average rewards:  3.7557473182678223
some episodes done, average rewards:  3.9045615196228027
some episodes done, average rewards:  3.850809335708618
some episodes done, average rewards:  3.7954459190368652
some episodes done, average rewards:  3.643618106842041
some episodes done, average rewards:  3.8226318359375
some episodes done, average rewards:  3.728944778442383
some episodes done, average rewards:  3.7771692276000977
some episodes done, average rewards:  3.632070302963257
some episodes done, average rewards:  3.825773000717163
some episodes done, average rewards:  3.6715500354766846
some episodes done, average rewards:  3.709421396255493
some episodes done, average rewards:  3.6536600589752197
some episodes done, average rewards:  3.7821719646453857
some episodes done, average rewards:  3.73227596282959
some episodes done, average rewards:  3.7560274600982666
some episodes done, average rewards:  4.168135166168213

Algo mappo Exp check updates 1850/6103 episodes, total num timesteps 30326784/100000000, FPS 7175.

some episodes done, average rewards:  3.7472643852233887
some episodes done, average rewards:  3.959240198135376
some episodes done, average rewards:  3.8014323711395264
some episodes done, average rewards:  3.8370912075042725
some episodes done, average rewards:  4.094781875610352
some episodes done, average rewards:  3.990403652191162
some episodes done, average rewards:  4.170068740844727
some episodes done, average rewards:  3.8838279247283936
some episodes done, average rewards:  3.940028190612793
some episodes done, average rewards:  4.024890422821045
some episodes done, average rewards:  3.7179927825927734
some episodes done, average rewards:  3.774545192718506
some episodes done, average rewards:  3.6955864429473877
some episodes done, average rewards:  3.566222906112671
some episodes done, average rewards:  4.1448893547058105
some episodes done, average rewards:  3.931396484375
some episodes done, average rewards:  3.9729912281036377
some episodes done, average rewards:  3.9699032306671143
some episodes done, average rewards:  3.7598650455474854
some episodes done, average rewards:  3.990812301635742
some episodes done, average rewards:  3.8036420345306396
some episodes done, average rewards:  3.690591812133789
some episodes done, average rewards:  3.7922720909118652
some episodes done, average rewards:  3.5169453620910645
some episodes done, average rewards:  3.988802194595337

Algo mappo Exp check updates 1875/6103 episodes, total num timesteps 30736384/100000000, FPS 7175.

some episodes done, average rewards:  3.611593246459961
some episodes done, average rewards:  3.6005630493164062
some episodes done, average rewards:  3.65552020072937
some episodes done, average rewards:  3.798816680908203
some episodes done, average rewards:  3.8438303470611572
some episodes done, average rewards:  3.5689048767089844
some episodes done, average rewards:  3.618746280670166
some episodes done, average rewards:  3.777456283569336
some episodes done, average rewards:  3.72190523147583
some episodes done, average rewards:  3.791696786880493
some episodes done, average rewards:  3.640124559402466
some episodes done, average rewards:  3.78167462348938
some episodes done, average rewards:  3.915022134780884
some episodes done, average rewards:  3.6614224910736084
some episodes done, average rewards:  3.922201633453369
some episodes done, average rewards:  3.7851064205169678
some episodes done, average rewards:  3.7453835010528564
some episodes done, average rewards:  3.8341915607452393
some episodes done, average rewards:  3.6283788681030273
some episodes done, average rewards:  3.903371810913086
some episodes done, average rewards:  3.81191086769104
some episodes done, average rewards:  3.915654420852661
some episodes done, average rewards:  3.835279941558838
some episodes done, average rewards:  3.9322023391723633
some episodes done, average rewards:  3.7036328315734863

Algo mappo Exp check updates 1900/6103 episodes, total num timesteps 31145984/100000000, FPS 7173.

some episodes done, average rewards:  3.7092556953430176
some episodes done, average rewards:  3.8468945026397705
some episodes done, average rewards:  3.998220443725586
some episodes done, average rewards:  3.739800214767456
some episodes done, average rewards:  3.7278547286987305
some episodes done, average rewards:  4.015153408050537
some episodes done, average rewards:  3.899400472640991
some episodes done, average rewards:  3.8153269290924072
some episodes done, average rewards:  4.018524169921875
some episodes done, average rewards:  3.741258382797241
some episodes done, average rewards:  3.6841063499450684
some episodes done, average rewards:  4.077805995941162
some episodes done, average rewards:  4.131297588348389
some episodes done, average rewards:  3.9852731227874756
some episodes done, average rewards:  4.040800094604492
some episodes done, average rewards:  4.051992416381836
some episodes done, average rewards:  3.690110206604004
some episodes done, average rewards:  3.919741630554199
some episodes done, average rewards:  3.7542378902435303
some episodes done, average rewards:  4.024316787719727
some episodes done, average rewards:  3.7130768299102783
some episodes done, average rewards:  3.591099739074707
some episodes done, average rewards:  4.117513179779053
some episodes done, average rewards:  3.714428663253784
some episodes done, average rewards:  3.7189548015594482

Algo mappo Exp check updates 1925/6103 episodes, total num timesteps 31555584/100000000, FPS 7172.

some episodes done, average rewards:  3.6843421459198
some episodes done, average rewards:  3.8238022327423096
some episodes done, average rewards:  4.0288591384887695
some episodes done, average rewards:  3.910576820373535
some episodes done, average rewards:  4.090500831604004
some episodes done, average rewards:  3.699108123779297
some episodes done, average rewards:  4.162261962890625
some episodes done, average rewards:  4.040542125701904
some episodes done, average rewards:  3.916752338409424
some episodes done, average rewards:  3.740447521209717
some episodes done, average rewards:  3.817807674407959
some episodes done, average rewards:  4.054967403411865
some episodes done, average rewards:  3.869638681411743
some episodes done, average rewards:  3.7656688690185547
some episodes done, average rewards:  3.6778604984283447
some episodes done, average rewards:  3.871699571609497
some episodes done, average rewards:  3.877549171447754
some episodes done, average rewards:  4.229837417602539
some episodes done, average rewards:  3.9913747310638428
some episodes done, average rewards:  4.277182102203369
some episodes done, average rewards:  3.9471662044525146
some episodes done, average rewards:  3.9328157901763916
some episodes done, average rewards:  4.04939079284668
some episodes done, average rewards:  4.194614887237549
some episodes done, average rewards:  3.751478910446167

Algo mappo Exp check updates 1950/6103 episodes, total num timesteps 31965184/100000000, FPS 7171.

some episodes done, average rewards:  3.9751546382904053
some episodes done, average rewards:  4.136436462402344
some episodes done, average rewards:  4.20096492767334
some episodes done, average rewards:  3.986697196960449
some episodes done, average rewards:  4.023009777069092
some episodes done, average rewards:  4.0504021644592285
some episodes done, average rewards:  4.0744099617004395
some episodes done, average rewards:  4.1761980056762695
some episodes done, average rewards:  3.986821174621582
some episodes done, average rewards:  4.1531901359558105
some episodes done, average rewards:  3.9625678062438965
some episodes done, average rewards:  3.9546775817871094
some episodes done, average rewards:  4.235865592956543
some episodes done, average rewards:  4.058506488800049
some episodes done, average rewards:  3.983339548110962
some episodes done, average rewards:  3.858685255050659
some episodes done, average rewards:  4.162421703338623
some episodes done, average rewards:  4.062622547149658
some episodes done, average rewards:  4.059722900390625
some episodes done, average rewards:  4.016047477722168
some episodes done, average rewards:  4.239523410797119
some episodes done, average rewards:  3.9454147815704346
some episodes done, average rewards:  4.133894443511963
some episodes done, average rewards:  4.13070011138916
some episodes done, average rewards:  4.326419830322266

Algo mappo Exp check updates 1975/6103 episodes, total num timesteps 32374784/100000000, FPS 7170.

some episodes done, average rewards:  4.276311874389648
some episodes done, average rewards:  4.194236755371094
some episodes done, average rewards:  4.593618869781494
some episodes done, average rewards:  4.053168296813965
some episodes done, average rewards:  4.017153263092041
some episodes done, average rewards:  4.1187968254089355
some episodes done, average rewards:  4.222292423248291
some episodes done, average rewards:  4.410434722900391
some episodes done, average rewards:  4.0491743087768555
some episodes done, average rewards:  4.427552223205566
some episodes done, average rewards:  4.0308451652526855
some episodes done, average rewards:  3.987339973449707
some episodes done, average rewards:  3.804399013519287
some episodes done, average rewards:  3.9408411979675293
some episodes done, average rewards:  3.949031114578247
some episodes done, average rewards:  3.893099546432495
some episodes done, average rewards:  3.725558042526245
some episodes done, average rewards:  3.7839837074279785
some episodes done, average rewards:  3.838609457015991
some episodes done, average rewards:  3.866448402404785
some episodes done, average rewards:  3.802095651626587
some episodes done, average rewards:  3.5665414333343506
some episodes done, average rewards:  3.8726420402526855
some episodes done, average rewards:  3.8009419441223145
some episodes done, average rewards:  3.6769027709960938

Algo mappo Exp check updates 2000/6103 episodes, total num timesteps 32784384/100000000, FPS 7170.

some episodes done, average rewards:  3.558718204498291
some episodes done, average rewards:  3.3874738216400146
some episodes done, average rewards:  3.2425050735473633
some episodes done, average rewards:  3.1272308826446533
some episodes done, average rewards:  2.980208158493042
some episodes done, average rewards:  3.3394007682800293
some episodes done, average rewards:  3.4702394008636475
some episodes done, average rewards:  3.453821897506714
some episodes done, average rewards:  3.1568987369537354
some episodes done, average rewards:  3.208047866821289
some episodes done, average rewards:  3.178725004196167
some episodes done, average rewards:  3.0610597133636475
some episodes done, average rewards:  3.2504971027374268
some episodes done, average rewards:  3.1180429458618164
some episodes done, average rewards:  3.149400472640991
some episodes done, average rewards:  3.320142984390259
some episodes done, average rewards:  3.045034170150757
some episodes done, average rewards:  3.3407998085021973
some episodes done, average rewards:  3.4410154819488525
some episodes done, average rewards:  3.5028891563415527
some episodes done, average rewards:  3.32759690284729
some episodes done, average rewards:  3.565812826156616
some episodes done, average rewards:  3.591090679168701
some episodes done, average rewards:  3.5339913368225098
some episodes done, average rewards:  3.230503797531128

Algo mappo Exp check updates 2025/6103 episodes, total num timesteps 33193984/100000000, FPS 7169.

some episodes done, average rewards:  3.5850017070770264
some episodes done, average rewards:  3.6916141510009766
some episodes done, average rewards:  3.6950159072875977
some episodes done, average rewards:  3.781903028488159
some episodes done, average rewards:  3.635382890701294
some episodes done, average rewards:  3.761352777481079
some episodes done, average rewards:  3.8098113536834717
some episodes done, average rewards:  3.775639772415161
some episodes done, average rewards:  3.625112295150757
some episodes done, average rewards:  3.6741552352905273
some episodes done, average rewards:  3.857525110244751
some episodes done, average rewards:  3.538511276245117
some episodes done, average rewards:  3.6156134605407715
some episodes done, average rewards:  3.782127618789673
some episodes done, average rewards:  3.833766222000122
some episodes done, average rewards:  3.836176872253418
some episodes done, average rewards:  4.03156852722168
some episodes done, average rewards:  3.768923282623291
some episodes done, average rewards:  4.036567687988281
some episodes done, average rewards:  3.9748470783233643
some episodes done, average rewards:  4.118644714355469
some episodes done, average rewards:  3.917753219604492
some episodes done, average rewards:  4.192330360412598
some episodes done, average rewards:  4.140711307525635
some episodes done, average rewards:  4.051738262176514

Algo mappo Exp check updates 2050/6103 episodes, total num timesteps 33603584/100000000, FPS 7170.

some episodes done, average rewards:  3.851377248764038
some episodes done, average rewards:  3.9858336448669434
some episodes done, average rewards:  3.9659669399261475
some episodes done, average rewards:  4.038890361785889
some episodes done, average rewards:  3.8877742290496826
some episodes done, average rewards:  4.112861633300781
some episodes done, average rewards:  4.052968978881836
some episodes done, average rewards:  4.178317070007324
some episodes done, average rewards:  4.11532735824585
some episodes done, average rewards:  4.151911735534668
some episodes done, average rewards:  3.996011257171631
some episodes done, average rewards:  3.93605637550354
some episodes done, average rewards:  4.104693412780762
some episodes done, average rewards:  4.052237033843994
some episodes done, average rewards:  3.8215863704681396
some episodes done, average rewards:  3.9650766849517822
some episodes done, average rewards:  4.120673179626465
some episodes done, average rewards:  3.951350688934326
some episodes done, average rewards:  4.2174973487854
some episodes done, average rewards:  3.8189094066619873
some episodes done, average rewards:  4.021437644958496
some episodes done, average rewards:  3.9246468544006348
some episodes done, average rewards:  3.852598190307617
some episodes done, average rewards:  3.904578924179077
some episodes done, average rewards:  4.033630847930908

Algo mappo Exp check updates 2075/6103 episodes, total num timesteps 34013184/100000000, FPS 7168.

some episodes done, average rewards:  3.708833932876587
some episodes done, average rewards:  3.8450310230255127
some episodes done, average rewards:  3.8979406356811523
some episodes done, average rewards:  3.901262044906616
some episodes done, average rewards:  3.8332934379577637
some episodes done, average rewards:  3.644996166229248
some episodes done, average rewards:  3.958656072616577
some episodes done, average rewards:  3.850248336791992
some episodes done, average rewards:  3.824791431427002
some episodes done, average rewards:  3.739846706390381
some episodes done, average rewards:  3.7387051582336426
some episodes done, average rewards:  3.787973642349243
some episodes done, average rewards:  3.961231231689453
some episodes done, average rewards:  3.987377643585205
some episodes done, average rewards:  3.9096105098724365
some episodes done, average rewards:  4.19716215133667
some episodes done, average rewards:  3.9756014347076416
some episodes done, average rewards:  4.0113372802734375
some episodes done, average rewards:  4.08906364440918
some episodes done, average rewards:  3.678891658782959
some episodes done, average rewards:  4.002078533172607
some episodes done, average rewards:  4.081655979156494
some episodes done, average rewards:  4.013425827026367
some episodes done, average rewards:  4.2997236251831055
some episodes done, average rewards:  3.9258813858032227

Algo mappo Exp check updates 2100/6103 episodes, total num timesteps 34422784/100000000, FPS 7167.

some episodes done, average rewards:  3.9478049278259277
some episodes done, average rewards:  4.064539909362793
some episodes done, average rewards:  4.132068634033203
some episodes done, average rewards:  4.054986953735352
some episodes done, average rewards:  4.089502811431885
some episodes done, average rewards:  3.947801113128662
some episodes done, average rewards:  4.2712178230285645
some episodes done, average rewards:  4.247963905334473
some episodes done, average rewards:  4.042553901672363
some episodes done, average rewards:  3.82839035987854
some episodes done, average rewards:  3.8396029472351074
some episodes done, average rewards:  4.07489538192749
some episodes done, average rewards:  3.846761465072632
some episodes done, average rewards:  3.942697286605835
some episodes done, average rewards:  3.906999349594116
some episodes done, average rewards:  3.7697150707244873
some episodes done, average rewards:  4.03819465637207
some episodes done, average rewards:  4.065920829772949
some episodes done, average rewards:  4.177363395690918
some episodes done, average rewards:  4.008221626281738
some episodes done, average rewards:  4.062888145446777
some episodes done, average rewards:  4.11118221282959
some episodes done, average rewards:  3.795990467071533
some episodes done, average rewards:  4.105748653411865
some episodes done, average rewards:  4.19679594039917

Algo mappo Exp check updates 2125/6103 episodes, total num timesteps 34832384/100000000, FPS 7167.

some episodes done, average rewards:  4.011259078979492
some episodes done, average rewards:  4.0896992683410645
some episodes done, average rewards:  4.4040913581848145
some episodes done, average rewards:  3.87147855758667
some episodes done, average rewards:  3.9803264141082764
some episodes done, average rewards:  3.928511381149292
some episodes done, average rewards:  3.7207741737365723
some episodes done, average rewards:  4.0407304763793945
some episodes done, average rewards:  3.8548710346221924
some episodes done, average rewards:  4.264493465423584
some episodes done, average rewards:  3.899477005004883
some episodes done, average rewards:  4.084314823150635
some episodes done, average rewards:  4.091822624206543
some episodes done, average rewards:  4.064921855926514
some episodes done, average rewards:  4.062399864196777
some episodes done, average rewards:  4.133285045623779
some episodes done, average rewards:  4.135020732879639
some episodes done, average rewards:  3.9102635383605957
some episodes done, average rewards:  3.9664080142974854
some episodes done, average rewards:  4.413320064544678
some episodes done, average rewards:  4.14031982421875
some episodes done, average rewards:  3.947354793548584
some episodes done, average rewards:  3.828463315963745
some episodes done, average rewards:  4.228512287139893
some episodes done, average rewards:  4.19460391998291

Algo mappo Exp check updates 2150/6103 episodes, total num timesteps 35241984/100000000, FPS 7167.

some episodes done, average rewards:  4.0332231521606445
some episodes done, average rewards:  4.182534217834473
some episodes done, average rewards:  4.340950012207031
some episodes done, average rewards:  4.090290069580078
some episodes done, average rewards:  4.211221218109131
some episodes done, average rewards:  4.344707489013672
some episodes done, average rewards:  4.421008586883545
some episodes done, average rewards:  4.197517395019531
some episodes done, average rewards:  4.175142288208008
some episodes done, average rewards:  4.276309490203857
some episodes done, average rewards:  4.116978645324707
some episodes done, average rewards:  4.180042743682861
some episodes done, average rewards:  4.52672004699707
some episodes done, average rewards:  4.102818965911865
some episodes done, average rewards:  4.094691753387451
some episodes done, average rewards:  4.0966997146606445
some episodes done, average rewards:  4.2002363204956055
some episodes done, average rewards:  4.078916072845459
some episodes done, average rewards:  3.9897308349609375
some episodes done, average rewards:  3.9731245040893555
some episodes done, average rewards:  4.032185077667236
some episodes done, average rewards:  4.033718109130859
some episodes done, average rewards:  4.197000980377197
some episodes done, average rewards:  4.130949974060059
some episodes done, average rewards:  3.7329094409942627

Algo mappo Exp check updates 2175/6103 episodes, total num timesteps 35651584/100000000, FPS 7168.

some episodes done, average rewards:  4.079375743865967
some episodes done, average rewards:  3.9802653789520264
some episodes done, average rewards:  4.277160167694092
some episodes done, average rewards:  4.077198028564453
some episodes done, average rewards:  3.8531713485717773
some episodes done, average rewards:  4.313257217407227
some episodes done, average rewards:  3.904383897781372
some episodes done, average rewards:  4.261780738830566
some episodes done, average rewards:  3.9901790618896484
some episodes done, average rewards:  3.9869375228881836
some episodes done, average rewards:  3.863025188446045
some episodes done, average rewards:  3.9926161766052246
some episodes done, average rewards:  4.013669013977051
some episodes done, average rewards:  4.001428127288818
some episodes done, average rewards:  4.138234615325928
some episodes done, average rewards:  4.002160549163818
some episodes done, average rewards:  4.1553874015808105
some episodes done, average rewards:  4.183949947357178
some episodes done, average rewards:  4.35102653503418
some episodes done, average rewards:  4.0199785232543945
some episodes done, average rewards:  4.318170547485352
some episodes done, average rewards:  3.8334219455718994
some episodes done, average rewards:  4.022107124328613
some episodes done, average rewards:  4.069199562072754
some episodes done, average rewards:  4.0556817054748535

Algo mappo Exp check updates 2200/6103 episodes, total num timesteps 36061184/100000000, FPS 7168.

some episodes done, average rewards:  3.939436674118042
some episodes done, average rewards:  3.997431516647339
some episodes done, average rewards:  3.790099859237671
some episodes done, average rewards:  4.118692398071289
some episodes done, average rewards:  3.9445502758026123
some episodes done, average rewards:  3.9460854530334473
some episodes done, average rewards:  3.6886003017425537
some episodes done, average rewards:  3.78179669380188
some episodes done, average rewards:  3.9008829593658447
some episodes done, average rewards:  4.056007385253906
some episodes done, average rewards:  3.7166731357574463
some episodes done, average rewards:  4.052850246429443
some episodes done, average rewards:  3.8712141513824463
some episodes done, average rewards:  3.7917659282684326
some episodes done, average rewards:  3.687282085418701
some episodes done, average rewards:  3.9075355529785156
some episodes done, average rewards:  3.96979022026062
some episodes done, average rewards:  3.9074625968933105
some episodes done, average rewards:  3.89554500579834
some episodes done, average rewards:  3.8031492233276367
some episodes done, average rewards:  3.862065076828003
some episodes done, average rewards:  3.959562063217163
some episodes done, average rewards:  4.010778427124023
some episodes done, average rewards:  3.86423659324646
some episodes done, average rewards:  4.030107498168945

Algo mappo Exp check updates 2225/6103 episodes, total num timesteps 36470784/100000000, FPS 7168.

some episodes done, average rewards:  4.045543193817139
some episodes done, average rewards:  3.9442341327667236
some episodes done, average rewards:  4.040403366088867
some episodes done, average rewards:  3.8325393199920654
some episodes done, average rewards:  3.822254180908203
some episodes done, average rewards:  3.8556528091430664
some episodes done, average rewards:  3.5419769287109375
some episodes done, average rewards:  3.6408965587615967
some episodes done, average rewards:  3.7327780723571777
some episodes done, average rewards:  3.713982105255127
some episodes done, average rewards:  3.7264411449432373
some episodes done, average rewards:  3.6555025577545166
some episodes done, average rewards:  3.6205639839172363
some episodes done, average rewards:  3.830510139465332
some episodes done, average rewards:  3.6839895248413086
some episodes done, average rewards:  3.5509941577911377
some episodes done, average rewards:  3.7781612873077393
some episodes done, average rewards:  3.538466691970825
some episodes done, average rewards:  3.6964521408081055
some episodes done, average rewards:  3.6315906047821045
some episodes done, average rewards:  3.4702413082122803
some episodes done, average rewards:  3.7133948802948
some episodes done, average rewards:  3.8720991611480713
some episodes done, average rewards:  3.9196596145629883
some episodes done, average rewards:  3.709944486618042

Algo mappo Exp check updates 2250/6103 episodes, total num timesteps 36880384/100000000, FPS 7169.

some episodes done, average rewards:  3.817251443862915
some episodes done, average rewards:  3.6498870849609375
some episodes done, average rewards:  3.5397839546203613
some episodes done, average rewards:  3.633986473083496
some episodes done, average rewards:  3.4790518283843994
some episodes done, average rewards:  3.6385440826416016
some episodes done, average rewards:  3.561337471008301
some episodes done, average rewards:  3.6252145767211914
some episodes done, average rewards:  3.504558563232422
some episodes done, average rewards:  3.4462406635284424
some episodes done, average rewards:  3.641055107116699
some episodes done, average rewards:  3.8464643955230713
some episodes done, average rewards:  3.528663396835327
some episodes done, average rewards:  3.830003499984741
some episodes done, average rewards:  3.782273530960083
some episodes done, average rewards:  3.6529502868652344
some episodes done, average rewards:  3.6302831172943115
some episodes done, average rewards:  3.411374568939209
some episodes done, average rewards:  3.514927864074707
some episodes done, average rewards:  3.5810697078704834
some episodes done, average rewards:  3.5511300563812256
some episodes done, average rewards:  3.523775577545166
some episodes done, average rewards:  3.7356503009796143
some episodes done, average rewards:  3.6662888526916504
some episodes done, average rewards:  3.618298053741455

Algo mappo Exp check updates 2275/6103 episodes, total num timesteps 37289984/100000000, FPS 7168.

some episodes done, average rewards:  3.692715883255005
some episodes done, average rewards:  3.728739023208618
some episodes done, average rewards:  3.5901987552642822
some episodes done, average rewards:  3.562603235244751
some episodes done, average rewards:  3.745708465576172
some episodes done, average rewards:  3.602205276489258
some episodes done, average rewards:  3.719703197479248
some episodes done, average rewards:  3.5765535831451416
some episodes done, average rewards:  3.7547945976257324
some episodes done, average rewards:  3.575209856033325
some episodes done, average rewards:  3.7757527828216553
some episodes done, average rewards:  3.5511434078216553
some episodes done, average rewards:  3.5362794399261475
some episodes done, average rewards:  3.614558219909668
some episodes done, average rewards:  3.707864761352539
some episodes done, average rewards:  3.773892402648926
some episodes done, average rewards:  3.7499070167541504
some episodes done, average rewards:  3.6475484371185303
some episodes done, average rewards:  3.668727397918701
some episodes done, average rewards:  3.6854143142700195
some episodes done, average rewards:  3.569551467895508
some episodes done, average rewards:  3.681581735610962
some episodes done, average rewards:  3.5615603923797607
some episodes done, average rewards:  3.4162256717681885
some episodes done, average rewards:  3.552631378173828

Algo mappo Exp check updates 2300/6103 episodes, total num timesteps 37699584/100000000, FPS 7167.

some episodes done, average rewards:  3.6554484367370605
some episodes done, average rewards:  3.7475242614746094
some episodes done, average rewards:  3.315122604370117
some episodes done, average rewards:  3.49967622756958
some episodes done, average rewards:  3.5171568393707275
some episodes done, average rewards:  3.4965851306915283
some episodes done, average rewards:  3.576058864593506
some episodes done, average rewards:  3.71642804145813
some episodes done, average rewards:  3.597774028778076
some episodes done, average rewards:  3.5720880031585693
some episodes done, average rewards:  3.69384765625
some episodes done, average rewards:  3.7368178367614746
some episodes done, average rewards:  3.7404708862304688
some episodes done, average rewards:  3.5710766315460205
some episodes done, average rewards:  3.8415896892547607
some episodes done, average rewards:  3.912702798843384
some episodes done, average rewards:  3.565096139907837
some episodes done, average rewards:  3.34536075592041
some episodes done, average rewards:  3.6827330589294434
some episodes done, average rewards:  3.537457227706909
some episodes done, average rewards:  3.676910877227783
some episodes done, average rewards:  3.6966397762298584
some episodes done, average rewards:  3.3946948051452637
some episodes done, average rewards:  3.5684750080108643
some episodes done, average rewards:  3.608928680419922

Algo mappo Exp check updates 2325/6103 episodes, total num timesteps 38109184/100000000, FPS 7167.

some episodes done, average rewards:  3.7648236751556396
some episodes done, average rewards:  3.606250524520874
some episodes done, average rewards:  3.643287181854248
some episodes done, average rewards:  3.406175374984741
some episodes done, average rewards:  3.5107367038726807
some episodes done, average rewards:  3.7932534217834473
some episodes done, average rewards:  3.6195569038391113
some episodes done, average rewards:  3.6707074642181396
some episodes done, average rewards:  3.6387524604797363
some episodes done, average rewards:  3.4070816040039062
some episodes done, average rewards:  3.433293581008911
some episodes done, average rewards:  3.549023151397705
some episodes done, average rewards:  3.538173198699951
some episodes done, average rewards:  3.3791208267211914
some episodes done, average rewards:  3.5795071125030518
some episodes done, average rewards:  3.500426769256592
some episodes done, average rewards:  3.5954225063323975
some episodes done, average rewards:  3.6459577083587646
some episodes done, average rewards:  3.4838624000549316
some episodes done, average rewards:  3.6653473377227783
some episodes done, average rewards:  3.485438585281372
some episodes done, average rewards:  3.6353302001953125
some episodes done, average rewards:  3.5678870677948
some episodes done, average rewards:  3.6073272228240967
some episodes done, average rewards:  3.544755458831787

Algo mappo Exp check updates 2350/6103 episodes, total num timesteps 38518784/100000000, FPS 7165.

some episodes done, average rewards:  3.5842807292938232
some episodes done, average rewards:  3.3846328258514404
some episodes done, average rewards:  3.6955318450927734
some episodes done, average rewards:  3.875844955444336
some episodes done, average rewards:  3.58392333984375
some episodes done, average rewards:  3.638423442840576
some episodes done, average rewards:  3.584857940673828
some episodes done, average rewards:  3.5461719036102295
some episodes done, average rewards:  3.4068679809570312
some episodes done, average rewards:  3.56014084815979
some episodes done, average rewards:  3.8286375999450684
some episodes done, average rewards:  3.54634690284729
some episodes done, average rewards:  3.4325571060180664
some episodes done, average rewards:  3.604677200317383
some episodes done, average rewards:  3.5216262340545654
some episodes done, average rewards:  3.4353344440460205
some episodes done, average rewards:  3.6743545532226562
some episodes done, average rewards:  3.6849000453948975
some episodes done, average rewards:  3.841269016265869
some episodes done, average rewards:  3.603184223175049
some episodes done, average rewards:  3.7733335494995117
some episodes done, average rewards:  3.7378592491149902
some episodes done, average rewards:  3.904911756515503
some episodes done, average rewards:  4.006265163421631
some episodes done, average rewards:  3.7754976749420166

Algo mappo Exp check updates 2375/6103 episodes, total num timesteps 38928384/100000000, FPS 7165.

some episodes done, average rewards:  3.991241693496704
some episodes done, average rewards:  4.083787441253662
some episodes done, average rewards:  3.9604809284210205
some episodes done, average rewards:  3.8390345573425293
some episodes done, average rewards:  4.2368669509887695
some episodes done, average rewards:  3.9325151443481445
some episodes done, average rewards:  3.9632160663604736
some episodes done, average rewards:  3.823260545730591
some episodes done, average rewards:  4.125826835632324
some episodes done, average rewards:  3.9615962505340576
some episodes done, average rewards:  3.870893955230713
some episodes done, average rewards:  3.9126007556915283
some episodes done, average rewards:  3.9363651275634766
some episodes done, average rewards:  3.7752809524536133
some episodes done, average rewards:  4.183131217956543
some episodes done, average rewards:  3.987300157546997
some episodes done, average rewards:  4.021666049957275
some episodes done, average rewards:  3.9142444133758545
some episodes done, average rewards:  3.9557321071624756
some episodes done, average rewards:  4.157667636871338
some episodes done, average rewards:  3.975757360458374
some episodes done, average rewards:  3.8550314903259277
some episodes done, average rewards:  3.830524444580078
some episodes done, average rewards:  3.983273506164551
some episodes done, average rewards:  4.005002975463867

Algo mappo Exp check updates 2400/6103 episodes, total num timesteps 39337984/100000000, FPS 7164.

some episodes done, average rewards:  3.907318592071533
some episodes done, average rewards:  3.9760000705718994
some episodes done, average rewards:  4.010468482971191
some episodes done, average rewards:  4.083224296569824
some episodes done, average rewards:  3.929133415222168
some episodes done, average rewards:  4.05959939956665
some episodes done, average rewards:  4.091424465179443
some episodes done, average rewards:  4.01073694229126
some episodes done, average rewards:  4.118174076080322
some episodes done, average rewards:  3.9039947986602783
some episodes done, average rewards:  4.053716659545898
some episodes done, average rewards:  4.153977870941162
some episodes done, average rewards:  3.9496045112609863
some episodes done, average rewards:  3.9744839668273926
some episodes done, average rewards:  4.12494421005249
some episodes done, average rewards:  4.0886006355285645
some episodes done, average rewards:  3.982145309448242
some episodes done, average rewards:  3.9812915325164795
some episodes done, average rewards:  3.959146738052368
some episodes done, average rewards:  4.111698627471924
some episodes done, average rewards:  3.852879762649536
some episodes done, average rewards:  3.9632952213287354
some episodes done, average rewards:  3.859630823135376
some episodes done, average rewards:  3.996666431427002
some episodes done, average rewards:  3.926185369491577

Algo mappo Exp check updates 2425/6103 episodes, total num timesteps 39747584/100000000, FPS 7165.

some episodes done, average rewards:  3.8370165824890137
some episodes done, average rewards:  4.0281662940979
some episodes done, average rewards:  3.9243640899658203
some episodes done, average rewards:  3.900244951248169
some episodes done, average rewards:  3.9071402549743652
some episodes done, average rewards:  3.8237006664276123
some episodes done, average rewards:  3.648932456970215
some episodes done, average rewards:  3.815359115600586
some episodes done, average rewards:  3.741624116897583
some episodes done, average rewards:  3.845412492752075
some episodes done, average rewards:  4.269697666168213
some episodes done, average rewards:  3.943047523498535
some episodes done, average rewards:  4.184564590454102
some episodes done, average rewards:  4.090173244476318
some episodes done, average rewards:  3.859651565551758
some episodes done, average rewards:  4.0222487449646
some episodes done, average rewards:  4.066945552825928
some episodes done, average rewards:  4.150551795959473
some episodes done, average rewards:  3.9032387733459473
some episodes done, average rewards:  3.7166390419006348
some episodes done, average rewards:  3.852369785308838
some episodes done, average rewards:  3.8455331325531006
some episodes done, average rewards:  3.826726198196411
some episodes done, average rewards:  3.7254927158355713
some episodes done, average rewards:  3.650071859359741

Algo mappo Exp check updates 2450/6103 episodes, total num timesteps 40157184/100000000, FPS 7167.

some episodes done, average rewards:  3.7282509803771973
some episodes done, average rewards:  3.930314302444458
some episodes done, average rewards:  3.6795356273651123
some episodes done, average rewards:  3.710251808166504
some episodes done, average rewards:  3.8757331371307373
some episodes done, average rewards:  3.7365596294403076
some episodes done, average rewards:  3.629060745239258
some episodes done, average rewards:  3.766590118408203
some episodes done, average rewards:  3.6823837757110596
some episodes done, average rewards:  3.670182943344116
some episodes done, average rewards:  3.5569465160369873
some episodes done, average rewards:  3.781057119369507
some episodes done, average rewards:  3.813657522201538
some episodes done, average rewards:  3.5610523223876953
some episodes done, average rewards:  3.531085729598999
some episodes done, average rewards:  3.7430670261383057
some episodes done, average rewards:  3.6806557178497314
some episodes done, average rewards:  3.608609914779663
some episodes done, average rewards:  3.737107753753662
some episodes done, average rewards:  3.9058830738067627
some episodes done, average rewards:  3.8025994300842285
some episodes done, average rewards:  3.8172993659973145
some episodes done, average rewards:  3.898334503173828
some episodes done, average rewards:  4.068157196044922
some episodes done, average rewards:  3.7598392963409424

Algo mappo Exp check updates 2475/6103 episodes, total num timesteps 40566784/100000000, FPS 7169.

some episodes done, average rewards:  3.9112417697906494
some episodes done, average rewards:  3.781546115875244
some episodes done, average rewards:  3.845768690109253
some episodes done, average rewards:  3.964432954788208
some episodes done, average rewards:  3.8784525394439697
some episodes done, average rewards:  3.872605800628662
some episodes done, average rewards:  3.801708221435547
some episodes done, average rewards:  3.862016439437866
some episodes done, average rewards:  4.104068279266357
some episodes done, average rewards:  4.0388288497924805
some episodes done, average rewards:  3.6520845890045166
some episodes done, average rewards:  3.7438836097717285
some episodes done, average rewards:  3.740250825881958
some episodes done, average rewards:  3.7883214950561523
some episodes done, average rewards:  3.641557216644287
some episodes done, average rewards:  3.857550621032715
some episodes done, average rewards:  3.703388214111328
some episodes done, average rewards:  3.7100963592529297
some episodes done, average rewards:  3.495899200439453
some episodes done, average rewards:  3.7756588459014893
some episodes done, average rewards:  3.7528703212738037
some episodes done, average rewards:  3.9515268802642822
some episodes done, average rewards:  3.6941044330596924
some episodes done, average rewards:  3.6340906620025635
some episodes done, average rewards:  3.557750701904297

Algo mappo Exp check updates 2500/6103 episodes, total num timesteps 40976384/100000000, FPS 7171.

some episodes done, average rewards:  3.586082696914673
some episodes done, average rewards:  3.549229145050049
some episodes done, average rewards:  3.888296365737915
some episodes done, average rewards:  3.611863136291504
some episodes done, average rewards:  3.69179368019104
some episodes done, average rewards:  3.596604108810425
some episodes done, average rewards:  3.9485387802124023
some episodes done, average rewards:  3.7712531089782715
some episodes done, average rewards:  3.6508584022521973
some episodes done, average rewards:  3.8816311359405518
some episodes done, average rewards:  3.715270757675171
some episodes done, average rewards:  3.6631217002868652
some episodes done, average rewards:  3.916015386581421
some episodes done, average rewards:  3.9821081161499023
some episodes done, average rewards:  3.858166217803955
some episodes done, average rewards:  3.7130024433135986
some episodes done, average rewards:  3.766909122467041
some episodes done, average rewards:  3.7350704669952393
some episodes done, average rewards:  3.6375036239624023
some episodes done, average rewards:  3.7495598793029785
some episodes done, average rewards:  3.7511141300201416
some episodes done, average rewards:  3.7079379558563232
some episodes done, average rewards:  3.4741172790527344
some episodes done, average rewards:  3.6194655895233154
some episodes done, average rewards:  3.6922895908355713

Algo mappo Exp check updates 2525/6103 episodes, total num timesteps 41385984/100000000, FPS 7172.

some episodes done, average rewards:  3.467252016067505
some episodes done, average rewards:  3.530202865600586
some episodes done, average rewards:  3.6863889694213867
some episodes done, average rewards:  3.869676351547241
some episodes done, average rewards:  3.620918035507202
some episodes done, average rewards:  3.9197800159454346
some episodes done, average rewards:  3.808795690536499
some episodes done, average rewards:  3.7422688007354736
some episodes done, average rewards:  3.6695492267608643
some episodes done, average rewards:  3.819722890853882
some episodes done, average rewards:  3.7266111373901367
some episodes done, average rewards:  3.828009605407715
some episodes done, average rewards:  3.6370320320129395
some episodes done, average rewards:  3.5764901638031006
some episodes done, average rewards:  3.741513729095459
some episodes done, average rewards:  3.8922219276428223
some episodes done, average rewards:  3.6265130043029785
some episodes done, average rewards:  3.714081287384033
some episodes done, average rewards:  3.6182000637054443
some episodes done, average rewards:  3.4732909202575684
some episodes done, average rewards:  3.4719371795654297
some episodes done, average rewards:  3.3471086025238037
some episodes done, average rewards:  3.387742280960083
some episodes done, average rewards:  3.4431447982788086
some episodes done, average rewards:  3.3520121574401855

Algo mappo Exp check updates 2550/6103 episodes, total num timesteps 41795584/100000000, FPS 7173.

some episodes done, average rewards:  3.4072327613830566
some episodes done, average rewards:  3.5096237659454346
some episodes done, average rewards:  3.458371877670288
some episodes done, average rewards:  3.3785955905914307
some episodes done, average rewards:  3.45418643951416
some episodes done, average rewards:  3.431483030319214
some episodes done, average rewards:  3.430335760116577
some episodes done, average rewards:  3.2156007289886475
some episodes done, average rewards:  3.3603172302246094
some episodes done, average rewards:  3.427985906600952
some episodes done, average rewards:  3.358898639678955
some episodes done, average rewards:  3.1991939544677734
some episodes done, average rewards:  3.3857061862945557
some episodes done, average rewards:  3.6525423526763916
some episodes done, average rewards:  3.4976141452789307
some episodes done, average rewards:  3.5368380546569824
some episodes done, average rewards:  3.2765564918518066
some episodes done, average rewards:  3.400634288787842
some episodes done, average rewards:  3.587122678756714
some episodes done, average rewards:  3.325563907623291
some episodes done, average rewards:  3.872711181640625
some episodes done, average rewards:  3.7143242359161377
some episodes done, average rewards:  3.447935104370117
some episodes done, average rewards:  3.359466314315796
some episodes done, average rewards:  3.4613325595855713

Algo mappo Exp check updates 2575/6103 episodes, total num timesteps 42205184/100000000, FPS 7173.

some episodes done, average rewards:  3.542043447494507
some episodes done, average rewards:  3.637970209121704
some episodes done, average rewards:  3.415477752685547
some episodes done, average rewards:  3.5068960189819336
some episodes done, average rewards:  3.457090139389038
some episodes done, average rewards:  3.4971859455108643
some episodes done, average rewards:  3.7214839458465576
some episodes done, average rewards:  3.7226455211639404
some episodes done, average rewards:  3.892094850540161
some episodes done, average rewards:  3.8791720867156982
some episodes done, average rewards:  4.067971706390381
some episodes done, average rewards:  3.762866497039795
some episodes done, average rewards:  3.8440144062042236
some episodes done, average rewards:  3.9482429027557373
some episodes done, average rewards:  3.858254909515381
some episodes done, average rewards:  3.7681992053985596
some episodes done, average rewards:  3.8461592197418213
some episodes done, average rewards:  3.843937873840332
some episodes done, average rewards:  3.805957317352295
some episodes done, average rewards:  3.9066665172576904
some episodes done, average rewards:  3.768220901489258
some episodes done, average rewards:  3.9459948539733887
some episodes done, average rewards:  3.979008674621582
some episodes done, average rewards:  3.8663203716278076
some episodes done, average rewards:  3.9250712394714355

Algo mappo Exp check updates 2600/6103 episodes, total num timesteps 42614784/100000000, FPS 7175.

some episodes done, average rewards:  3.8474271297454834
some episodes done, average rewards:  3.763728618621826
some episodes done, average rewards:  3.916347026824951
some episodes done, average rewards:  4.095569610595703
some episodes done, average rewards:  4.041596412658691
some episodes done, average rewards:  4.011244297027588
some episodes done, average rewards:  4.200963973999023
some episodes done, average rewards:  3.9074337482452393
some episodes done, average rewards:  4.088850975036621
some episodes done, average rewards:  3.9685559272766113
some episodes done, average rewards:  4.141676425933838
some episodes done, average rewards:  3.7335410118103027
some episodes done, average rewards:  4.079266548156738
some episodes done, average rewards:  4.107831001281738
some episodes done, average rewards:  4.067640781402588
some episodes done, average rewards:  3.746904134750366
some episodes done, average rewards:  3.9744324684143066
some episodes done, average rewards:  3.697592258453369
some episodes done, average rewards:  3.770441770553589
some episodes done, average rewards:  3.5274651050567627
some episodes done, average rewards:  3.608576774597168
some episodes done, average rewards:  3.9617998600006104
some episodes done, average rewards:  3.805676221847534
some episodes done, average rewards:  3.886289119720459
some episodes done, average rewards:  3.9705326557159424

Algo mappo Exp check updates 2625/6103 episodes, total num timesteps 43024384/100000000, FPS 7176.

some episodes done, average rewards:  4.137484550476074
some episodes done, average rewards:  3.951573371887207
some episodes done, average rewards:  4.124831676483154
some episodes done, average rewards:  4.163139820098877
some episodes done, average rewards:  4.00285530090332
some episodes done, average rewards:  4.160192489624023
some episodes done, average rewards:  4.010232448577881
some episodes done, average rewards:  4.029365539550781
some episodes done, average rewards:  4.093596458435059
some episodes done, average rewards:  4.141340732574463
some episodes done, average rewards:  4.156571865081787
some episodes done, average rewards:  4.204267501831055
some episodes done, average rewards:  4.063720703125
some episodes done, average rewards:  4.266269683837891
some episodes done, average rewards:  4.037025451660156
some episodes done, average rewards:  4.332953453063965
some episodes done, average rewards:  4.1833271980285645
some episodes done, average rewards:  4.283127784729004
some episodes done, average rewards:  4.121949672698975
some episodes done, average rewards:  4.260311126708984
some episodes done, average rewards:  4.234338283538818
some episodes done, average rewards:  4.272057056427002
some episodes done, average rewards:  4.082658767700195
some episodes done, average rewards:  4.1099443435668945
some episodes done, average rewards:  4.285729885101318

Algo mappo Exp check updates 2650/6103 episodes, total num timesteps 43433984/100000000, FPS 7179.

some episodes done, average rewards:  4.323981285095215
some episodes done, average rewards:  4.343537330627441
some episodes done, average rewards:  3.8911962509155273
some episodes done, average rewards:  4.1791605949401855
some episodes done, average rewards:  3.8699679374694824
some episodes done, average rewards:  4.128564834594727
some episodes done, average rewards:  4.027089595794678
some episodes done, average rewards:  3.9718120098114014
some episodes done, average rewards:  4.08153772354126
some episodes done, average rewards:  3.967395067214966
some episodes done, average rewards:  4.093472957611084
some episodes done, average rewards:  3.933945894241333
some episodes done, average rewards:  3.9116878509521484
some episodes done, average rewards:  4.008366584777832
some episodes done, average rewards:  3.704853057861328
some episodes done, average rewards:  3.9059836864471436
some episodes done, average rewards:  3.994636058807373
some episodes done, average rewards:  3.943425178527832
some episodes done, average rewards:  3.9476990699768066
some episodes done, average rewards:  3.595323324203491
some episodes done, average rewards:  3.975250482559204
some episodes done, average rewards:  3.908992052078247
some episodes done, average rewards:  4.0110883712768555
some episodes done, average rewards:  3.9584097862243652
some episodes done, average rewards:  4.309516906738281

Algo mappo Exp check updates 2675/6103 episodes, total num timesteps 43843584/100000000, FPS 7182.

some episodes done, average rewards:  4.005823135375977
some episodes done, average rewards:  3.9482779502868652
some episodes done, average rewards:  4.062300682067871
some episodes done, average rewards:  4.132179260253906
some episodes done, average rewards:  3.823427200317383
some episodes done, average rewards:  4.087742805480957
some episodes done, average rewards:  3.9105892181396484
some episodes done, average rewards:  3.7360928058624268
some episodes done, average rewards:  4.001724720001221
some episodes done, average rewards:  4.0898003578186035
some episodes done, average rewards:  4.030616760253906
some episodes done, average rewards:  4.035645484924316
some episodes done, average rewards:  4.217992305755615
some episodes done, average rewards:  4.189151763916016
some episodes done, average rewards:  4.076356410980225
some episodes done, average rewards:  3.9919533729553223
some episodes done, average rewards:  4.186585903167725
some episodes done, average rewards:  4.2545576095581055
some episodes done, average rewards:  4.056519985198975
some episodes done, average rewards:  3.900341510772705
some episodes done, average rewards:  4.139051914215088
some episodes done, average rewards:  4.029024600982666
some episodes done, average rewards:  4.308662414550781
some episodes done, average rewards:  3.8442859649658203
some episodes done, average rewards:  4.1115851402282715

Algo mappo Exp check updates 2700/6103 episodes, total num timesteps 44253184/100000000, FPS 7184.

some episodes done, average rewards:  4.259784698486328
some episodes done, average rewards:  3.9830925464630127
some episodes done, average rewards:  4.166714668273926
some episodes done, average rewards:  4.165562629699707
some episodes done, average rewards:  4.114371299743652
some episodes done, average rewards:  4.005507946014404
some episodes done, average rewards:  4.162729740142822
some episodes done, average rewards:  4.100992202758789
some episodes done, average rewards:  4.065970420837402
some episodes done, average rewards:  4.035338401794434
some episodes done, average rewards:  4.050667762756348
some episodes done, average rewards:  4.47308349609375
some episodes done, average rewards:  4.311103343963623
some episodes done, average rewards:  4.130959987640381
some episodes done, average rewards:  4.1709442138671875
some episodes done, average rewards:  4.038074970245361
some episodes done, average rewards:  3.9565227031707764
some episodes done, average rewards:  4.3325629234313965
some episodes done, average rewards:  4.369626998901367
some episodes done, average rewards:  4.280964374542236
some episodes done, average rewards:  4.0212721824646
some episodes done, average rewards:  4.016844749450684
some episodes done, average rewards:  3.933304786682129
some episodes done, average rewards:  4.205315589904785
some episodes done, average rewards:  3.730027437210083

Algo mappo Exp check updates 2725/6103 episodes, total num timesteps 44662784/100000000, FPS 7187.

some episodes done, average rewards:  4.2221903800964355
some episodes done, average rewards:  4.198877811431885
some episodes done, average rewards:  3.978591203689575
some episodes done, average rewards:  4.05259895324707
some episodes done, average rewards:  4.179782390594482
some episodes done, average rewards:  4.034862041473389
some episodes done, average rewards:  4.083340167999268
some episodes done, average rewards:  4.022753715515137
some episodes done, average rewards:  3.966914176940918
some episodes done, average rewards:  3.9995408058166504
some episodes done, average rewards:  3.8820793628692627
some episodes done, average rewards:  3.8976471424102783
some episodes done, average rewards:  3.9824438095092773
some episodes done, average rewards:  3.7204043865203857
some episodes done, average rewards:  3.8664331436157227
some episodes done, average rewards:  4.076959133148193
some episodes done, average rewards:  4.32794713973999
some episodes done, average rewards:  4.04719877243042
some episodes done, average rewards:  4.268440246582031
some episodes done, average rewards:  4.046896934509277
some episodes done, average rewards:  4.0704026222229
some episodes done, average rewards:  4.243643283843994
some episodes done, average rewards:  4.179095268249512
some episodes done, average rewards:  3.974371910095215
some episodes done, average rewards:  4.201073169708252

Algo mappo Exp check updates 2750/6103 episodes, total num timesteps 45072384/100000000, FPS 7190.

some episodes done, average rewards:  4.263607025146484
some episodes done, average rewards:  4.350404739379883
some episodes done, average rewards:  4.329892158508301
some episodes done, average rewards:  4.365891933441162
some episodes done, average rewards:  4.554940700531006
some episodes done, average rewards:  4.565847396850586
some episodes done, average rewards:  4.540187358856201
some episodes done, average rewards:  4.504061698913574
some episodes done, average rewards:  4.588682174682617
some episodes done, average rewards:  4.432777404785156
some episodes done, average rewards:  4.2636919021606445
some episodes done, average rewards:  4.576971054077148
some episodes done, average rewards:  4.951052665710449
some episodes done, average rewards:  4.614251613616943
some episodes done, average rewards:  4.903604030609131
some episodes done, average rewards:  4.615475654602051
some episodes done, average rewards:  4.713095664978027
some episodes done, average rewards:  4.607075214385986
some episodes done, average rewards:  4.713900089263916
some episodes done, average rewards:  4.923707485198975
some episodes done, average rewards:  4.935576438903809
some episodes done, average rewards:  4.647910118103027
some episodes done, average rewards:  4.837522029876709
some episodes done, average rewards:  4.645171642303467
some episodes done, average rewards:  4.710922718048096

Algo mappo Exp check updates 2775/6103 episodes, total num timesteps 45481984/100000000, FPS 7195.

some episodes done, average rewards:  4.850311756134033
some episodes done, average rewards:  4.833530426025391
some episodes done, average rewards:  4.992537975311279
some episodes done, average rewards:  4.80549430847168
some episodes done, average rewards:  4.828189373016357
some episodes done, average rewards:  5.215456962585449
some episodes done, average rewards:  4.95751428604126
some episodes done, average rewards:  4.771010398864746
some episodes done, average rewards:  4.9160475730896
some episodes done, average rewards:  4.926730632781982
some episodes done, average rewards:  5.0559163093566895
some episodes done, average rewards:  5.319944381713867
some episodes done, average rewards:  5.085592746734619
some episodes done, average rewards:  5.019772529602051
some episodes done, average rewards:  4.892812252044678
some episodes done, average rewards:  4.926697731018066
some episodes done, average rewards:  5.031783580780029
some episodes done, average rewards:  4.921545028686523
some episodes done, average rewards:  4.727287292480469
some episodes done, average rewards:  4.790849208831787
some episodes done, average rewards:  5.298367500305176
some episodes done, average rewards:  4.869291305541992
some episodes done, average rewards:  4.8919501304626465
some episodes done, average rewards:  4.796687126159668
some episodes done, average rewards:  5.018571376800537

Algo mappo Exp check updates 2800/6103 episodes, total num timesteps 45891584/100000000, FPS 7199.

some episodes done, average rewards:  5.1152143478393555
some episodes done, average rewards:  4.900782585144043
some episodes done, average rewards:  5.106566905975342
some episodes done, average rewards:  5.050303936004639
some episodes done, average rewards:  5.320979118347168
some episodes done, average rewards:  5.112342357635498
some episodes done, average rewards:  5.0303955078125
some episodes done, average rewards:  5.23638916015625
some episodes done, average rewards:  4.842168807983398
some episodes done, average rewards:  5.094104766845703
some episodes done, average rewards:  4.992061614990234
some episodes done, average rewards:  5.204290866851807
some episodes done, average rewards:  4.913926124572754
some episodes done, average rewards:  4.931107997894287
some episodes done, average rewards:  5.259269714355469
some episodes done, average rewards:  5.040935516357422
some episodes done, average rewards:  5.327317714691162
some episodes done, average rewards:  5.164038181304932
some episodes done, average rewards:  5.158788681030273
some episodes done, average rewards:  4.9696221351623535
some episodes done, average rewards:  5.081658363342285
some episodes done, average rewards:  5.024930477142334
some episodes done, average rewards:  5.226937294006348
some episodes done, average rewards:  5.277652263641357
some episodes done, average rewards:  5.377242565155029

Algo mappo Exp check updates 2825/6103 episodes, total num timesteps 46301184/100000000, FPS 7202.

some episodes done, average rewards:  5.116241455078125
some episodes done, average rewards:  5.038599967956543
some episodes done, average rewards:  5.221750736236572
some episodes done, average rewards:  4.865583896636963
some episodes done, average rewards:  5.126485824584961
some episodes done, average rewards:  5.260578155517578
some episodes done, average rewards:  5.269258975982666
some episodes done, average rewards:  5.494459629058838
some episodes done, average rewards:  5.122795581817627
some episodes done, average rewards:  5.14142370223999
some episodes done, average rewards:  5.196709632873535
some episodes done, average rewards:  5.175718307495117
some episodes done, average rewards:  5.153428077697754
some episodes done, average rewards:  4.923112869262695
some episodes done, average rewards:  5.3531880378723145
some episodes done, average rewards:  4.98306941986084
some episodes done, average rewards:  5.068323612213135
some episodes done, average rewards:  4.946585655212402
some episodes done, average rewards:  5.340939521789551
some episodes done, average rewards:  5.297550201416016
some episodes done, average rewards:  5.000479698181152
some episodes done, average rewards:  5.0893473625183105
some episodes done, average rewards:  5.1800384521484375
some episodes done, average rewards:  5.309042930603027
some episodes done, average rewards:  5.105075836181641

Algo mappo Exp check updates 2850/6103 episodes, total num timesteps 46710784/100000000, FPS 7206.

some episodes done, average rewards:  5.371706008911133
some episodes done, average rewards:  5.166413307189941
some episodes done, average rewards:  5.200604438781738
some episodes done, average rewards:  5.341441631317139
some episodes done, average rewards:  5.073111534118652
some episodes done, average rewards:  5.164341926574707
some episodes done, average rewards:  5.215653896331787
some episodes done, average rewards:  5.18108606338501
some episodes done, average rewards:  5.255224227905273
some episodes done, average rewards:  5.02907657623291
some episodes done, average rewards:  5.092999458312988
some episodes done, average rewards:  5.462247848510742
some episodes done, average rewards:  5.347147464752197
some episodes done, average rewards:  5.307581901550293
some episodes done, average rewards:  5.450192928314209
some episodes done, average rewards:  5.108355522155762
some episodes done, average rewards:  5.3636674880981445
some episodes done, average rewards:  5.120670795440674
some episodes done, average rewards:  5.215278625488281
some episodes done, average rewards:  5.384335517883301
some episodes done, average rewards:  5.206627368927002
some episodes done, average rewards:  5.578686237335205
some episodes done, average rewards:  5.227142810821533
some episodes done, average rewards:  5.447854995727539
some episodes done, average rewards:  5.822917938232422

Algo mappo Exp check updates 2875/6103 episodes, total num timesteps 47120384/100000000, FPS 7209.

some episodes done, average rewards:  5.553986549377441
some episodes done, average rewards:  5.160499095916748
some episodes done, average rewards:  5.446855545043945
some episodes done, average rewards:  5.26155948638916
some episodes done, average rewards:  5.420509338378906
some episodes done, average rewards:  5.306453227996826
some episodes done, average rewards:  5.526374340057373
some episodes done, average rewards:  5.184192657470703
some episodes done, average rewards:  5.4062957763671875
some episodes done, average rewards:  5.74921989440918
some episodes done, average rewards:  5.510072231292725
some episodes done, average rewards:  5.384618759155273
some episodes done, average rewards:  5.4602203369140625
some episodes done, average rewards:  5.230348587036133
some episodes done, average rewards:  5.286766052246094
some episodes done, average rewards:  5.527792930603027
some episodes done, average rewards:  5.423206806182861
some episodes done, average rewards:  5.4114670753479
some episodes done, average rewards:  5.7798004150390625
some episodes done, average rewards:  5.460029125213623
some episodes done, average rewards:  5.551609992980957
some episodes done, average rewards:  5.747584342956543
some episodes done, average rewards:  5.492032051086426
some episodes done, average rewards:  5.49238920211792
some episodes done, average rewards:  5.490139961242676

Algo mappo Exp check updates 2900/6103 episodes, total num timesteps 47529984/100000000, FPS 7212.

some episodes done, average rewards:  5.424370765686035
some episodes done, average rewards:  5.570618629455566
some episodes done, average rewards:  5.480188846588135
some episodes done, average rewards:  5.446853160858154
some episodes done, average rewards:  5.207929611206055
some episodes done, average rewards:  5.283047199249268
some episodes done, average rewards:  5.494730472564697
some episodes done, average rewards:  5.8532304763793945
some episodes done, average rewards:  5.498739719390869
some episodes done, average rewards:  5.36793851852417
some episodes done, average rewards:  5.358386039733887
some episodes done, average rewards:  5.269338607788086
some episodes done, average rewards:  5.210541725158691
some episodes done, average rewards:  5.204443454742432
some episodes done, average rewards:  5.041961669921875
some episodes done, average rewards:  5.231435298919678
some episodes done, average rewards:  5.285185813903809
some episodes done, average rewards:  5.1319355964660645
some episodes done, average rewards:  5.182528018951416
some episodes done, average rewards:  5.402876377105713
some episodes done, average rewards:  5.272017955780029
some episodes done, average rewards:  5.108025550842285
some episodes done, average rewards:  5.327242374420166
some episodes done, average rewards:  5.563233375549316
some episodes done, average rewards:  5.595208644866943

Algo mappo Exp check updates 2925/6103 episodes, total num timesteps 47939584/100000000, FPS 7215.

some episodes done, average rewards:  5.136628150939941
some episodes done, average rewards:  5.373079776763916
some episodes done, average rewards:  5.430081844329834
some episodes done, average rewards:  5.3864850997924805
some episodes done, average rewards:  5.223210334777832
some episodes done, average rewards:  5.509871482849121
some episodes done, average rewards:  5.27587890625
some episodes done, average rewards:  5.516790390014648
some episodes done, average rewards:  5.419521808624268
some episodes done, average rewards:  5.432627201080322
some episodes done, average rewards:  5.26697301864624
some episodes done, average rewards:  5.624443054199219
some episodes done, average rewards:  5.136224746704102
some episodes done, average rewards:  5.576169967651367
some episodes done, average rewards:  5.435068607330322
some episodes done, average rewards:  5.717859745025635
some episodes done, average rewards:  5.471700191497803
some episodes done, average rewards:  5.7226881980896
some episodes done, average rewards:  5.288392543792725
some episodes done, average rewards:  5.432098865509033
some episodes done, average rewards:  5.7130351066589355
some episodes done, average rewards:  5.57744836807251
some episodes done, average rewards:  5.57985258102417
some episodes done, average rewards:  5.726993560791016
some episodes done, average rewards:  5.611008644104004

Algo mappo Exp check updates 2950/6103 episodes, total num timesteps 48349184/100000000, FPS 7218.

some episodes done, average rewards:  5.321073532104492
some episodes done, average rewards:  5.80277681350708
some episodes done, average rewards:  5.527136325836182
some episodes done, average rewards:  5.695346832275391
some episodes done, average rewards:  5.335007190704346
some episodes done, average rewards:  5.822293758392334
some episodes done, average rewards:  5.785321235656738
some episodes done, average rewards:  5.550281524658203
some episodes done, average rewards:  5.687490463256836
some episodes done, average rewards:  5.726855278015137
some episodes done, average rewards:  5.67246150970459
some episodes done, average rewards:  5.654595851898193
some episodes done, average rewards:  5.597801685333252
some episodes done, average rewards:  5.901648044586182
some episodes done, average rewards:  5.529944896697998
some episodes done, average rewards:  5.590588092803955
some episodes done, average rewards:  5.604322910308838
some episodes done, average rewards:  5.911981105804443
some episodes done, average rewards:  5.648477077484131
some episodes done, average rewards:  5.537734031677246
some episodes done, average rewards:  5.948062896728516
some episodes done, average rewards:  5.9410176277160645
some episodes done, average rewards:  5.841198921203613
some episodes done, average rewards:  5.655956745147705
some episodes done, average rewards:  5.648714542388916

Algo mappo Exp check updates 2975/6103 episodes, total num timesteps 48758784/100000000, FPS 7221.

some episodes done, average rewards:  5.9316534996032715
some episodes done, average rewards:  5.988550662994385
some episodes done, average rewards:  5.665482521057129
some episodes done, average rewards:  5.745375633239746
some episodes done, average rewards:  5.551417350769043
some episodes done, average rewards:  5.547323226928711
some episodes done, average rewards:  5.787235736846924
some episodes done, average rewards:  5.606387138366699
some episodes done, average rewards:  5.741419792175293
some episodes done, average rewards:  5.783053874969482
some episodes done, average rewards:  5.916855335235596
some episodes done, average rewards:  5.284897804260254
some episodes done, average rewards:  5.507043361663818
some episodes done, average rewards:  5.513514995574951
some episodes done, average rewards:  5.822007656097412
some episodes done, average rewards:  5.976837635040283
some episodes done, average rewards:  5.53056001663208
some episodes done, average rewards:  5.534501075744629
some episodes done, average rewards:  5.591000080108643
some episodes done, average rewards:  5.63266134262085
some episodes done, average rewards:  5.621586799621582
some episodes done, average rewards:  5.852014064788818
some episodes done, average rewards:  5.658690929412842
some episodes done, average rewards:  5.786287784576416
some episodes done, average rewards:  5.7478413581848145

Algo mappo Exp check updates 3000/6103 episodes, total num timesteps 49168384/100000000, FPS 7223.

some episodes done, average rewards:  5.9190778732299805
some episodes done, average rewards:  5.758159637451172
some episodes done, average rewards:  5.735530853271484
some episodes done, average rewards:  5.532535552978516
some episodes done, average rewards:  5.910552024841309
some episodes done, average rewards:  5.555290222167969
some episodes done, average rewards:  5.584151268005371
some episodes done, average rewards:  5.54093074798584
some episodes done, average rewards:  5.529590129852295
some episodes done, average rewards:  5.712246417999268
some episodes done, average rewards:  5.720154285430908
some episodes done, average rewards:  5.749120712280273
some episodes done, average rewards:  5.827552795410156
some episodes done, average rewards:  5.466865539550781
some episodes done, average rewards:  5.531283855438232
some episodes done, average rewards:  5.5283522605896
some episodes done, average rewards:  5.848477840423584
some episodes done, average rewards:  5.692643165588379
some episodes done, average rewards:  5.482029914855957
some episodes done, average rewards:  5.782424449920654
some episodes done, average rewards:  5.849003314971924
some episodes done, average rewards:  5.897740364074707
some episodes done, average rewards:  5.776704788208008
some episodes done, average rewards:  5.6000776290893555
some episodes done, average rewards:  5.431870460510254

Algo mappo Exp check updates 3025/6103 episodes, total num timesteps 49577984/100000000, FPS 7226.

some episodes done, average rewards:  5.676791667938232
some episodes done, average rewards:  5.627400875091553
some episodes done, average rewards:  5.677220344543457
some episodes done, average rewards:  5.611056804656982
some episodes done, average rewards:  5.699047088623047
some episodes done, average rewards:  5.566445827484131
some episodes done, average rewards:  5.518157482147217
some episodes done, average rewards:  5.684625625610352
some episodes done, average rewards:  5.791593551635742
some episodes done, average rewards:  5.630303859710693
some episodes done, average rewards:  5.622912406921387
some episodes done, average rewards:  5.700557708740234
some episodes done, average rewards:  5.592249870300293
some episodes done, average rewards:  5.622905254364014
some episodes done, average rewards:  5.4938788414001465
some episodes done, average rewards:  5.489731311798096
some episodes done, average rewards:  5.422016143798828
some episodes done, average rewards:  5.356658935546875
some episodes done, average rewards:  5.551150798797607
some episodes done, average rewards:  5.155664443969727
some episodes done, average rewards:  5.533083438873291
some episodes done, average rewards:  5.590709686279297
some episodes done, average rewards:  5.664440155029297
some episodes done, average rewards:  5.731169700622559
some episodes done, average rewards:  5.356369972229004

Algo mappo Exp check updates 3050/6103 episodes, total num timesteps 49987584/100000000, FPS 7228.

some episodes done, average rewards:  5.568996429443359
some episodes done, average rewards:  5.74146032333374
some episodes done, average rewards:  5.745812892913818
some episodes done, average rewards:  5.423525333404541
some episodes done, average rewards:  5.706320762634277
some episodes done, average rewards:  5.634182929992676
some episodes done, average rewards:  5.522640705108643
some episodes done, average rewards:  5.653834342956543
some episodes done, average rewards:  5.6385111808776855
some episodes done, average rewards:  5.658753871917725
some episodes done, average rewards:  5.686822414398193
some episodes done, average rewards:  5.48868465423584
some episodes done, average rewards:  5.662182331085205
some episodes done, average rewards:  5.416939735412598
some episodes done, average rewards:  5.583474636077881
some episodes done, average rewards:  5.65539026260376
some episodes done, average rewards:  5.728381156921387
some episodes done, average rewards:  5.841968059539795
some episodes done, average rewards:  5.726940631866455
some episodes done, average rewards:  5.7564239501953125
some episodes done, average rewards:  5.955568790435791
some episodes done, average rewards:  5.739129543304443
some episodes done, average rewards:  5.9491167068481445
some episodes done, average rewards:  5.931678771972656
some episodes done, average rewards:  5.694586753845215

Algo mappo Exp check updates 3075/6103 episodes, total num timesteps 50397184/100000000, FPS 7230.

some episodes done, average rewards:  5.838411331176758
some episodes done, average rewards:  5.866398811340332
some episodes done, average rewards:  5.7834577560424805
some episodes done, average rewards:  5.780126094818115
some episodes done, average rewards:  5.852954864501953
some episodes done, average rewards:  5.884030342102051
some episodes done, average rewards:  5.717066764831543
some episodes done, average rewards:  5.896011829376221
some episodes done, average rewards:  5.861577987670898
some episodes done, average rewards:  5.9885125160217285
some episodes done, average rewards:  5.4508442878723145
some episodes done, average rewards:  5.424465656280518
some episodes done, average rewards:  5.915338516235352
some episodes done, average rewards:  5.863962173461914
some episodes done, average rewards:  5.725491523742676
some episodes done, average rewards:  5.791686534881592
some episodes done, average rewards:  6.127272129058838
some episodes done, average rewards:  5.6940412521362305
some episodes done, average rewards:  6.114147663116455
some episodes done, average rewards:  5.96230936050415
some episodes done, average rewards:  5.983165264129639
some episodes done, average rewards:  6.022881984710693
some episodes done, average rewards:  5.996197700500488
some episodes done, average rewards:  5.991125583648682
some episodes done, average rewards:  5.673894882202148

Algo mappo Exp check updates 3100/6103 episodes, total num timesteps 50806784/100000000, FPS 7234.

some episodes done, average rewards:  6.112410068511963
some episodes done, average rewards:  5.744950771331787
some episodes done, average rewards:  5.829561233520508
some episodes done, average rewards:  5.858160495758057
some episodes done, average rewards:  5.751450538635254
some episodes done, average rewards:  5.999199867248535
some episodes done, average rewards:  5.941140174865723
some episodes done, average rewards:  5.977435111999512
some episodes done, average rewards:  5.8404765129089355
some episodes done, average rewards:  5.859640598297119
some episodes done, average rewards:  5.849138259887695
some episodes done, average rewards:  6.01248025894165
some episodes done, average rewards:  5.935038089752197
some episodes done, average rewards:  6.269562244415283
some episodes done, average rewards:  6.195209980010986
some episodes done, average rewards:  6.243038177490234
some episodes done, average rewards:  6.225528240203857
some episodes done, average rewards:  5.792685508728027
some episodes done, average rewards:  6.050180435180664
some episodes done, average rewards:  5.925827503204346
some episodes done, average rewards:  6.101192474365234
some episodes done, average rewards:  5.845520973205566
some episodes done, average rewards:  6.114077091217041
some episodes done, average rewards:  5.953810691833496
some episodes done, average rewards:  5.672966003417969

Algo mappo Exp check updates 3125/6103 episodes, total num timesteps 51216384/100000000, FPS 7236.

some episodes done, average rewards:  5.938587188720703
some episodes done, average rewards:  6.071376323699951
some episodes done, average rewards:  5.935085296630859
some episodes done, average rewards:  6.013945579528809
some episodes done, average rewards:  5.858831882476807
some episodes done, average rewards:  5.9421539306640625
some episodes done, average rewards:  5.905886173248291
some episodes done, average rewards:  5.812216281890869
some episodes done, average rewards:  6.2082133293151855
some episodes done, average rewards:  6.0628886222839355
some episodes done, average rewards:  6.31168794631958
some episodes done, average rewards:  6.368399620056152
some episodes done, average rewards:  6.117092132568359
some episodes done, average rewards:  5.982882499694824
some episodes done, average rewards:  6.195639133453369
some episodes done, average rewards:  6.177704334259033
some episodes done, average rewards:  6.218199729919434
some episodes done, average rewards:  6.436790466308594
some episodes done, average rewards:  6.106922149658203
some episodes done, average rewards:  6.352914333343506
some episodes done, average rewards:  6.143339157104492
some episodes done, average rewards:  6.1755218505859375
some episodes done, average rewards:  6.152626037597656
some episodes done, average rewards:  6.259608268737793
some episodes done, average rewards:  6.037621021270752

Algo mappo Exp check updates 3150/6103 episodes, total num timesteps 51625984/100000000, FPS 7238.

some episodes done, average rewards:  6.312366008758545
some episodes done, average rewards:  5.854328155517578
some episodes done, average rewards:  6.112525939941406
some episodes done, average rewards:  6.392732620239258
some episodes done, average rewards:  6.25345516204834
some episodes done, average rewards:  6.179653644561768
some episodes done, average rewards:  6.221256732940674
some episodes done, average rewards:  5.87122106552124
some episodes done, average rewards:  6.018346786499023
some episodes done, average rewards:  5.685948371887207
some episodes done, average rewards:  5.893526554107666
some episodes done, average rewards:  6.01780891418457
some episodes done, average rewards:  5.92596435546875
some episodes done, average rewards:  6.1378092765808105
some episodes done, average rewards:  5.907163143157959
some episodes done, average rewards:  5.90126371383667
some episodes done, average rewards:  6.211472511291504
some episodes done, average rewards:  5.980720520019531
some episodes done, average rewards:  6.063361644744873
some episodes done, average rewards:  5.784642219543457
some episodes done, average rewards:  6.100921154022217
some episodes done, average rewards:  5.775531768798828
some episodes done, average rewards:  5.707988262176514
some episodes done, average rewards:  5.954183578491211
some episodes done, average rewards:  5.622935771942139

Algo mappo Exp check updates 3175/6103 episodes, total num timesteps 52035584/100000000, FPS 7240.

some episodes done, average rewards:  6.216519832611084
some episodes done, average rewards:  5.792176723480225
some episodes done, average rewards:  5.890124797821045
some episodes done, average rewards:  5.888036251068115
some episodes done, average rewards:  5.631775379180908
some episodes done, average rewards:  5.634793758392334
some episodes done, average rewards:  5.631130695343018
some episodes done, average rewards:  5.928359031677246
some episodes done, average rewards:  5.63577938079834
some episodes done, average rewards:  5.724722862243652
some episodes done, average rewards:  5.621431827545166
some episodes done, average rewards:  5.598885536193848
some episodes done, average rewards:  5.790643692016602
some episodes done, average rewards:  5.398499011993408
some episodes done, average rewards:  5.604990482330322
some episodes done, average rewards:  5.433450222015381
some episodes done, average rewards:  5.389515399932861
some episodes done, average rewards:  5.226873874664307
some episodes done, average rewards:  5.313107967376709
some episodes done, average rewards:  5.497673511505127
some episodes done, average rewards:  5.424675464630127
some episodes done, average rewards:  5.42451810836792
some episodes done, average rewards:  5.266988277435303
some episodes done, average rewards:  5.313613414764404
some episodes done, average rewards:  5.202418804168701

Algo mappo Exp check updates 3200/6103 episodes, total num timesteps 52445184/100000000, FPS 7241.

some episodes done, average rewards:  5.2327728271484375
some episodes done, average rewards:  5.329097747802734
some episodes done, average rewards:  5.444625377655029
some episodes done, average rewards:  5.282116413116455
some episodes done, average rewards:  5.233002662658691
some episodes done, average rewards:  5.191494464874268
some episodes done, average rewards:  5.47598934173584
some episodes done, average rewards:  5.254018306732178
some episodes done, average rewards:  5.185968399047852
some episodes done, average rewards:  5.318999767303467
some episodes done, average rewards:  5.262004852294922
some episodes done, average rewards:  5.2614521980285645
some episodes done, average rewards:  5.241781234741211
some episodes done, average rewards:  5.0749921798706055
some episodes done, average rewards:  5.355425834655762
some episodes done, average rewards:  4.997442245483398
some episodes done, average rewards:  5.011213302612305
some episodes done, average rewards:  5.296017646789551
some episodes done, average rewards:  5.454838275909424
some episodes done, average rewards:  5.452431678771973
some episodes done, average rewards:  5.488165378570557
some episodes done, average rewards:  5.352677822113037
some episodes done, average rewards:  5.3249077796936035
some episodes done, average rewards:  5.476189613342285
some episodes done, average rewards:  5.315130233764648

Algo mappo Exp check updates 3225/6103 episodes, total num timesteps 52854784/100000000, FPS 7243.

some episodes done, average rewards:  5.542466640472412
some episodes done, average rewards:  5.579927921295166
some episodes done, average rewards:  5.501057147979736
some episodes done, average rewards:  5.537296772003174
some episodes done, average rewards:  5.412126064300537
some episodes done, average rewards:  5.581501483917236
some episodes done, average rewards:  5.125067234039307
some episodes done, average rewards:  5.389833927154541
some episodes done, average rewards:  5.140368461608887
some episodes done, average rewards:  5.390330791473389
some episodes done, average rewards:  5.606199741363525
some episodes done, average rewards:  5.32401704788208
some episodes done, average rewards:  5.471513271331787
some episodes done, average rewards:  5.747846603393555
some episodes done, average rewards:  5.371087074279785
some episodes done, average rewards:  5.508578777313232
some episodes done, average rewards:  5.409086227416992
some episodes done, average rewards:  5.498283863067627
some episodes done, average rewards:  5.481634140014648
some episodes done, average rewards:  5.565898895263672
some episodes done, average rewards:  5.439553260803223
some episodes done, average rewards:  5.611769199371338
some episodes done, average rewards:  5.541270732879639
some episodes done, average rewards:  5.404738903045654
some episodes done, average rewards:  5.5296454429626465

Algo mappo Exp check updates 3250/6103 episodes, total num timesteps 53264384/100000000, FPS 7244.

some episodes done, average rewards:  5.714024543762207
some episodes done, average rewards:  5.6216936111450195
some episodes done, average rewards:  5.4535651206970215
some episodes done, average rewards:  5.230866432189941
some episodes done, average rewards:  5.069550514221191
some episodes done, average rewards:  5.370786666870117
some episodes done, average rewards:  5.276419162750244
some episodes done, average rewards:  5.529098033905029
some episodes done, average rewards:  5.511237621307373
some episodes done, average rewards:  5.3239569664001465
some episodes done, average rewards:  5.60136604309082
some episodes done, average rewards:  5.64206600189209
some episodes done, average rewards:  5.674261093139648
some episodes done, average rewards:  5.437752723693848
some episodes done, average rewards:  5.736722469329834
some episodes done, average rewards:  5.56817626953125
some episodes done, average rewards:  5.4710307121276855
some episodes done, average rewards:  5.531295299530029
some episodes done, average rewards:  5.705249309539795
some episodes done, average rewards:  5.6574225425720215
some episodes done, average rewards:  5.51320219039917
some episodes done, average rewards:  5.684542179107666
some episodes done, average rewards:  5.261882305145264
some episodes done, average rewards:  5.375537872314453
some episodes done, average rewards:  5.690263748168945

Algo mappo Exp check updates 3275/6103 episodes, total num timesteps 53673984/100000000, FPS 7245.

some episodes done, average rewards:  5.3231987953186035
some episodes done, average rewards:  5.519603729248047
some episodes done, average rewards:  5.582465171813965
some episodes done, average rewards:  5.401591777801514
some episodes done, average rewards:  5.512756824493408
some episodes done, average rewards:  5.631706714630127
some episodes done, average rewards:  5.26025390625
some episodes done, average rewards:  5.435593128204346
some episodes done, average rewards:  5.704320430755615
some episodes done, average rewards:  5.214885234832764
some episodes done, average rewards:  5.391025066375732
some episodes done, average rewards:  5.488911151885986
some episodes done, average rewards:  5.3765692710876465
some episodes done, average rewards:  5.695868492126465
some episodes done, average rewards:  5.4549360275268555
some episodes done, average rewards:  5.641930103302002
some episodes done, average rewards:  5.421623706817627
some episodes done, average rewards:  5.697844982147217
some episodes done, average rewards:  5.606170654296875
some episodes done, average rewards:  5.4387969970703125
some episodes done, average rewards:  5.585845947265625
some episodes done, average rewards:  5.256743907928467
some episodes done, average rewards:  5.582625389099121
some episodes done, average rewards:  5.58288049697876
some episodes done, average rewards:  5.630435466766357

Algo mappo Exp check updates 3300/6103 episodes, total num timesteps 54083584/100000000, FPS 7247.

some episodes done, average rewards:  5.551111221313477
some episodes done, average rewards:  5.416606903076172
some episodes done, average rewards:  5.6741814613342285
some episodes done, average rewards:  5.738956928253174
some episodes done, average rewards:  5.443123817443848
some episodes done, average rewards:  5.585393905639648
some episodes done, average rewards:  5.580514907836914
some episodes done, average rewards:  5.449670314788818
some episodes done, average rewards:  5.367043495178223
some episodes done, average rewards:  5.328596115112305
some episodes done, average rewards:  5.55841588973999
some episodes done, average rewards:  5.363287448883057
some episodes done, average rewards:  5.487036228179932
some episodes done, average rewards:  5.449336051940918
some episodes done, average rewards:  5.394049644470215
some episodes done, average rewards:  5.333950042724609
some episodes done, average rewards:  5.4012250900268555
some episodes done, average rewards:  5.471956729888916
some episodes done, average rewards:  5.467118740081787
some episodes done, average rewards:  5.400609970092773
some episodes done, average rewards:  5.737753868103027
some episodes done, average rewards:  5.628846168518066
some episodes done, average rewards:  5.626099586486816
some episodes done, average rewards:  5.659336566925049
some episodes done, average rewards:  5.6775288581848145

Algo mappo Exp check updates 3325/6103 episodes, total num timesteps 54493184/100000000, FPS 7248.

some episodes done, average rewards:  5.554048538208008
some episodes done, average rewards:  5.68932580947876
some episodes done, average rewards:  5.724505424499512
some episodes done, average rewards:  5.562534332275391
some episodes done, average rewards:  5.848623275756836
some episodes done, average rewards:  5.686087131500244
some episodes done, average rewards:  6.033052921295166
some episodes done, average rewards:  5.346693515777588
some episodes done, average rewards:  5.471041202545166
some episodes done, average rewards:  5.368344783782959
some episodes done, average rewards:  5.403493404388428
some episodes done, average rewards:  5.432929515838623
some episodes done, average rewards:  5.556783199310303
some episodes done, average rewards:  5.770240783691406
some episodes done, average rewards:  5.664766311645508
some episodes done, average rewards:  5.37462854385376
some episodes done, average rewards:  5.752075672149658
some episodes done, average rewards:  5.676560401916504
some episodes done, average rewards:  5.626316547393799
some episodes done, average rewards:  5.862989902496338
some episodes done, average rewards:  5.591462135314941
some episodes done, average rewards:  5.83168363571167
some episodes done, average rewards:  5.303599834442139
some episodes done, average rewards:  5.611508369445801
some episodes done, average rewards:  5.551540851593018

Algo mappo Exp check updates 3350/6103 episodes, total num timesteps 54902784/100000000, FPS 7251.

some episodes done, average rewards:  5.737642288208008
some episodes done, average rewards:  5.515158176422119
some episodes done, average rewards:  5.474292755126953
some episodes done, average rewards:  5.682165622711182
some episodes done, average rewards:  5.537232875823975
some episodes done, average rewards:  5.589907646179199
some episodes done, average rewards:  5.6856536865234375
some episodes done, average rewards:  5.623019218444824
some episodes done, average rewards:  5.752285957336426
some episodes done, average rewards:  5.602944850921631
some episodes done, average rewards:  5.680373191833496
some episodes done, average rewards:  5.754549980163574
some episodes done, average rewards:  5.661745548248291
some episodes done, average rewards:  5.869020938873291
some episodes done, average rewards:  5.7429704666137695
some episodes done, average rewards:  5.916146755218506
some episodes done, average rewards:  5.533561706542969
some episodes done, average rewards:  6.157533168792725
some episodes done, average rewards:  5.829565525054932
some episodes done, average rewards:  5.707878589630127
some episodes done, average rewards:  5.762989521026611
some episodes done, average rewards:  5.738457202911377
some episodes done, average rewards:  6.0188517570495605
some episodes done, average rewards:  5.908742427825928
some episodes done, average rewards:  5.789487361907959

Algo mappo Exp check updates 3375/6103 episodes, total num timesteps 55312384/100000000, FPS 7252.

some episodes done, average rewards:  5.811166286468506
some episodes done, average rewards:  5.998666763305664
some episodes done, average rewards:  6.018520355224609
some episodes done, average rewards:  5.8494038581848145
some episodes done, average rewards:  5.884078502655029
some episodes done, average rewards:  6.063075542449951
some episodes done, average rewards:  5.94251823425293
some episodes done, average rewards:  6.021017074584961
some episodes done, average rewards:  5.923909664154053
some episodes done, average rewards:  5.685500621795654
some episodes done, average rewards:  5.89387845993042
some episodes done, average rewards:  6.03423547744751
some episodes done, average rewards:  5.62270450592041
some episodes done, average rewards:  6.357595920562744
some episodes done, average rewards:  5.993631362915039
some episodes done, average rewards:  5.875972747802734
some episodes done, average rewards:  6.090057373046875
some episodes done, average rewards:  5.580660343170166
some episodes done, average rewards:  5.943567752838135
some episodes done, average rewards:  5.97894287109375
some episodes done, average rewards:  6.011594295501709
some episodes done, average rewards:  6.073577404022217
some episodes done, average rewards:  6.122246265411377
some episodes done, average rewards:  5.860988616943359
some episodes done, average rewards:  6.117733478546143

Algo mappo Exp check updates 3400/6103 episodes, total num timesteps 55721984/100000000, FPS 7253.

some episodes done, average rewards:  5.8304924964904785
some episodes done, average rewards:  5.94215202331543
some episodes done, average rewards:  6.152498722076416
some episodes done, average rewards:  5.83468770980835
some episodes done, average rewards:  5.782382011413574
some episodes done, average rewards:  5.757401943206787
some episodes done, average rewards:  6.03515100479126
some episodes done, average rewards:  5.819509983062744
some episodes done, average rewards:  5.726250648498535
some episodes done, average rewards:  5.5654802322387695
some episodes done, average rewards:  5.712482929229736
some episodes done, average rewards:  5.930857181549072
some episodes done, average rewards:  5.867684841156006
some episodes done, average rewards:  5.852893352508545
some episodes done, average rewards:  5.754985332489014
some episodes done, average rewards:  5.731451034545898
some episodes done, average rewards:  5.607828617095947
some episodes done, average rewards:  5.448562145233154
some episodes done, average rewards:  5.867206573486328
some episodes done, average rewards:  5.285712718963623
some episodes done, average rewards:  5.481090068817139
some episodes done, average rewards:  5.544270038604736
some episodes done, average rewards:  5.546575546264648
some episodes done, average rewards:  5.562171936035156
some episodes done, average rewards:  5.93345832824707

Algo mappo Exp check updates 3425/6103 episodes, total num timesteps 56131584/100000000, FPS 7254.

some episodes done, average rewards:  5.717040538787842
some episodes done, average rewards:  5.758654594421387
some episodes done, average rewards:  5.658452987670898
some episodes done, average rewards:  5.864818572998047
some episodes done, average rewards:  5.808223247528076
some episodes done, average rewards:  5.866811752319336
some episodes done, average rewards:  5.9388651847839355
some episodes done, average rewards:  5.750936985015869
some episodes done, average rewards:  5.673197269439697
some episodes done, average rewards:  5.802530765533447
some episodes done, average rewards:  5.6249799728393555
some episodes done, average rewards:  5.728868007659912
some episodes done, average rewards:  5.795979976654053
some episodes done, average rewards:  5.841670036315918
some episodes done, average rewards:  5.562530994415283
some episodes done, average rewards:  5.653759002685547
some episodes done, average rewards:  5.444248199462891
some episodes done, average rewards:  5.591292858123779
some episodes done, average rewards:  5.710259914398193
some episodes done, average rewards:  5.683444023132324
some episodes done, average rewards:  5.650703430175781
some episodes done, average rewards:  5.853865623474121
some episodes done, average rewards:  5.523410797119141
some episodes done, average rewards:  5.849245071411133
some episodes done, average rewards:  5.846502780914307

Algo mappo Exp check updates 3450/6103 episodes, total num timesteps 56541184/100000000, FPS 7255.

some episodes done, average rewards:  5.756802558898926
some episodes done, average rewards:  5.559403896331787
some episodes done, average rewards:  5.93194055557251
some episodes done, average rewards:  5.830385208129883
some episodes done, average rewards:  5.826664924621582
some episodes done, average rewards:  5.757948398590088
some episodes done, average rewards:  5.774300575256348
some episodes done, average rewards:  5.456412315368652
some episodes done, average rewards:  5.8608293533325195
some episodes done, average rewards:  5.538296222686768
some episodes done, average rewards:  5.855924606323242
some episodes done, average rewards:  5.765800952911377
some episodes done, average rewards:  6.005913257598877
some episodes done, average rewards:  5.666872024536133
some episodes done, average rewards:  5.92747688293457
some episodes done, average rewards:  5.721125602722168
some episodes done, average rewards:  5.655148029327393
some episodes done, average rewards:  5.895965576171875
some episodes done, average rewards:  5.842921257019043
some episodes done, average rewards:  5.458779335021973
some episodes done, average rewards:  5.660506248474121
some episodes done, average rewards:  5.571577072143555
some episodes done, average rewards:  5.486286163330078
some episodes done, average rewards:  5.568203926086426
some episodes done, average rewards:  5.7689971923828125

Algo mappo Exp check updates 3475/6103 episodes, total num timesteps 56950784/100000000, FPS 7256.

some episodes done, average rewards:  5.518958568572998
some episodes done, average rewards:  5.8149285316467285
some episodes done, average rewards:  5.60970401763916
some episodes done, average rewards:  5.496915817260742
some episodes done, average rewards:  5.666679859161377
some episodes done, average rewards:  5.246095180511475
some episodes done, average rewards:  5.4341864585876465
some episodes done, average rewards:  5.534079074859619
some episodes done, average rewards:  5.254068374633789
some episodes done, average rewards:  5.516294479370117
some episodes done, average rewards:  5.4931159019470215
some episodes done, average rewards:  5.62699556350708
some episodes done, average rewards:  5.5984320640563965
some episodes done, average rewards:  5.8941569328308105
some episodes done, average rewards:  5.797377109527588
some episodes done, average rewards:  5.911076545715332
some episodes done, average rewards:  5.680595397949219
some episodes done, average rewards:  5.5206298828125
some episodes done, average rewards:  5.628475666046143
some episodes done, average rewards:  5.830447196960449
some episodes done, average rewards:  5.707551002502441
some episodes done, average rewards:  5.589896202087402
some episodes done, average rewards:  5.51356315612793
some episodes done, average rewards:  5.662866592407227
some episodes done, average rewards:  5.907499313354492

Algo mappo Exp check updates 3500/6103 episodes, total num timesteps 57360384/100000000, FPS 7258.

some episodes done, average rewards:  5.4716315269470215
some episodes done, average rewards:  5.719991683959961
some episodes done, average rewards:  5.687876224517822
some episodes done, average rewards:  5.526755332946777
some episodes done, average rewards:  5.617874622344971
some episodes done, average rewards:  5.568850517272949
some episodes done, average rewards:  5.527467727661133
some episodes done, average rewards:  5.509450435638428
some episodes done, average rewards:  5.435098648071289
some episodes done, average rewards:  5.721528053283691
some episodes done, average rewards:  5.6409406661987305
some episodes done, average rewards:  5.801372051239014
some episodes done, average rewards:  5.533526420593262
some episodes done, average rewards:  5.553965091705322
some episodes done, average rewards:  5.588573455810547
some episodes done, average rewards:  5.775295734405518
some episodes done, average rewards:  5.83625602722168
some episodes done, average rewards:  5.957213401794434
some episodes done, average rewards:  5.934854030609131
some episodes done, average rewards:  6.047951698303223
some episodes done, average rewards:  5.741966247558594
some episodes done, average rewards:  5.937540531158447
some episodes done, average rewards:  5.629554748535156
some episodes done, average rewards:  5.784480094909668
some episodes done, average rewards:  6.209164142608643

Algo mappo Exp check updates 3525/6103 episodes, total num timesteps 57769984/100000000, FPS 7258.

some episodes done, average rewards:  5.676698207855225
some episodes done, average rewards:  5.861839294433594
some episodes done, average rewards:  6.2075581550598145
some episodes done, average rewards:  5.744777679443359
some episodes done, average rewards:  5.895819187164307
some episodes done, average rewards:  6.095580577850342
some episodes done, average rewards:  5.899052143096924
some episodes done, average rewards:  6.513575077056885
some episodes done, average rewards:  6.160407543182373
some episodes done, average rewards:  6.01843786239624
some episodes done, average rewards:  5.978121757507324
some episodes done, average rewards:  6.278539657592773
some episodes done, average rewards:  5.984617710113525
some episodes done, average rewards:  6.299177646636963
some episodes done, average rewards:  6.198305130004883
some episodes done, average rewards:  6.298810005187988
some episodes done, average rewards:  6.078450679779053
some episodes done, average rewards:  6.133070468902588
some episodes done, average rewards:  6.330085754394531
some episodes done, average rewards:  5.993667125701904
some episodes done, average rewards:  6.455801963806152
some episodes done, average rewards:  6.250828742980957
some episodes done, average rewards:  6.453791618347168
some episodes done, average rewards:  6.011210918426514
some episodes done, average rewards:  5.8422393798828125

Algo mappo Exp check updates 3550/6103 episodes, total num timesteps 58179584/100000000, FPS 7259.

some episodes done, average rewards:  6.0331621170043945
some episodes done, average rewards:  6.122483730316162
some episodes done, average rewards:  6.0077338218688965
some episodes done, average rewards:  5.988137245178223
some episodes done, average rewards:  6.174002647399902
some episodes done, average rewards:  6.040604591369629
some episodes done, average rewards:  5.801754474639893
some episodes done, average rewards:  6.064051628112793
some episodes done, average rewards:  5.970182418823242
some episodes done, average rewards:  5.965899467468262
some episodes done, average rewards:  5.99980354309082
some episodes done, average rewards:  5.800687313079834
some episodes done, average rewards:  6.008577823638916
some episodes done, average rewards:  5.76853084564209
some episodes done, average rewards:  5.820278167724609
some episodes done, average rewards:  6.072287559509277
some episodes done, average rewards:  5.682412147521973
some episodes done, average rewards:  5.7537841796875
some episodes done, average rewards:  5.750735282897949
some episodes done, average rewards:  5.911691188812256
some episodes done, average rewards:  5.632521152496338
some episodes done, average rewards:  5.352076530456543
some episodes done, average rewards:  5.7767534255981445
some episodes done, average rewards:  5.678114414215088
some episodes done, average rewards:  5.632033348083496

Algo mappo Exp check updates 3575/6103 episodes, total num timesteps 58589184/100000000, FPS 7259.

some episodes done, average rewards:  5.675110340118408
some episodes done, average rewards:  5.627614974975586
some episodes done, average rewards:  5.444438934326172
some episodes done, average rewards:  5.620288848876953
some episodes done, average rewards:  5.559847354888916
some episodes done, average rewards:  5.556797027587891
some episodes done, average rewards:  5.940985202789307
some episodes done, average rewards:  5.693717956542969
some episodes done, average rewards:  5.887747287750244
some episodes done, average rewards:  5.786008358001709
some episodes done, average rewards:  5.702854156494141
some episodes done, average rewards:  5.723313331604004
some episodes done, average rewards:  5.757718563079834
some episodes done, average rewards:  5.264893054962158
some episodes done, average rewards:  5.635648250579834
some episodes done, average rewards:  5.745750904083252
some episodes done, average rewards:  5.776637077331543
some episodes done, average rewards:  5.69207763671875
some episodes done, average rewards:  5.753598690032959
some episodes done, average rewards:  5.592613697052002
some episodes done, average rewards:  5.710236072540283
some episodes done, average rewards:  5.641174793243408
some episodes done, average rewards:  5.811723232269287
some episodes done, average rewards:  5.551379203796387
some episodes done, average rewards:  5.550703048706055

Algo mappo Exp check updates 3600/6103 episodes, total num timesteps 58998784/100000000, FPS 7261.

some episodes done, average rewards:  5.607166290283203
some episodes done, average rewards:  5.559739589691162
some episodes done, average rewards:  5.5542168617248535
some episodes done, average rewards:  5.553699493408203
some episodes done, average rewards:  5.706418037414551
some episodes done, average rewards:  5.425848484039307
some episodes done, average rewards:  5.312195777893066
some episodes done, average rewards:  5.433703899383545
some episodes done, average rewards:  5.429783821105957
some episodes done, average rewards:  5.279511451721191
some episodes done, average rewards:  5.382373332977295
some episodes done, average rewards:  5.497755527496338
some episodes done, average rewards:  5.448466777801514
some episodes done, average rewards:  5.637141704559326
some episodes done, average rewards:  5.486238956451416
some episodes done, average rewards:  5.419846534729004
some episodes done, average rewards:  5.504121780395508
some episodes done, average rewards:  5.545078277587891
some episodes done, average rewards:  5.4676079750061035
some episodes done, average rewards:  5.495361804962158
some episodes done, average rewards:  5.561635971069336
some episodes done, average rewards:  5.396456718444824
some episodes done, average rewards:  5.5926032066345215
some episodes done, average rewards:  5.503631591796875
some episodes done, average rewards:  5.767660140991211

Algo mappo Exp check updates 3625/6103 episodes, total num timesteps 59408384/100000000, FPS 7261.

some episodes done, average rewards:  5.697605609893799
some episodes done, average rewards:  5.669186115264893
some episodes done, average rewards:  5.576792240142822
some episodes done, average rewards:  5.239713191986084
some episodes done, average rewards:  5.7528486251831055
some episodes done, average rewards:  5.775082588195801
some episodes done, average rewards:  5.826205730438232
some episodes done, average rewards:  5.62337064743042
some episodes done, average rewards:  5.632691383361816
some episodes done, average rewards:  5.750882625579834
some episodes done, average rewards:  6.077998161315918
some episodes done, average rewards:  5.837177276611328
some episodes done, average rewards:  5.715036869049072
some episodes done, average rewards:  5.713639736175537
some episodes done, average rewards:  5.578038215637207
some episodes done, average rewards:  5.61379861831665
some episodes done, average rewards:  5.803183078765869
some episodes done, average rewards:  6.072518825531006
some episodes done, average rewards:  5.791917324066162
some episodes done, average rewards:  5.851629734039307
some episodes done, average rewards:  5.807133674621582
some episodes done, average rewards:  5.935256481170654
some episodes done, average rewards:  5.860015869140625
some episodes done, average rewards:  5.910130977630615
some episodes done, average rewards:  6.208321571350098

Algo mappo Exp check updates 3650/6103 episodes, total num timesteps 59817984/100000000, FPS 7261.

some episodes done, average rewards:  5.901764869689941
some episodes done, average rewards:  5.966681003570557
some episodes done, average rewards:  6.078948020935059
some episodes done, average rewards:  5.7761616706848145
some episodes done, average rewards:  5.722827434539795
some episodes done, average rewards:  6.1199469566345215
some episodes done, average rewards:  6.366676330566406
some episodes done, average rewards:  6.187534332275391
some episodes done, average rewards:  6.103615760803223
some episodes done, average rewards:  5.989006042480469
some episodes done, average rewards:  6.420977592468262
some episodes done, average rewards:  6.076418876647949
some episodes done, average rewards:  6.137455463409424
some episodes done, average rewards:  6.067138195037842
some episodes done, average rewards:  5.9777398109436035
some episodes done, average rewards:  5.957085132598877
some episodes done, average rewards:  6.306248664855957
some episodes done, average rewards:  6.131511211395264
some episodes done, average rewards:  6.215098857879639
some episodes done, average rewards:  6.1506266593933105
some episodes done, average rewards:  6.200305461883545
some episodes done, average rewards:  6.313241481781006
some episodes done, average rewards:  5.949740409851074
some episodes done, average rewards:  6.240848064422607
some episodes done, average rewards:  6.07753849029541

Algo mappo Exp check updates 3675/6103 episodes, total num timesteps 60227584/100000000, FPS 7261.

some episodes done, average rewards:  6.378697872161865
some episodes done, average rewards:  6.216299533843994
some episodes done, average rewards:  6.094814300537109
some episodes done, average rewards:  6.120640277862549
some episodes done, average rewards:  6.085285663604736
some episodes done, average rewards:  6.422291278839111
some episodes done, average rewards:  6.064776420593262
some episodes done, average rewards:  6.18475866317749
some episodes done, average rewards:  6.503139972686768
some episodes done, average rewards:  6.057016372680664
some episodes done, average rewards:  6.192683219909668
some episodes done, average rewards:  6.18702507019043
some episodes done, average rewards:  6.124982833862305
some episodes done, average rewards:  6.046690464019775
some episodes done, average rewards:  6.332000732421875
some episodes done, average rewards:  6.311307907104492
some episodes done, average rewards:  6.231616497039795
some episodes done, average rewards:  6.192256927490234
some episodes done, average rewards:  6.196773529052734
some episodes done, average rewards:  6.337554454803467
some episodes done, average rewards:  6.3539719581604
some episodes done, average rewards:  6.400444984436035
some episodes done, average rewards:  6.223114490509033
some episodes done, average rewards:  6.35768985748291
some episodes done, average rewards:  6.209244251251221

Algo mappo Exp check updates 3700/6103 episodes, total num timesteps 60637184/100000000, FPS 7260.

some episodes done, average rewards:  6.0460052490234375
some episodes done, average rewards:  6.000410079956055
some episodes done, average rewards:  6.144014358520508
some episodes done, average rewards:  5.611680030822754
some episodes done, average rewards:  5.9901442527771
some episodes done, average rewards:  5.856003761291504
some episodes done, average rewards:  5.712057113647461
some episodes done, average rewards:  5.715343475341797
some episodes done, average rewards:  5.791508674621582
some episodes done, average rewards:  5.469627857208252
some episodes done, average rewards:  5.921538829803467
some episodes done, average rewards:  5.6309404373168945
some episodes done, average rewards:  5.688144683837891
some episodes done, average rewards:  5.604313373565674
some episodes done, average rewards:  5.516415596008301
some episodes done, average rewards:  5.633232116699219
some episodes done, average rewards:  5.540894508361816
some episodes done, average rewards:  5.298628330230713
some episodes done, average rewards:  5.25695276260376
some episodes done, average rewards:  5.066648960113525
some episodes done, average rewards:  5.606082916259766
some episodes done, average rewards:  5.554186820983887
some episodes done, average rewards:  5.585084915161133
some episodes done, average rewards:  5.38601016998291
some episodes done, average rewards:  5.440840244293213

Algo mappo Exp check updates 3725/6103 episodes, total num timesteps 61046784/100000000, FPS 7260.

some episodes done, average rewards:  5.590250492095947
some episodes done, average rewards:  5.367286682128906
some episodes done, average rewards:  5.306962490081787
some episodes done, average rewards:  5.59716272354126
some episodes done, average rewards:  5.676940441131592
some episodes done, average rewards:  5.561656475067139
some episodes done, average rewards:  5.7734270095825195
some episodes done, average rewards:  5.487098217010498
some episodes done, average rewards:  5.695094108581543
some episodes done, average rewards:  5.668575763702393
some episodes done, average rewards:  5.641531944274902
some episodes done, average rewards:  5.609251499176025
some episodes done, average rewards:  5.549090385437012
some episodes done, average rewards:  5.44287109375
some episodes done, average rewards:  5.7671027183532715
some episodes done, average rewards:  5.586684703826904
some episodes done, average rewards:  5.908573627471924
some episodes done, average rewards:  6.124685287475586
some episodes done, average rewards:  5.9797282218933105
some episodes done, average rewards:  6.034341335296631
some episodes done, average rewards:  5.801471710205078
some episodes done, average rewards:  5.9141106605529785
some episodes done, average rewards:  5.9458537101745605
some episodes done, average rewards:  6.218163967132568
some episodes done, average rewards:  6.121412754058838

Algo mappo Exp check updates 3750/6103 episodes, total num timesteps 61456384/100000000, FPS 7261.

some episodes done, average rewards:  5.978769779205322
some episodes done, average rewards:  6.269168376922607
some episodes done, average rewards:  6.241979122161865
some episodes done, average rewards:  6.154492378234863
some episodes done, average rewards:  6.002354145050049
some episodes done, average rewards:  6.1329779624938965
some episodes done, average rewards:  6.0334978103637695
some episodes done, average rewards:  6.211696624755859
some episodes done, average rewards:  6.320170879364014
some episodes done, average rewards:  6.2544708251953125
some episodes done, average rewards:  6.338461399078369
some episodes done, average rewards:  6.286252498626709
some episodes done, average rewards:  6.46453857421875
some episodes done, average rewards:  6.056687355041504
some episodes done, average rewards:  6.017341613769531
some episodes done, average rewards:  6.128300666809082
some episodes done, average rewards:  6.355740070343018
some episodes done, average rewards:  6.07963752746582
some episodes done, average rewards:  5.857388496398926
some episodes done, average rewards:  6.030094623565674
some episodes done, average rewards:  6.041782379150391
some episodes done, average rewards:  6.424515724182129
some episodes done, average rewards:  6.2385759353637695
some episodes done, average rewards:  6.094237804412842
some episodes done, average rewards:  6.224189281463623

Algo mappo Exp check updates 3775/6103 episodes, total num timesteps 61865984/100000000, FPS 7262.

some episodes done, average rewards:  5.98537015914917
some episodes done, average rewards:  6.168099880218506
some episodes done, average rewards:  6.177204132080078
some episodes done, average rewards:  6.103379726409912
some episodes done, average rewards:  6.054841041564941
some episodes done, average rewards:  6.015898704528809
some episodes done, average rewards:  5.888574123382568
some episodes done, average rewards:  6.141160488128662
some episodes done, average rewards:  6.158300399780273
some episodes done, average rewards:  6.1029953956604
some episodes done, average rewards:  5.995795249938965
some episodes done, average rewards:  6.191903114318848
some episodes done, average rewards:  5.8636579513549805
some episodes done, average rewards:  6.076130390167236
some episodes done, average rewards:  6.155773162841797
some episodes done, average rewards:  6.025163173675537
some episodes done, average rewards:  5.920077323913574
some episodes done, average rewards:  5.979529857635498
some episodes done, average rewards:  5.977661609649658
some episodes done, average rewards:  6.001369953155518
some episodes done, average rewards:  5.878896236419678
some episodes done, average rewards:  5.894656181335449
some episodes done, average rewards:  6.3468828201293945
some episodes done, average rewards:  6.347544193267822
some episodes done, average rewards:  6.2878947257995605

Algo mappo Exp check updates 3800/6103 episodes, total num timesteps 62275584/100000000, FPS 7263.

some episodes done, average rewards:  6.633903503417969
some episodes done, average rewards:  6.642792701721191
some episodes done, average rewards:  6.228397846221924
some episodes done, average rewards:  6.049592971801758
some episodes done, average rewards:  6.360009670257568
some episodes done, average rewards:  6.1787919998168945
some episodes done, average rewards:  6.072948932647705
some episodes done, average rewards:  6.2930073738098145
some episodes done, average rewards:  6.109432220458984
some episodes done, average rewards:  5.978880882263184
some episodes done, average rewards:  6.0989837646484375
some episodes done, average rewards:  6.128578186035156
some episodes done, average rewards:  6.0583176612854
some episodes done, average rewards:  6.3464202880859375
some episodes done, average rewards:  5.735876083374023
some episodes done, average rewards:  6.018455982208252
some episodes done, average rewards:  6.165848255157471
some episodes done, average rewards:  6.1816935539245605
some episodes done, average rewards:  6.185207366943359
some episodes done, average rewards:  6.282695293426514
some episodes done, average rewards:  6.275437831878662
some episodes done, average rewards:  5.86598014831543
some episodes done, average rewards:  6.3268609046936035
some episodes done, average rewards:  5.663794994354248
some episodes done, average rewards:  6.057652473449707

Algo mappo Exp check updates 3825/6103 episodes, total num timesteps 62685184/100000000, FPS 7264.

some episodes done, average rewards:  6.206395626068115
some episodes done, average rewards:  6.12729549407959
some episodes done, average rewards:  5.910755157470703
some episodes done, average rewards:  5.7719950675964355
some episodes done, average rewards:  5.885232448577881
some episodes done, average rewards:  6.124094486236572
some episodes done, average rewards:  6.066829681396484
some episodes done, average rewards:  5.893707752227783
some episodes done, average rewards:  6.063093662261963
some episodes done, average rewards:  5.952538013458252
some episodes done, average rewards:  6.158941745758057
some episodes done, average rewards:  5.776981353759766
some episodes done, average rewards:  6.3239336013793945
some episodes done, average rewards:  6.105926990509033
some episodes done, average rewards:  5.944370269775391
some episodes done, average rewards:  6.001644134521484
some episodes done, average rewards:  6.161692142486572
some episodes done, average rewards:  6.1908111572265625
some episodes done, average rewards:  5.915639400482178
some episodes done, average rewards:  6.213899612426758
some episodes done, average rewards:  5.969384670257568
some episodes done, average rewards:  6.017512321472168
some episodes done, average rewards:  6.029387950897217
some episodes done, average rewards:  6.320079326629639
some episodes done, average rewards:  6.184086322784424

Algo mappo Exp check updates 3850/6103 episodes, total num timesteps 63094784/100000000, FPS 7263.

some episodes done, average rewards:  6.217018127441406
some episodes done, average rewards:  6.490658760070801
some episodes done, average rewards:  6.284119606018066
some episodes done, average rewards:  6.245716571807861
some episodes done, average rewards:  6.399073123931885
some episodes done, average rewards:  6.379122734069824
some episodes done, average rewards:  6.438222408294678
some episodes done, average rewards:  6.468430042266846
some episodes done, average rewards:  6.23105525970459
some episodes done, average rewards:  6.356831073760986
some episodes done, average rewards:  6.483273029327393
some episodes done, average rewards:  6.519417762756348
some episodes done, average rewards:  6.330718040466309
some episodes done, average rewards:  6.34123420715332
some episodes done, average rewards:  6.180336952209473
some episodes done, average rewards:  6.423175811767578
some episodes done, average rewards:  6.252749443054199
some episodes done, average rewards:  6.241333484649658
some episodes done, average rewards:  6.494697093963623
some episodes done, average rewards:  6.3271284103393555
some episodes done, average rewards:  6.287264823913574
some episodes done, average rewards:  6.508982181549072
some episodes done, average rewards:  6.387608051300049
some episodes done, average rewards:  6.314187049865723
some episodes done, average rewards:  6.397217273712158

Algo mappo Exp check updates 3875/6103 episodes, total num timesteps 63504384/100000000, FPS 7263.

some episodes done, average rewards:  6.172844409942627
some episodes done, average rewards:  6.353000164031982
some episodes done, average rewards:  6.248471736907959
some episodes done, average rewards:  6.114767551422119
some episodes done, average rewards:  6.1064066886901855
some episodes done, average rewards:  6.409797191619873
some episodes done, average rewards:  6.474860191345215
some episodes done, average rewards:  6.247891902923584
some episodes done, average rewards:  6.134711742401123
some episodes done, average rewards:  6.466399669647217
some episodes done, average rewards:  6.27553129196167
some episodes done, average rewards:  6.316539287567139
some episodes done, average rewards:  6.596643447875977
some episodes done, average rewards:  6.195943832397461
some episodes done, average rewards:  6.536327838897705
some episodes done, average rewards:  6.047150611877441
some episodes done, average rewards:  6.3765645027160645
some episodes done, average rewards:  6.487517356872559
some episodes done, average rewards:  6.485777854919434
some episodes done, average rewards:  6.074970722198486
some episodes done, average rewards:  6.237472057342529
some episodes done, average rewards:  6.234473705291748
some episodes done, average rewards:  6.373409748077393
some episodes done, average rewards:  6.1294474601745605
some episodes done, average rewards:  6.346826553344727

Algo mappo Exp check updates 3900/6103 episodes, total num timesteps 63913984/100000000, FPS 7262.

some episodes done, average rewards:  6.535664081573486
some episodes done, average rewards:  6.144979476928711
some episodes done, average rewards:  6.457435607910156
some episodes done, average rewards:  6.676597595214844
some episodes done, average rewards:  6.400766849517822
some episodes done, average rewards:  6.049709320068359
some episodes done, average rewards:  6.44136381149292
some episodes done, average rewards:  6.39966344833374
some episodes done, average rewards:  6.244285583496094
some episodes done, average rewards:  6.435830593109131
some episodes done, average rewards:  6.602255344390869
some episodes done, average rewards:  6.395226001739502
some episodes done, average rewards:  6.531149864196777
some episodes done, average rewards:  6.067723274230957
some episodes done, average rewards:  6.399447917938232
some episodes done, average rewards:  6.135700702667236
some episodes done, average rewards:  6.469237327575684
some episodes done, average rewards:  6.300598621368408
some episodes done, average rewards:  6.515196800231934
some episodes done, average rewards:  6.161626815795898
some episodes done, average rewards:  6.285393714904785
some episodes done, average rewards:  6.505401611328125
some episodes done, average rewards:  6.365609645843506
some episodes done, average rewards:  6.217236518859863
some episodes done, average rewards:  6.213075160980225

Algo mappo Exp check updates 3925/6103 episodes, total num timesteps 64323584/100000000, FPS 7262.

some episodes done, average rewards:  6.300403118133545
some episodes done, average rewards:  6.3527631759643555
some episodes done, average rewards:  6.434830188751221
some episodes done, average rewards:  6.450713157653809
some episodes done, average rewards:  6.240479469299316
some episodes done, average rewards:  6.263685703277588
some episodes done, average rewards:  6.278515815734863
some episodes done, average rewards:  6.074742794036865
some episodes done, average rewards:  6.5836687088012695
some episodes done, average rewards:  5.990500450134277
some episodes done, average rewards:  6.235616207122803
some episodes done, average rewards:  6.159639835357666
some episodes done, average rewards:  6.118738651275635
some episodes done, average rewards:  6.038336753845215
some episodes done, average rewards:  6.110241889953613
some episodes done, average rewards:  6.28347110748291
some episodes done, average rewards:  5.892350196838379
some episodes done, average rewards:  6.0657267570495605
some episodes done, average rewards:  6.259082317352295
some episodes done, average rewards:  6.160736560821533
some episodes done, average rewards:  5.939701080322266
some episodes done, average rewards:  5.929413318634033
some episodes done, average rewards:  5.834053993225098
some episodes done, average rewards:  5.8525800704956055
some episodes done, average rewards:  6.16243839263916

Algo mappo Exp check updates 3950/6103 episodes, total num timesteps 64733184/100000000, FPS 7261.

some episodes done, average rewards:  5.891038417816162
some episodes done, average rewards:  5.777083396911621
some episodes done, average rewards:  5.9148664474487305
some episodes done, average rewards:  5.8581719398498535
some episodes done, average rewards:  6.132987022399902
some episodes done, average rewards:  6.026641845703125
some episodes done, average rewards:  6.029153823852539
some episodes done, average rewards:  6.120825290679932
some episodes done, average rewards:  6.316725730895996
some episodes done, average rewards:  5.932087421417236
some episodes done, average rewards:  6.067200183868408
some episodes done, average rewards:  6.227690696716309
some episodes done, average rewards:  6.164830207824707
some episodes done, average rewards:  6.085793972015381
some episodes done, average rewards:  6.412134647369385
some episodes done, average rewards:  6.0943989753723145
some episodes done, average rewards:  6.221004009246826
some episodes done, average rewards:  6.183683395385742
some episodes done, average rewards:  6.309540748596191
some episodes done, average rewards:  5.888171195983887
some episodes done, average rewards:  6.0834879875183105
some episodes done, average rewards:  6.249728202819824
some episodes done, average rewards:  6.117648601531982
some episodes done, average rewards:  6.003456115722656
some episodes done, average rewards:  6.124206066131592

Algo mappo Exp check updates 3975/6103 episodes, total num timesteps 65142784/100000000, FPS 7261.

some episodes done, average rewards:  5.826357364654541
some episodes done, average rewards:  6.020337104797363
some episodes done, average rewards:  5.820374011993408
some episodes done, average rewards:  6.008581161499023
some episodes done, average rewards:  6.019171714782715
some episodes done, average rewards:  6.108503341674805
some episodes done, average rewards:  6.059028625488281
some episodes done, average rewards:  5.835109710693359
some episodes done, average rewards:  5.936108112335205
some episodes done, average rewards:  5.807347774505615
some episodes done, average rewards:  5.979614734649658
some episodes done, average rewards:  5.723661422729492
some episodes done, average rewards:  5.824406623840332
some episodes done, average rewards:  5.8328351974487305
some episodes done, average rewards:  5.6202216148376465
some episodes done, average rewards:  5.8672285079956055
some episodes done, average rewards:  5.858076095581055
some episodes done, average rewards:  5.899308681488037
some episodes done, average rewards:  5.870769023895264
some episodes done, average rewards:  6.0467047691345215
some episodes done, average rewards:  5.686692714691162
some episodes done, average rewards:  5.826681613922119
some episodes done, average rewards:  5.89848518371582
some episodes done, average rewards:  6.1027045249938965
some episodes done, average rewards:  6.119509696960449

Algo mappo Exp check updates 4000/6103 episodes, total num timesteps 65552384/100000000, FPS 7261.

some episodes done, average rewards:  5.9986371994018555
some episodes done, average rewards:  6.003627300262451
some episodes done, average rewards:  5.776313304901123
some episodes done, average rewards:  5.984771728515625
some episodes done, average rewards:  5.682063579559326
some episodes done, average rewards:  5.870733261108398
some episodes done, average rewards:  6.053796291351318
some episodes done, average rewards:  6.104825973510742
some episodes done, average rewards:  6.00387716293335
some episodes done, average rewards:  6.150056838989258
some episodes done, average rewards:  5.859995365142822
some episodes done, average rewards:  6.287265300750732
some episodes done, average rewards:  6.0956525802612305
some episodes done, average rewards:  6.223708152770996
some episodes done, average rewards:  6.077407360076904
some episodes done, average rewards:  6.053691387176514
some episodes done, average rewards:  5.8102874755859375
some episodes done, average rewards:  5.9569783210754395
some episodes done, average rewards:  5.752264976501465
some episodes done, average rewards:  5.746733665466309
some episodes done, average rewards:  5.942614555358887
some episodes done, average rewards:  5.672414302825928
some episodes done, average rewards:  5.768647193908691
some episodes done, average rewards:  5.8832831382751465
some episodes done, average rewards:  6.0907769203186035

Algo mappo Exp check updates 4025/6103 episodes, total num timesteps 65961984/100000000, FPS 7260.

some episodes done, average rewards:  5.713329315185547
some episodes done, average rewards:  5.898128986358643
some episodes done, average rewards:  6.083926677703857
some episodes done, average rewards:  5.949477195739746
some episodes done, average rewards:  6.020647048950195
some episodes done, average rewards:  5.804312229156494
some episodes done, average rewards:  5.5283403396606445
some episodes done, average rewards:  5.90536642074585
some episodes done, average rewards:  5.818600177764893
some episodes done, average rewards:  6.126928329467773
some episodes done, average rewards:  5.912664413452148
some episodes done, average rewards:  5.916531562805176
some episodes done, average rewards:  6.2417216300964355
some episodes done, average rewards:  5.976459980010986
some episodes done, average rewards:  5.796994686126709
some episodes done, average rewards:  5.865786552429199
some episodes done, average rewards:  5.71552848815918
some episodes done, average rewards:  5.982478618621826
some episodes done, average rewards:  5.55648136138916
some episodes done, average rewards:  5.964163303375244
some episodes done, average rewards:  5.8533430099487305
some episodes done, average rewards:  5.696189880371094
some episodes done, average rewards:  5.910036563873291
some episodes done, average rewards:  6.020214080810547
some episodes done, average rewards:  6.045366287231445

Algo mappo Exp check updates 4050/6103 episodes, total num timesteps 66371584/100000000, FPS 7260.

some episodes done, average rewards:  5.822936058044434
some episodes done, average rewards:  5.758781433105469
some episodes done, average rewards:  5.897115707397461
some episodes done, average rewards:  6.028929233551025
some episodes done, average rewards:  6.033998012542725
some episodes done, average rewards:  5.982834815979004
some episodes done, average rewards:  5.985090732574463
some episodes done, average rewards:  6.220259666442871
some episodes done, average rewards:  6.08176326751709
some episodes done, average rewards:  6.3159589767456055
some episodes done, average rewards:  6.203254222869873
some episodes done, average rewards:  6.03875207901001
some episodes done, average rewards:  5.865478515625
some episodes done, average rewards:  6.143799304962158
some episodes done, average rewards:  6.182423114776611
some episodes done, average rewards:  5.956149101257324
some episodes done, average rewards:  5.940088272094727
some episodes done, average rewards:  6.176762580871582
some episodes done, average rewards:  6.028791427612305
some episodes done, average rewards:  5.90504789352417
some episodes done, average rewards:  6.01966667175293
some episodes done, average rewards:  5.945541858673096
some episodes done, average rewards:  5.822660446166992
some episodes done, average rewards:  5.945964336395264
some episodes done, average rewards:  6.108292579650879

Algo mappo Exp check updates 4075/6103 episodes, total num timesteps 66781184/100000000, FPS 7260.

some episodes done, average rewards:  6.033336162567139
some episodes done, average rewards:  6.233247756958008
some episodes done, average rewards:  5.710395336151123
some episodes done, average rewards:  5.993143081665039
some episodes done, average rewards:  6.044577598571777
some episodes done, average rewards:  6.2029523849487305
some episodes done, average rewards:  6.091844081878662
some episodes done, average rewards:  5.956778049468994
some episodes done, average rewards:  6.06580114364624
some episodes done, average rewards:  6.06964635848999
some episodes done, average rewards:  6.126661777496338
some episodes done, average rewards:  5.833251953125
some episodes done, average rewards:  5.990708351135254
some episodes done, average rewards:  5.838667869567871
some episodes done, average rewards:  6.058714866638184
some episodes done, average rewards:  6.137852668762207
some episodes done, average rewards:  6.08763313293457
some episodes done, average rewards:  6.169461727142334
some episodes done, average rewards:  6.369279861450195
some episodes done, average rewards:  6.129725933074951
some episodes done, average rewards:  6.273074150085449
some episodes done, average rewards:  6.205722808837891
some episodes done, average rewards:  6.371753692626953
some episodes done, average rewards:  6.2041239738464355
some episodes done, average rewards:  6.365956783294678

Algo mappo Exp check updates 4100/6103 episodes, total num timesteps 67190784/100000000, FPS 7260.

some episodes done, average rewards:  6.173704147338867
some episodes done, average rewards:  6.285312175750732
some episodes done, average rewards:  6.388120651245117
some episodes done, average rewards:  6.329998970031738
some episodes done, average rewards:  6.140423774719238
some episodes done, average rewards:  6.190118312835693
some episodes done, average rewards:  6.338281154632568
some episodes done, average rewards:  6.47131872177124
some episodes done, average rewards:  6.405349254608154
some episodes done, average rewards:  6.234363079071045
some episodes done, average rewards:  6.1089067459106445
some episodes done, average rewards:  6.418000221252441
some episodes done, average rewards:  6.215380668640137
some episodes done, average rewards:  6.213217258453369
some episodes done, average rewards:  6.159428596496582
some episodes done, average rewards:  6.252710819244385
some episodes done, average rewards:  5.954440593719482
some episodes done, average rewards:  6.259623050689697
some episodes done, average rewards:  5.995173454284668
some episodes done, average rewards:  5.982541084289551
some episodes done, average rewards:  5.894218921661377
some episodes done, average rewards:  6.262448310852051
some episodes done, average rewards:  6.186242580413818
some episodes done, average rewards:  6.462885856628418
some episodes done, average rewards:  6.256991863250732

Algo mappo Exp check updates 4125/6103 episodes, total num timesteps 67600384/100000000, FPS 7260.

some episodes done, average rewards:  6.07504415512085
some episodes done, average rewards:  6.120946884155273
some episodes done, average rewards:  5.928272724151611
some episodes done, average rewards:  6.064555644989014
some episodes done, average rewards:  6.3798089027404785
some episodes done, average rewards:  6.282891273498535
some episodes done, average rewards:  6.063058376312256
some episodes done, average rewards:  6.388344764709473
some episodes done, average rewards:  6.182676792144775
some episodes done, average rewards:  6.240653038024902
some episodes done, average rewards:  6.125349521636963
some episodes done, average rewards:  6.289993762969971
some episodes done, average rewards:  6.241661548614502
some episodes done, average rewards:  5.922396183013916
some episodes done, average rewards:  6.011663913726807
some episodes done, average rewards:  6.109225749969482
some episodes done, average rewards:  6.210236072540283
some episodes done, average rewards:  6.063094139099121
some episodes done, average rewards:  6.208348274230957
some episodes done, average rewards:  6.054790496826172
some episodes done, average rewards:  6.193916320800781
some episodes done, average rewards:  5.829442501068115
some episodes done, average rewards:  5.974254608154297
some episodes done, average rewards:  6.2632598876953125
some episodes done, average rewards:  6.173639297485352

Algo mappo Exp check updates 4150/6103 episodes, total num timesteps 68009984/100000000, FPS 7260.

some episodes done, average rewards:  6.259808540344238
some episodes done, average rewards:  6.318415641784668
some episodes done, average rewards:  6.170050144195557
some episodes done, average rewards:  5.998948097229004
some episodes done, average rewards:  5.756378650665283
some episodes done, average rewards:  6.199686050415039
some episodes done, average rewards:  6.053081512451172
some episodes done, average rewards:  6.0477681159973145
some episodes done, average rewards:  6.184380531311035
some episodes done, average rewards:  6.085562705993652
some episodes done, average rewards:  5.919665336608887
some episodes done, average rewards:  6.094459533691406
some episodes done, average rewards:  6.016762733459473
some episodes done, average rewards:  6.354601860046387
some episodes done, average rewards:  6.330664157867432
some episodes done, average rewards:  6.229623317718506
some episodes done, average rewards:  6.225162029266357
some episodes done, average rewards:  5.950813293457031
some episodes done, average rewards:  6.05090856552124
some episodes done, average rewards:  6.0514326095581055
some episodes done, average rewards:  6.020292282104492
some episodes done, average rewards:  5.881072521209717
some episodes done, average rewards:  5.9927544593811035
some episodes done, average rewards:  6.202397346496582
some episodes done, average rewards:  5.929737567901611

Algo mappo Exp check updates 4175/6103 episodes, total num timesteps 68419584/100000000, FPS 7260.

some episodes done, average rewards:  5.963104724884033
some episodes done, average rewards:  6.26191520690918
some episodes done, average rewards:  6.3351545333862305
some episodes done, average rewards:  6.300730228424072
some episodes done, average rewards:  6.145235538482666
some episodes done, average rewards:  6.088249206542969
some episodes done, average rewards:  6.1024651527404785
some episodes done, average rewards:  6.151688575744629
some episodes done, average rewards:  6.064701080322266
some episodes done, average rewards:  6.318549156188965
some episodes done, average rewards:  6.377383232116699
some episodes done, average rewards:  6.251541614532471
some episodes done, average rewards:  6.131330966949463
some episodes done, average rewards:  6.385046482086182
some episodes done, average rewards:  6.073237895965576
some episodes done, average rewards:  6.144040584564209
some episodes done, average rewards:  6.2350616455078125
some episodes done, average rewards:  6.126039505004883
some episodes done, average rewards:  6.222945690155029
some episodes done, average rewards:  6.1265668869018555
some episodes done, average rewards:  6.19169282913208
some episodes done, average rewards:  5.9580159187316895
some episodes done, average rewards:  6.077970027923584
some episodes done, average rewards:  6.078649520874023
some episodes done, average rewards:  6.337828636169434

Algo mappo Exp check updates 4200/6103 episodes, total num timesteps 68829184/100000000, FPS 7260.

some episodes done, average rewards:  6.303426742553711
some episodes done, average rewards:  5.9264092445373535
some episodes done, average rewards:  6.363559246063232
some episodes done, average rewards:  6.0183258056640625
some episodes done, average rewards:  6.150132179260254
some episodes done, average rewards:  5.999887466430664
some episodes done, average rewards:  6.2321696281433105
some episodes done, average rewards:  6.245666980743408
some episodes done, average rewards:  6.412904262542725
some episodes done, average rewards:  6.346739768981934
some episodes done, average rewards:  6.204606533050537
some episodes done, average rewards:  6.236947059631348
some episodes done, average rewards:  6.201888084411621
some episodes done, average rewards:  6.208310604095459
some episodes done, average rewards:  6.363363742828369
some episodes done, average rewards:  6.371621608734131
some episodes done, average rewards:  6.198954105377197
some episodes done, average rewards:  6.248364448547363
some episodes done, average rewards:  6.355574131011963
some episodes done, average rewards:  6.379227161407471
some episodes done, average rewards:  6.238896369934082
some episodes done, average rewards:  6.489200115203857
some episodes done, average rewards:  6.324003219604492
some episodes done, average rewards:  6.109832763671875
some episodes done, average rewards:  6.19146728515625

Algo mappo Exp check updates 4225/6103 episodes, total num timesteps 69238784/100000000, FPS 7261.

some episodes done, average rewards:  6.4069132804870605
some episodes done, average rewards:  6.235569477081299
some episodes done, average rewards:  6.006711006164551
some episodes done, average rewards:  6.288856029510498
some episodes done, average rewards:  6.404998302459717
some episodes done, average rewards:  6.084211349487305
some episodes done, average rewards:  6.101397514343262
some episodes done, average rewards:  6.289531230926514
some episodes done, average rewards:  6.219151973724365
some episodes done, average rewards:  6.3544206619262695
some episodes done, average rewards:  6.318350791931152
some episodes done, average rewards:  6.385443210601807
some episodes done, average rewards:  6.061568737030029
some episodes done, average rewards:  6.071345329284668
some episodes done, average rewards:  6.08091926574707
some episodes done, average rewards:  6.153763771057129
some episodes done, average rewards:  5.967737674713135
some episodes done, average rewards:  5.946877956390381
some episodes done, average rewards:  5.957183361053467
some episodes done, average rewards:  6.011184215545654
some episodes done, average rewards:  6.057432651519775
some episodes done, average rewards:  6.01179313659668
some episodes done, average rewards:  6.207983493804932
some episodes done, average rewards:  5.969398021697998
some episodes done, average rewards:  5.90571403503418

Algo mappo Exp check updates 4250/6103 episodes, total num timesteps 69648384/100000000, FPS 7261.

some episodes done, average rewards:  6.1452484130859375
some episodes done, average rewards:  6.181789398193359
some episodes done, average rewards:  6.100434303283691
some episodes done, average rewards:  6.129983425140381
some episodes done, average rewards:  6.223527908325195
some episodes done, average rewards:  6.2030134201049805
some episodes done, average rewards:  6.177435874938965
some episodes done, average rewards:  6.16640043258667
some episodes done, average rewards:  6.231868743896484
some episodes done, average rewards:  6.503162860870361
some episodes done, average rewards:  6.192383766174316
some episodes done, average rewards:  6.166930675506592
some episodes done, average rewards:  6.256826400756836
some episodes done, average rewards:  6.023745536804199
some episodes done, average rewards:  6.065787315368652
some episodes done, average rewards:  6.449239730834961
some episodes done, average rewards:  6.211205959320068
some episodes done, average rewards:  6.027010440826416
some episodes done, average rewards:  6.084179401397705
some episodes done, average rewards:  6.251112937927246
some episodes done, average rewards:  6.088956356048584
some episodes done, average rewards:  6.274473190307617
some episodes done, average rewards:  6.315556526184082
some episodes done, average rewards:  6.216723918914795
some episodes done, average rewards:  6.159578800201416

Algo mappo Exp check updates 4275/6103 episodes, total num timesteps 70057984/100000000, FPS 7262.

some episodes done, average rewards:  6.045665264129639
some episodes done, average rewards:  6.1667070388793945
some episodes done, average rewards:  6.436063766479492
some episodes done, average rewards:  5.979095935821533
some episodes done, average rewards:  6.202650547027588
some episodes done, average rewards:  6.1793365478515625
some episodes done, average rewards:  6.0442728996276855
some episodes done, average rewards:  6.188333988189697
some episodes done, average rewards:  6.399173736572266
some episodes done, average rewards:  6.157576084136963
some episodes done, average rewards:  6.156342029571533
some episodes done, average rewards:  6.343148231506348
some episodes done, average rewards:  6.172420978546143
some episodes done, average rewards:  6.267246246337891
some episodes done, average rewards:  6.0840559005737305
some episodes done, average rewards:  6.452071189880371
some episodes done, average rewards:  5.996846675872803
some episodes done, average rewards:  6.02055549621582
some episodes done, average rewards:  6.0973429679870605
some episodes done, average rewards:  6.135770320892334
some episodes done, average rewards:  6.093512058258057
some episodes done, average rewards:  5.768660545349121
some episodes done, average rewards:  5.892606258392334
some episodes done, average rewards:  6.0699615478515625
some episodes done, average rewards:  6.218658924102783

Algo mappo Exp check updates 4300/6103 episodes, total num timesteps 70467584/100000000, FPS 7262.

some episodes done, average rewards:  5.680516242980957
some episodes done, average rewards:  5.859570026397705
some episodes done, average rewards:  6.110567092895508
some episodes done, average rewards:  5.7990593910217285
some episodes done, average rewards:  6.0394415855407715
some episodes done, average rewards:  5.88096284866333
some episodes done, average rewards:  5.870422840118408
some episodes done, average rewards:  5.983910083770752
some episodes done, average rewards:  5.966516494750977
some episodes done, average rewards:  6.0785393714904785
some episodes done, average rewards:  5.780988693237305
some episodes done, average rewards:  6.171631336212158
some episodes done, average rewards:  5.836472034454346
some episodes done, average rewards:  5.951620101928711
some episodes done, average rewards:  5.656529903411865
some episodes done, average rewards:  5.6430559158325195
some episodes done, average rewards:  5.711895942687988
some episodes done, average rewards:  5.718990325927734
some episodes done, average rewards:  5.721347808837891
some episodes done, average rewards:  5.771615505218506
some episodes done, average rewards:  5.882589340209961
some episodes done, average rewards:  5.753482818603516
some episodes done, average rewards:  5.745410442352295
some episodes done, average rewards:  5.5255126953125
some episodes done, average rewards:  5.915004253387451

Algo mappo Exp check updates 4325/6103 episodes, total num timesteps 70877184/100000000, FPS 7263.

some episodes done, average rewards:  5.573333263397217
some episodes done, average rewards:  5.845366954803467
some episodes done, average rewards:  5.802832126617432
some episodes done, average rewards:  5.5403594970703125
some episodes done, average rewards:  5.6627960205078125
some episodes done, average rewards:  5.599585056304932
some episodes done, average rewards:  5.4371018409729
some episodes done, average rewards:  5.586118221282959
some episodes done, average rewards:  5.423823833465576
some episodes done, average rewards:  5.159160137176514
some episodes done, average rewards:  5.144822120666504
some episodes done, average rewards:  4.9527587890625
some episodes done, average rewards:  5.261176109313965
some episodes done, average rewards:  4.892031192779541
some episodes done, average rewards:  5.105919361114502
some episodes done, average rewards:  5.207785606384277
some episodes done, average rewards:  5.246460437774658
some episodes done, average rewards:  5.551023960113525
some episodes done, average rewards:  5.212588787078857
some episodes done, average rewards:  5.170175552368164
some episodes done, average rewards:  5.185678958892822
some episodes done, average rewards:  5.179981231689453
some episodes done, average rewards:  5.170364856719971
some episodes done, average rewards:  5.232369422912598
some episodes done, average rewards:  5.0916523933410645

Algo mappo Exp check updates 4350/6103 episodes, total num timesteps 71286784/100000000, FPS 7264.

some episodes done, average rewards:  4.976094722747803
some episodes done, average rewards:  5.156248092651367
some episodes done, average rewards:  5.001695156097412
some episodes done, average rewards:  5.076367378234863
some episodes done, average rewards:  4.837794303894043
some episodes done, average rewards:  4.595921516418457
some episodes done, average rewards:  4.860368728637695
some episodes done, average rewards:  4.876145362854004
some episodes done, average rewards:  4.984258651733398
some episodes done, average rewards:  4.981717586517334
some episodes done, average rewards:  4.7240400314331055
some episodes done, average rewards:  4.67690896987915
some episodes done, average rewards:  4.753235816955566
some episodes done, average rewards:  4.7855706214904785
some episodes done, average rewards:  4.611520767211914
some episodes done, average rewards:  4.667335510253906
some episodes done, average rewards:  4.912536144256592
some episodes done, average rewards:  4.7730712890625
some episodes done, average rewards:  4.525631427764893
some episodes done, average rewards:  4.6121344566345215
some episodes done, average rewards:  4.385514259338379
some episodes done, average rewards:  4.539939880371094
some episodes done, average rewards:  4.411054611206055
some episodes done, average rewards:  4.77089786529541
some episodes done, average rewards:  4.348806381225586

Algo mappo Exp check updates 4375/6103 episodes, total num timesteps 71696384/100000000, FPS 7265.

some episodes done, average rewards:  4.792609214782715
some episodes done, average rewards:  4.970621585845947
some episodes done, average rewards:  4.690284252166748
some episodes done, average rewards:  4.669934272766113
some episodes done, average rewards:  5.079317569732666
some episodes done, average rewards:  5.073157787322998
some episodes done, average rewards:  5.070116996765137
some episodes done, average rewards:  5.264835357666016
some episodes done, average rewards:  5.245483875274658
some episodes done, average rewards:  5.129849433898926
some episodes done, average rewards:  4.831314563751221
some episodes done, average rewards:  4.785469055175781
some episodes done, average rewards:  4.993373870849609
some episodes done, average rewards:  4.946603775024414
some episodes done, average rewards:  4.777498245239258
some episodes done, average rewards:  5.010167598724365
some episodes done, average rewards:  5.087092876434326
some episodes done, average rewards:  5.095643997192383
some episodes done, average rewards:  4.85649299621582
some episodes done, average rewards:  4.804935932159424
some episodes done, average rewards:  4.901631832122803
some episodes done, average rewards:  5.014302730560303
some episodes done, average rewards:  4.858745098114014
some episodes done, average rewards:  5.150082588195801
some episodes done, average rewards:  4.908203125

Algo mappo Exp check updates 4400/6103 episodes, total num timesteps 72105984/100000000, FPS 7266.

some episodes done, average rewards:  4.877196311950684
some episodes done, average rewards:  4.732565879821777
some episodes done, average rewards:  4.922817707061768
some episodes done, average rewards:  4.814580917358398
some episodes done, average rewards:  4.920494556427002
some episodes done, average rewards:  4.859102725982666
some episodes done, average rewards:  5.027492046356201
some episodes done, average rewards:  4.58169412612915
some episodes done, average rewards:  5.043689250946045
some episodes done, average rewards:  5.026525497436523
some episodes done, average rewards:  5.217298984527588
some episodes done, average rewards:  4.92509126663208
some episodes done, average rewards:  5.042916297912598
some episodes done, average rewards:  5.141847133636475
some episodes done, average rewards:  5.145879745483398
some episodes done, average rewards:  5.086978435516357
some episodes done, average rewards:  4.91073751449585
some episodes done, average rewards:  5.324268341064453
some episodes done, average rewards:  5.436822414398193
some episodes done, average rewards:  5.230595588684082
some episodes done, average rewards:  5.187724590301514
some episodes done, average rewards:  5.234762668609619
some episodes done, average rewards:  5.08030366897583
some episodes done, average rewards:  5.177249431610107
some episodes done, average rewards:  5.273291110992432

Algo mappo Exp check updates 4425/6103 episodes, total num timesteps 72515584/100000000, FPS 7265.

some episodes done, average rewards:  5.286983489990234
some episodes done, average rewards:  5.123653411865234
some episodes done, average rewards:  5.2048659324646
some episodes done, average rewards:  4.9624762535095215
some episodes done, average rewards:  4.959741592407227
some episodes done, average rewards:  5.082529067993164
some episodes done, average rewards:  5.325532913208008
some episodes done, average rewards:  5.133738994598389
some episodes done, average rewards:  5.406240463256836
some episodes done, average rewards:  5.229169845581055
some episodes done, average rewards:  5.306388854980469
some episodes done, average rewards:  5.269059658050537
some episodes done, average rewards:  5.12762451171875
some episodes done, average rewards:  5.086854934692383
some episodes done, average rewards:  5.307516574859619
some episodes done, average rewards:  5.0554938316345215
some episodes done, average rewards:  5.261785984039307
some episodes done, average rewards:  4.927628517150879
some episodes done, average rewards:  4.907811164855957
some episodes done, average rewards:  4.513649940490723
some episodes done, average rewards:  4.714386940002441
some episodes done, average rewards:  4.891842842102051
some episodes done, average rewards:  4.583576679229736
some episodes done, average rewards:  4.572681427001953
some episodes done, average rewards:  4.681662082672119

Algo mappo Exp check updates 4450/6103 episodes, total num timesteps 72925184/100000000, FPS 7265.

some episodes done, average rewards:  4.708950519561768
some episodes done, average rewards:  4.665001392364502
some episodes done, average rewards:  4.730564594268799
some episodes done, average rewards:  4.6325273513793945
some episodes done, average rewards:  4.834047317504883
some episodes done, average rewards:  4.927716255187988
some episodes done, average rewards:  5.005234241485596
some episodes done, average rewards:  5.068875312805176
some episodes done, average rewards:  4.789592742919922
some episodes done, average rewards:  4.522060394287109
some episodes done, average rewards:  4.708126544952393
some episodes done, average rewards:  4.7926106452941895
some episodes done, average rewards:  4.557612419128418
some episodes done, average rewards:  4.884152412414551
some episodes done, average rewards:  4.898062229156494
some episodes done, average rewards:  4.883466720581055
some episodes done, average rewards:  4.91871452331543
some episodes done, average rewards:  4.832130432128906
some episodes done, average rewards:  4.84670877456665
some episodes done, average rewards:  4.860996246337891
some episodes done, average rewards:  4.779819011688232
some episodes done, average rewards:  4.771409511566162
some episodes done, average rewards:  4.856030464172363
some episodes done, average rewards:  5.052984237670898
some episodes done, average rewards:  4.992190361022949

Algo mappo Exp check updates 4475/6103 episodes, total num timesteps 73334784/100000000, FPS 7265.

some episodes done, average rewards:  4.989353656768799
some episodes done, average rewards:  4.960620403289795
some episodes done, average rewards:  4.971081733703613
some episodes done, average rewards:  4.918371677398682
some episodes done, average rewards:  5.061401844024658
some episodes done, average rewards:  4.863648891448975
some episodes done, average rewards:  4.826488018035889
some episodes done, average rewards:  4.858780860900879
some episodes done, average rewards:  4.75310754776001
some episodes done, average rewards:  4.781097888946533
some episodes done, average rewards:  5.122492790222168
some episodes done, average rewards:  4.734719753265381
some episodes done, average rewards:  4.771172523498535
some episodes done, average rewards:  4.980914115905762
some episodes done, average rewards:  4.7392578125
some episodes done, average rewards:  4.762856483459473
some episodes done, average rewards:  4.701676368713379
some episodes done, average rewards:  4.457629203796387
some episodes done, average rewards:  4.50124979019165
some episodes done, average rewards:  4.788163661956787
some episodes done, average rewards:  4.7577362060546875
some episodes done, average rewards:  4.820311546325684
some episodes done, average rewards:  5.001177787780762
some episodes done, average rewards:  4.97861909866333
some episodes done, average rewards:  4.905269145965576

Algo mappo Exp check updates 4500/6103 episodes, total num timesteps 73744384/100000000, FPS 7266.

some episodes done, average rewards:  5.100707530975342
some episodes done, average rewards:  4.74763822555542
some episodes done, average rewards:  4.882369518280029
some episodes done, average rewards:  4.634817123413086
some episodes done, average rewards:  4.6170854568481445
some episodes done, average rewards:  4.526800632476807
some episodes done, average rewards:  4.5916643142700195
some episodes done, average rewards:  4.7839508056640625
some episodes done, average rewards:  4.606314182281494
some episodes done, average rewards:  4.713313579559326
some episodes done, average rewards:  4.759361267089844
some episodes done, average rewards:  4.851954936981201
some episodes done, average rewards:  4.706657409667969
some episodes done, average rewards:  4.380063056945801
some episodes done, average rewards:  4.578619956970215
some episodes done, average rewards:  4.4904279708862305
some episodes done, average rewards:  4.5328826904296875
some episodes done, average rewards:  4.474600791931152
some episodes done, average rewards:  4.497615337371826
some episodes done, average rewards:  4.524730205535889
some episodes done, average rewards:  4.385483741760254
some episodes done, average rewards:  4.499204635620117
some episodes done, average rewards:  4.210339069366455
some episodes done, average rewards:  4.315926551818848
some episodes done, average rewards:  4.46872091293335

Algo mappo Exp check updates 4525/6103 episodes, total num timesteps 74153984/100000000, FPS 7266.

some episodes done, average rewards:  4.364072322845459
some episodes done, average rewards:  4.617917537689209
some episodes done, average rewards:  4.140121936798096
some episodes done, average rewards:  4.394820690155029
some episodes done, average rewards:  4.10316801071167
some episodes done, average rewards:  4.089428424835205
some episodes done, average rewards:  4.166896820068359
some episodes done, average rewards:  4.047547340393066
some episodes done, average rewards:  4.097370147705078
some episodes done, average rewards:  4.224530220031738
some episodes done, average rewards:  4.181488037109375
some episodes done, average rewards:  4.0714216232299805
some episodes done, average rewards:  4.372511386871338
some episodes done, average rewards:  4.3459014892578125
some episodes done, average rewards:  4.374395370483398
some episodes done, average rewards:  4.1054911613464355
some episodes done, average rewards:  4.14242696762085
some episodes done, average rewards:  4.121249198913574
some episodes done, average rewards:  4.2974748611450195
some episodes done, average rewards:  3.9717397689819336
some episodes done, average rewards:  3.905423879623413
some episodes done, average rewards:  3.7601099014282227
some episodes done, average rewards:  3.784940004348755
some episodes done, average rewards:  3.652418613433838
some episodes done, average rewards:  3.8822429180145264

Algo mappo Exp check updates 4550/6103 episodes, total num timesteps 74563584/100000000, FPS 7267.

some episodes done, average rewards:  3.7911906242370605
some episodes done, average rewards:  3.770328998565674
some episodes done, average rewards:  3.755697250366211
some episodes done, average rewards:  3.5816192626953125
some episodes done, average rewards:  3.7016162872314453
some episodes done, average rewards:  4.067141532897949
some episodes done, average rewards:  4.006647109985352
some episodes done, average rewards:  3.804579257965088
some episodes done, average rewards:  3.852750062942505
some episodes done, average rewards:  3.2649881839752197
some episodes done, average rewards:  3.6368911266326904
some episodes done, average rewards:  3.774533748626709
some episodes done, average rewards:  3.477695941925049
some episodes done, average rewards:  3.564836025238037
some episodes done, average rewards:  3.7893424034118652
some episodes done, average rewards:  3.6566457748413086
some episodes done, average rewards:  3.8121609687805176
some episodes done, average rewards:  3.6484439373016357
some episodes done, average rewards:  3.786559820175171
some episodes done, average rewards:  3.9527437686920166
some episodes done, average rewards:  3.7297582626342773
some episodes done, average rewards:  3.854853630065918
some episodes done, average rewards:  3.9711849689483643
some episodes done, average rewards:  3.815730571746826
some episodes done, average rewards:  3.5876221656799316

Algo mappo Exp check updates 4575/6103 episodes, total num timesteps 74973184/100000000, FPS 7267.

some episodes done, average rewards:  3.6531333923339844
some episodes done, average rewards:  3.808706045150757
some episodes done, average rewards:  3.7094974517822266
some episodes done, average rewards:  3.8473615646362305
some episodes done, average rewards:  3.8959593772888184
some episodes done, average rewards:  3.7581231594085693
some episodes done, average rewards:  3.8236656188964844
some episodes done, average rewards:  3.766889810562134
some episodes done, average rewards:  3.7324118614196777
some episodes done, average rewards:  3.722137689590454
some episodes done, average rewards:  3.779330015182495
some episodes done, average rewards:  3.706724166870117
some episodes done, average rewards:  3.959625244140625
some episodes done, average rewards:  3.6596734523773193
some episodes done, average rewards:  3.9818358421325684
some episodes done, average rewards:  3.8782289028167725
some episodes done, average rewards:  3.849552869796753
some episodes done, average rewards:  3.7124972343444824
some episodes done, average rewards:  3.7914700508117676
some episodes done, average rewards:  3.4696359634399414
some episodes done, average rewards:  3.815319061279297
some episodes done, average rewards:  3.5390572547912598
some episodes done, average rewards:  3.755164623260498
some episodes done, average rewards:  3.6369211673736572
some episodes done, average rewards:  3.5926287174224854

Algo mappo Exp check updates 4600/6103 episodes, total num timesteps 75382784/100000000, FPS 7268.

some episodes done, average rewards:  3.7572977542877197
some episodes done, average rewards:  3.754603385925293
some episodes done, average rewards:  3.805568218231201
some episodes done, average rewards:  3.850029468536377
some episodes done, average rewards:  4.140589237213135
some episodes done, average rewards:  3.8720669746398926
some episodes done, average rewards:  4.149284839630127
some episodes done, average rewards:  3.821542501449585
some episodes done, average rewards:  3.913743495941162
some episodes done, average rewards:  3.7453596591949463
some episodes done, average rewards:  4.041262149810791
some episodes done, average rewards:  3.9223134517669678
some episodes done, average rewards:  3.829180955886841
some episodes done, average rewards:  3.7556276321411133
some episodes done, average rewards:  3.7265188694000244
some episodes done, average rewards:  3.8883097171783447
some episodes done, average rewards:  4.084228038787842
some episodes done, average rewards:  3.8719418048858643
some episodes done, average rewards:  3.6909611225128174
some episodes done, average rewards:  3.5955889225006104
some episodes done, average rewards:  3.769430637359619
some episodes done, average rewards:  3.838407039642334
some episodes done, average rewards:  3.701554536819458
some episodes done, average rewards:  3.4858875274658203
some episodes done, average rewards:  3.7579870223999023

Algo mappo Exp check updates 4625/6103 episodes, total num timesteps 75792384/100000000, FPS 7269.

some episodes done, average rewards:  3.732299566268921
some episodes done, average rewards:  3.6601040363311768
some episodes done, average rewards:  3.4888362884521484
some episodes done, average rewards:  3.9896109104156494
some episodes done, average rewards:  3.8734939098358154
some episodes done, average rewards:  3.6790575981140137
some episodes done, average rewards:  3.9839329719543457
some episodes done, average rewards:  3.9863874912261963
some episodes done, average rewards:  3.5944628715515137
some episodes done, average rewards:  3.714045286178589
some episodes done, average rewards:  3.5858566761016846
some episodes done, average rewards:  3.976013660430908
some episodes done, average rewards:  4.054689884185791
some episodes done, average rewards:  3.8994133472442627
some episodes done, average rewards:  3.9091503620147705
some episodes done, average rewards:  4.08936882019043
some episodes done, average rewards:  3.760296583175659
some episodes done, average rewards:  3.6393773555755615
some episodes done, average rewards:  4.16505765914917
some episodes done, average rewards:  4.202949523925781
some episodes done, average rewards:  4.238809585571289
some episodes done, average rewards:  4.289777755737305
some episodes done, average rewards:  4.1300506591796875
some episodes done, average rewards:  4.0004048347473145
some episodes done, average rewards:  4.02446174621582

Algo mappo Exp check updates 4650/6103 episodes, total num timesteps 76201984/100000000, FPS 7271.

some episodes done, average rewards:  4.097757339477539
some episodes done, average rewards:  4.048133850097656
some episodes done, average rewards:  3.919020652770996
some episodes done, average rewards:  4.030608177185059
some episodes done, average rewards:  4.086757659912109
some episodes done, average rewards:  4.042237281799316
some episodes done, average rewards:  4.023462295532227
some episodes done, average rewards:  3.8098692893981934
some episodes done, average rewards:  3.937882900238037
some episodes done, average rewards:  3.9676263332366943
some episodes done, average rewards:  3.8285765647888184
some episodes done, average rewards:  4.1155195236206055
some episodes done, average rewards:  4.115749359130859
some episodes done, average rewards:  4.1165266036987305
some episodes done, average rewards:  4.189903736114502
some episodes done, average rewards:  4.0416951179504395
some episodes done, average rewards:  4.286327362060547
some episodes done, average rewards:  4.347084999084473
some episodes done, average rewards:  4.073619365692139
some episodes done, average rewards:  4.081788063049316
some episodes done, average rewards:  4.2968244552612305
some episodes done, average rewards:  4.131646633148193
some episodes done, average rewards:  4.239747524261475
some episodes done, average rewards:  4.3433403968811035
some episodes done, average rewards:  4.637685775756836

Algo mappo Exp check updates 4675/6103 episodes, total num timesteps 76611584/100000000, FPS 7271.

some episodes done, average rewards:  4.132772445678711
some episodes done, average rewards:  4.559410572052002
some episodes done, average rewards:  4.305565357208252
some episodes done, average rewards:  4.561740875244141
some episodes done, average rewards:  4.34259557723999
some episodes done, average rewards:  4.347777843475342
some episodes done, average rewards:  4.537614822387695
some episodes done, average rewards:  4.421226978302002
some episodes done, average rewards:  4.199788570404053
some episodes done, average rewards:  4.18967342376709
some episodes done, average rewards:  4.35109806060791
some episodes done, average rewards:  4.424215316772461
some episodes done, average rewards:  4.437438488006592
some episodes done, average rewards:  4.207413196563721
some episodes done, average rewards:  4.451175212860107
some episodes done, average rewards:  4.238470077514648
some episodes done, average rewards:  4.565299987792969
some episodes done, average rewards:  4.498058795928955
some episodes done, average rewards:  4.403408050537109
some episodes done, average rewards:  4.452070713043213
some episodes done, average rewards:  4.362420558929443
some episodes done, average rewards:  3.988394021987915
some episodes done, average rewards:  4.1180315017700195
some episodes done, average rewards:  4.251871109008789
some episodes done, average rewards:  4.060940742492676

Algo mappo Exp check updates 4700/6103 episodes, total num timesteps 77021184/100000000, FPS 7272.

some episodes done, average rewards:  4.179553985595703
some episodes done, average rewards:  4.029930114746094
some episodes done, average rewards:  4.106531143188477
some episodes done, average rewards:  4.346975803375244
some episodes done, average rewards:  4.184962749481201
some episodes done, average rewards:  4.299365997314453
some episodes done, average rewards:  4.033815860748291
some episodes done, average rewards:  4.1485700607299805
some episodes done, average rewards:  3.5893616676330566
some episodes done, average rewards:  4.274581432342529
some episodes done, average rewards:  4.377610206604004
some episodes done, average rewards:  4.082947731018066
some episodes done, average rewards:  4.18633508682251
some episodes done, average rewards:  4.243136882781982
some episodes done, average rewards:  4.21425199508667
some episodes done, average rewards:  4.361509799957275
some episodes done, average rewards:  4.222252368927002
some episodes done, average rewards:  3.9670865535736084
some episodes done, average rewards:  4.09208869934082
some episodes done, average rewards:  4.0577216148376465
some episodes done, average rewards:  4.024701118469238
some episodes done, average rewards:  4.059406757354736
some episodes done, average rewards:  4.05656099319458
some episodes done, average rewards:  4.185401439666748
some episodes done, average rewards:  4.021132469177246

Algo mappo Exp check updates 4725/6103 episodes, total num timesteps 77430784/100000000, FPS 7274.

some episodes done, average rewards:  4.146668910980225
some episodes done, average rewards:  3.8826916217803955
some episodes done, average rewards:  4.014166831970215
some episodes done, average rewards:  4.082036972045898
some episodes done, average rewards:  4.15181827545166
some episodes done, average rewards:  3.7878735065460205
some episodes done, average rewards:  4.100286960601807
some episodes done, average rewards:  4.001927852630615
some episodes done, average rewards:  3.8509063720703125
some episodes done, average rewards:  4.0037407875061035
some episodes done, average rewards:  4.038957595825195
some episodes done, average rewards:  3.699026584625244
some episodes done, average rewards:  4.1160664558410645
some episodes done, average rewards:  4.039210796356201
some episodes done, average rewards:  4.031032562255859
some episodes done, average rewards:  3.9533677101135254
some episodes done, average rewards:  4.1490797996521
some episodes done, average rewards:  4.073987007141113
some episodes done, average rewards:  4.155429363250732
some episodes done, average rewards:  3.9784460067749023
some episodes done, average rewards:  4.182844161987305
some episodes done, average rewards:  4.082700729370117
some episodes done, average rewards:  4.009021759033203
some episodes done, average rewards:  4.294119834899902
some episodes done, average rewards:  3.8111062049865723

Algo mappo Exp check updates 4750/6103 episodes, total num timesteps 77840384/100000000, FPS 7276.

some episodes done, average rewards:  4.144477367401123
some episodes done, average rewards:  4.080205917358398
some episodes done, average rewards:  4.098923206329346
some episodes done, average rewards:  4.166414260864258
some episodes done, average rewards:  4.206910133361816
some episodes done, average rewards:  4.058472156524658
some episodes done, average rewards:  4.037474632263184
some episodes done, average rewards:  4.14550256729126
some episodes done, average rewards:  4.313098907470703
some episodes done, average rewards:  4.0312113761901855
some episodes done, average rewards:  4.306446075439453
some episodes done, average rewards:  4.121318340301514
some episodes done, average rewards:  4.296600818634033
some episodes done, average rewards:  4.162233829498291
some episodes done, average rewards:  4.006560802459717
some episodes done, average rewards:  4.265382289886475
some episodes done, average rewards:  4.172940731048584
some episodes done, average rewards:  3.9851605892181396
some episodes done, average rewards:  4.122877597808838
some episodes done, average rewards:  4.174801826477051
some episodes done, average rewards:  4.172543048858643
some episodes done, average rewards:  4.1267266273498535
some episodes done, average rewards:  4.016547679901123
some episodes done, average rewards:  4.070083141326904
some episodes done, average rewards:  3.9231204986572266

Algo mappo Exp check updates 4775/6103 episodes, total num timesteps 78249984/100000000, FPS 7280.

some episodes done, average rewards:  4.18936014175415
some episodes done, average rewards:  4.133734226226807
some episodes done, average rewards:  4.233919620513916
some episodes done, average rewards:  4.033761978149414
some episodes done, average rewards:  4.307889938354492
some episodes done, average rewards:  3.967425584793091
some episodes done, average rewards:  3.8530609607696533
some episodes done, average rewards:  3.9991819858551025
some episodes done, average rewards:  4.062527656555176
some episodes done, average rewards:  4.108305931091309
some episodes done, average rewards:  3.7781829833984375
some episodes done, average rewards:  3.8814425468444824
some episodes done, average rewards:  4.052274227142334
some episodes done, average rewards:  4.121645450592041
some episodes done, average rewards:  3.717434883117676
some episodes done, average rewards:  3.832352876663208
some episodes done, average rewards:  3.8387515544891357
some episodes done, average rewards:  3.897632122039795
some episodes done, average rewards:  3.9696903228759766
some episodes done, average rewards:  3.911269187927246
some episodes done, average rewards:  4.093019008636475
some episodes done, average rewards:  3.917633056640625
some episodes done, average rewards:  4.102738380432129
some episodes done, average rewards:  4.047273635864258
some episodes done, average rewards:  4.411855697631836

Algo mappo Exp check updates 4800/6103 episodes, total num timesteps 78659584/100000000, FPS 7284.

some episodes done, average rewards:  4.189019203186035
some episodes done, average rewards:  4.274478912353516
some episodes done, average rewards:  3.9948031902313232
some episodes done, average rewards:  4.109643459320068
some episodes done, average rewards:  4.109813690185547
some episodes done, average rewards:  3.984628438949585
some episodes done, average rewards:  4.1126909255981445
some episodes done, average rewards:  4.275021076202393
some episodes done, average rewards:  3.953277349472046
some episodes done, average rewards:  4.1963090896606445
some episodes done, average rewards:  4.107851982116699
some episodes done, average rewards:  4.018738746643066
some episodes done, average rewards:  4.107865810394287
some episodes done, average rewards:  3.934584140777588
some episodes done, average rewards:  4.06761360168457
some episodes done, average rewards:  4.212235450744629
some episodes done, average rewards:  4.406832218170166
some episodes done, average rewards:  4.561440467834473
some episodes done, average rewards:  4.273149013519287
some episodes done, average rewards:  4.359469413757324
some episodes done, average rewards:  4.334842681884766
some episodes done, average rewards:  4.133775234222412
some episodes done, average rewards:  4.4712629318237305
some episodes done, average rewards:  4.511581897735596
some episodes done, average rewards:  4.400337219238281

Algo mappo Exp check updates 4825/6103 episodes, total num timesteps 79069184/100000000, FPS 7287.

some episodes done, average rewards:  4.294313430786133
some episodes done, average rewards:  4.190086364746094
some episodes done, average rewards:  4.138378143310547
some episodes done, average rewards:  4.223888397216797
some episodes done, average rewards:  4.439442157745361
some episodes done, average rewards:  4.269516468048096
some episodes done, average rewards:  4.342565059661865
some episodes done, average rewards:  4.452085018157959
some episodes done, average rewards:  4.368587493896484
some episodes done, average rewards:  4.2666778564453125
some episodes done, average rewards:  4.45723295211792
some episodes done, average rewards:  4.347205638885498
some episodes done, average rewards:  4.2038984298706055
some episodes done, average rewards:  4.341195106506348
some episodes done, average rewards:  4.4120659828186035
some episodes done, average rewards:  4.518989562988281
some episodes done, average rewards:  4.457111358642578
some episodes done, average rewards:  4.4358110427856445
some episodes done, average rewards:  4.479046821594238
some episodes done, average rewards:  4.522582054138184
some episodes done, average rewards:  4.711545944213867
some episodes done, average rewards:  4.228198528289795
some episodes done, average rewards:  4.579473972320557
some episodes done, average rewards:  4.256458759307861
some episodes done, average rewards:  4.276121616363525

Algo mappo Exp check updates 4850/6103 episodes, total num timesteps 79478784/100000000, FPS 7290.

some episodes done, average rewards:  4.6752214431762695
some episodes done, average rewards:  4.4452948570251465
some episodes done, average rewards:  4.5119147300720215
some episodes done, average rewards:  4.529747009277344
some episodes done, average rewards:  4.583467483520508
some episodes done, average rewards:  4.4697747230529785
some episodes done, average rewards:  4.499883651733398
some episodes done, average rewards:  4.68128776550293
some episodes done, average rewards:  4.595406532287598
some episodes done, average rewards:  4.618720531463623
some episodes done, average rewards:  4.263258934020996
some episodes done, average rewards:  4.199831485748291
some episodes done, average rewards:  4.462612628936768
some episodes done, average rewards:  4.422708988189697
some episodes done, average rewards:  4.194467067718506
some episodes done, average rewards:  4.394306182861328
some episodes done, average rewards:  4.365333557128906
some episodes done, average rewards:  4.711494445800781
some episodes done, average rewards:  4.41612434387207
some episodes done, average rewards:  4.43544340133667
some episodes done, average rewards:  4.557241916656494
some episodes done, average rewards:  4.551127910614014
some episodes done, average rewards:  4.565314769744873
some episodes done, average rewards:  4.6789069175720215
some episodes done, average rewards:  4.779186725616455

Algo mappo Exp check updates 4875/6103 episodes, total num timesteps 79888384/100000000, FPS 7291.

some episodes done, average rewards:  4.639025688171387
some episodes done, average rewards:  4.378048896789551
some episodes done, average rewards:  4.557596206665039
some episodes done, average rewards:  4.479575157165527
some episodes done, average rewards:  4.417241096496582
some episodes done, average rewards:  4.500616550445557
some episodes done, average rewards:  4.3444504737854
some episodes done, average rewards:  4.409245491027832
some episodes done, average rewards:  4.362451076507568
some episodes done, average rewards:  4.2552032470703125
some episodes done, average rewards:  4.257042407989502
some episodes done, average rewards:  4.507025718688965
some episodes done, average rewards:  4.464479446411133
some episodes done, average rewards:  4.1507978439331055
some episodes done, average rewards:  4.141140460968018
some episodes done, average rewards:  4.1051130294799805
some episodes done, average rewards:  4.135473728179932
some episodes done, average rewards:  4.350886344909668
some episodes done, average rewards:  4.270203590393066
some episodes done, average rewards:  4.275719165802002
some episodes done, average rewards:  4.324023723602295
some episodes done, average rewards:  4.316924095153809
some episodes done, average rewards:  4.393874645233154
some episodes done, average rewards:  4.117498397827148
some episodes done, average rewards:  4.3165507316589355

Algo mappo Exp check updates 4900/6103 episodes, total num timesteps 80297984/100000000, FPS 7292.

some episodes done, average rewards:  4.286184787750244
some episodes done, average rewards:  4.0413947105407715
some episodes done, average rewards:  4.113156318664551
some episodes done, average rewards:  4.201518535614014
some episodes done, average rewards:  4.036136627197266
some episodes done, average rewards:  4.245436668395996
some episodes done, average rewards:  4.026758193969727
some episodes done, average rewards:  4.438154697418213
some episodes done, average rewards:  4.258326530456543
some episodes done, average rewards:  4.353348731994629
some episodes done, average rewards:  4.174975395202637
some episodes done, average rewards:  4.27783203125
some episodes done, average rewards:  4.29645299911499
some episodes done, average rewards:  4.259160995483398
some episodes done, average rewards:  4.2088422775268555
some episodes done, average rewards:  3.8759138584136963
some episodes done, average rewards:  3.6399965286254883
some episodes done, average rewards:  3.6625771522521973
some episodes done, average rewards:  3.5959434509277344
some episodes done, average rewards:  3.3712098598480225
some episodes done, average rewards:  3.4564321041107178
some episodes done, average rewards:  3.5794901847839355
some episodes done, average rewards:  3.3911733627319336
some episodes done, average rewards:  3.4390416145324707
some episodes done, average rewards:  3.464017152786255

Algo mappo Exp check updates 4925/6103 episodes, total num timesteps 80707584/100000000, FPS 7294.

some episodes done, average rewards:  3.358370780944824
some episodes done, average rewards:  3.0634796619415283
some episodes done, average rewards:  3.434208393096924
some episodes done, average rewards:  3.4783551692962646
some episodes done, average rewards:  3.3687872886657715
some episodes done, average rewards:  3.422417402267456
some episodes done, average rewards:  3.3593993186950684
some episodes done, average rewards:  3.735039472579956
some episodes done, average rewards:  3.834768533706665
some episodes done, average rewards:  3.6672801971435547
some episodes done, average rewards:  3.8330490589141846
some episodes done, average rewards:  3.817486524581909
some episodes done, average rewards:  3.8632874488830566
some episodes done, average rewards:  3.9712860584259033
some episodes done, average rewards:  3.9725255966186523
some episodes done, average rewards:  4.11297082901001
some episodes done, average rewards:  4.152890682220459
some episodes done, average rewards:  4.15695858001709
some episodes done, average rewards:  4.235742092132568
some episodes done, average rewards:  4.016397953033447
some episodes done, average rewards:  4.172209739685059
some episodes done, average rewards:  4.085251808166504
some episodes done, average rewards:  4.089842796325684
some episodes done, average rewards:  4.408563613891602
some episodes done, average rewards:  4.237898826599121

Algo mappo Exp check updates 4950/6103 episodes, total num timesteps 81117184/100000000, FPS 7295.

some episodes done, average rewards:  4.137675762176514
some episodes done, average rewards:  4.061829090118408
some episodes done, average rewards:  4.072850704193115
some episodes done, average rewards:  4.123663902282715
some episodes done, average rewards:  4.290960311889648
some episodes done, average rewards:  4.265498638153076
some episodes done, average rewards:  4.456353187561035
some episodes done, average rewards:  4.519958972930908
some episodes done, average rewards:  4.5026936531066895
some episodes done, average rewards:  4.207000732421875
some episodes done, average rewards:  4.367343902587891
some episodes done, average rewards:  4.362813949584961
some episodes done, average rewards:  4.1814093589782715
some episodes done, average rewards:  4.154746055603027
some episodes done, average rewards:  4.181744575500488
some episodes done, average rewards:  4.582137584686279
some episodes done, average rewards:  4.403387069702148
some episodes done, average rewards:  4.574597358703613
some episodes done, average rewards:  4.681271553039551
some episodes done, average rewards:  4.327129364013672
some episodes done, average rewards:  4.7499165534973145
some episodes done, average rewards:  4.441106796264648
some episodes done, average rewards:  4.364037990570068
some episodes done, average rewards:  4.66722297668457
some episodes done, average rewards:  4.4451985359191895

Algo mappo Exp check updates 4975/6103 episodes, total num timesteps 81526784/100000000, FPS 7296.

some episodes done, average rewards:  4.726741790771484
some episodes done, average rewards:  4.555985450744629
some episodes done, average rewards:  4.803023815155029
some episodes done, average rewards:  4.457635879516602
some episodes done, average rewards:  4.664266586303711
some episodes done, average rewards:  4.72382116317749
some episodes done, average rewards:  4.821712493896484
some episodes done, average rewards:  4.764391899108887
some episodes done, average rewards:  4.629562854766846
some episodes done, average rewards:  4.695396423339844
some episodes done, average rewards:  4.578616142272949
some episodes done, average rewards:  4.625715255737305
some episodes done, average rewards:  4.778985023498535
some episodes done, average rewards:  4.498804569244385
some episodes done, average rewards:  4.498171806335449
some episodes done, average rewards:  4.844088077545166
some episodes done, average rewards:  4.542619228363037
some episodes done, average rewards:  4.679855823516846
some episodes done, average rewards:  4.490057945251465
some episodes done, average rewards:  4.580907344818115
some episodes done, average rewards:  4.8327484130859375
some episodes done, average rewards:  4.5212836265563965
some episodes done, average rewards:  4.539148807525635
some episodes done, average rewards:  4.898195743560791
some episodes done, average rewards:  4.394503593444824

Algo mappo Exp check updates 5000/6103 episodes, total num timesteps 81936384/100000000, FPS 7297.

some episodes done, average rewards:  4.574402809143066
some episodes done, average rewards:  4.724478721618652
some episodes done, average rewards:  4.963318347930908
some episodes done, average rewards:  4.862807273864746
some episodes done, average rewards:  4.9115447998046875
some episodes done, average rewards:  4.93624210357666
some episodes done, average rewards:  4.950428485870361
some episodes done, average rewards:  4.7546796798706055
some episodes done, average rewards:  4.959439754486084
some episodes done, average rewards:  4.6106438636779785
some episodes done, average rewards:  4.36391544342041
some episodes done, average rewards:  4.576781272888184
some episodes done, average rewards:  4.410463809967041
some episodes done, average rewards:  4.453507900238037
some episodes done, average rewards:  4.7814483642578125
some episodes done, average rewards:  4.630290508270264
some episodes done, average rewards:  4.611776351928711
some episodes done, average rewards:  4.589990615844727
some episodes done, average rewards:  4.372903823852539
some episodes done, average rewards:  4.1731743812561035
some episodes done, average rewards:  4.189576625823975
some episodes done, average rewards:  4.395857334136963
some episodes done, average rewards:  4.2757463455200195
some episodes done, average rewards:  4.277916431427002
some episodes done, average rewards:  4.51220178604126

Algo mappo Exp check updates 5025/6103 episodes, total num timesteps 82345984/100000000, FPS 7298.

some episodes done, average rewards:  4.460032939910889
some episodes done, average rewards:  4.475059509277344
some episodes done, average rewards:  4.621817111968994
some episodes done, average rewards:  4.280215263366699
some episodes done, average rewards:  4.593428611755371
some episodes done, average rewards:  4.33779764175415
some episodes done, average rewards:  4.363910675048828
some episodes done, average rewards:  4.374545574188232
some episodes done, average rewards:  4.382066249847412
some episodes done, average rewards:  4.299178600311279
some episodes done, average rewards:  4.528189659118652
some episodes done, average rewards:  4.366064548492432
some episodes done, average rewards:  4.50143575668335
some episodes done, average rewards:  4.403153896331787
some episodes done, average rewards:  4.50729513168335
some episodes done, average rewards:  4.561503887176514
some episodes done, average rewards:  4.221811294555664
some episodes done, average rewards:  4.4500813484191895
some episodes done, average rewards:  4.700422763824463
some episodes done, average rewards:  4.568727493286133
some episodes done, average rewards:  4.342431545257568
some episodes done, average rewards:  4.4204206466674805
some episodes done, average rewards:  4.40767765045166
some episodes done, average rewards:  4.290332794189453
some episodes done, average rewards:  4.283607482910156

Algo mappo Exp check updates 5050/6103 episodes, total num timesteps 82755584/100000000, FPS 7300.

some episodes done, average rewards:  4.446821212768555
some episodes done, average rewards:  4.28271484375
some episodes done, average rewards:  4.3076887130737305
some episodes done, average rewards:  4.282309532165527
some episodes done, average rewards:  4.17386531829834
some episodes done, average rewards:  4.2346014976501465
some episodes done, average rewards:  4.244967460632324
some episodes done, average rewards:  4.371611595153809
some episodes done, average rewards:  4.3448615074157715
some episodes done, average rewards:  4.105465412139893
some episodes done, average rewards:  4.501668453216553
some episodes done, average rewards:  4.303679943084717
some episodes done, average rewards:  4.36630392074585
some episodes done, average rewards:  4.377657413482666
some episodes done, average rewards:  4.556845188140869
some episodes done, average rewards:  4.132164001464844
some episodes done, average rewards:  4.358799457550049
some episodes done, average rewards:  4.69807243347168
some episodes done, average rewards:  4.480734825134277
some episodes done, average rewards:  4.596283912658691
some episodes done, average rewards:  4.6904449462890625
some episodes done, average rewards:  4.472341537475586
some episodes done, average rewards:  4.5020904541015625
some episodes done, average rewards:  4.398519515991211
some episodes done, average rewards:  4.516051769256592

Algo mappo Exp check updates 5075/6103 episodes, total num timesteps 83165184/100000000, FPS 7301.

some episodes done, average rewards:  4.574732303619385
some episodes done, average rewards:  4.387478828430176
some episodes done, average rewards:  4.473862648010254
some episodes done, average rewards:  4.326488494873047
some episodes done, average rewards:  4.559416770935059
some episodes done, average rewards:  4.503193378448486
some episodes done, average rewards:  4.435985088348389
some episodes done, average rewards:  4.509625434875488
some episodes done, average rewards:  4.556668758392334
some episodes done, average rewards:  4.419046878814697
some episodes done, average rewards:  4.623695373535156
some episodes done, average rewards:  4.466707229614258
some episodes done, average rewards:  4.503564357757568
some episodes done, average rewards:  4.471747398376465
some episodes done, average rewards:  4.32451057434082
some episodes done, average rewards:  4.596567153930664
some episodes done, average rewards:  4.465092658996582
some episodes done, average rewards:  4.361323356628418
some episodes done, average rewards:  4.377946376800537
some episodes done, average rewards:  4.52493143081665
some episodes done, average rewards:  4.706486701965332
some episodes done, average rewards:  4.336889266967773
some episodes done, average rewards:  4.224328517913818
some episodes done, average rewards:  4.221123218536377
some episodes done, average rewards:  4.303361892700195

Algo mappo Exp check updates 5100/6103 episodes, total num timesteps 83574784/100000000, FPS 7302.

some episodes done, average rewards:  4.541690349578857
some episodes done, average rewards:  4.121407508850098
some episodes done, average rewards:  4.076779842376709
some episodes done, average rewards:  4.192223072052002
some episodes done, average rewards:  4.1017351150512695
some episodes done, average rewards:  4.229602336883545
some episodes done, average rewards:  4.212925434112549
some episodes done, average rewards:  4.517032146453857
some episodes done, average rewards:  4.04677152633667
some episodes done, average rewards:  4.325766086578369
some episodes done, average rewards:  4.3304877281188965
some episodes done, average rewards:  4.2270002365112305
some episodes done, average rewards:  4.316853046417236
some episodes done, average rewards:  4.361135959625244
some episodes done, average rewards:  4.377966403961182
some episodes done, average rewards:  4.185117244720459
some episodes done, average rewards:  4.2025628089904785
some episodes done, average rewards:  4.283825397491455
some episodes done, average rewards:  4.28873872756958
some episodes done, average rewards:  4.09266996383667
some episodes done, average rewards:  4.204935550689697
some episodes done, average rewards:  4.382280349731445
some episodes done, average rewards:  4.330854892730713
some episodes done, average rewards:  4.579102516174316
some episodes done, average rewards:  4.31084680557251

Algo mappo Exp check updates 5125/6103 episodes, total num timesteps 83984384/100000000, FPS 7303.

some episodes done, average rewards:  4.19856595993042
some episodes done, average rewards:  4.255662441253662
some episodes done, average rewards:  4.162932872772217
some episodes done, average rewards:  4.147876262664795
some episodes done, average rewards:  4.108051776885986
some episodes done, average rewards:  4.277049541473389
some episodes done, average rewards:  4.171062469482422
some episodes done, average rewards:  3.977165460586548
some episodes done, average rewards:  3.986238956451416
some episodes done, average rewards:  4.020997047424316
some episodes done, average rewards:  3.9416656494140625
some episodes done, average rewards:  4.001949310302734
some episodes done, average rewards:  4.0597639083862305
some episodes done, average rewards:  3.911813735961914
some episodes done, average rewards:  4.262242794036865
some episodes done, average rewards:  4.026118755340576
some episodes done, average rewards:  4.104605674743652
some episodes done, average rewards:  4.1340508460998535
some episodes done, average rewards:  4.314117908477783
some episodes done, average rewards:  3.8866751194000244
some episodes done, average rewards:  4.141928672790527
some episodes done, average rewards:  4.396615982055664
some episodes done, average rewards:  4.168540954589844
some episodes done, average rewards:  4.233541011810303
some episodes done, average rewards:  4.033215045928955

Algo mappo Exp check updates 5150/6103 episodes, total num timesteps 84393984/100000000, FPS 7305.

some episodes done, average rewards:  3.9466450214385986
some episodes done, average rewards:  4.187392711639404
some episodes done, average rewards:  4.300425052642822
some episodes done, average rewards:  4.337437629699707
some episodes done, average rewards:  4.120070934295654
some episodes done, average rewards:  3.9359512329101562
some episodes done, average rewards:  4.0504984855651855
some episodes done, average rewards:  4.133111000061035
some episodes done, average rewards:  4.102476119995117
some episodes done, average rewards:  4.24058198928833
some episodes done, average rewards:  4.25815486907959
some episodes done, average rewards:  4.080434799194336
some episodes done, average rewards:  4.030158996582031
some episodes done, average rewards:  4.026040554046631
some episodes done, average rewards:  4.032619476318359
some episodes done, average rewards:  4.3912882804870605
some episodes done, average rewards:  4.418095588684082
some episodes done, average rewards:  4.63726282119751
some episodes done, average rewards:  4.643029689788818
some episodes done, average rewards:  4.973134517669678
some episodes done, average rewards:  4.82947301864624
some episodes done, average rewards:  4.50646448135376
some episodes done, average rewards:  4.614831447601318
some episodes done, average rewards:  4.716522216796875
some episodes done, average rewards:  4.83400297164917

Algo mappo Exp check updates 5175/6103 episodes, total num timesteps 84803584/100000000, FPS 7306.

some episodes done, average rewards:  4.4675612449646
some episodes done, average rewards:  4.735706806182861
some episodes done, average rewards:  4.6263203620910645
some episodes done, average rewards:  4.495335578918457
some episodes done, average rewards:  4.550246715545654
some episodes done, average rewards:  4.389374732971191
some episodes done, average rewards:  4.526076316833496
some episodes done, average rewards:  4.343301296234131
some episodes done, average rewards:  4.2371110916137695
some episodes done, average rewards:  4.228909492492676
some episodes done, average rewards:  4.3591156005859375
some episodes done, average rewards:  4.3011155128479
some episodes done, average rewards:  4.4289045333862305
some episodes done, average rewards:  4.444319248199463
some episodes done, average rewards:  4.436091899871826
some episodes done, average rewards:  4.647649765014648
some episodes done, average rewards:  4.413027286529541
some episodes done, average rewards:  4.297640323638916
some episodes done, average rewards:  4.364977836608887
some episodes done, average rewards:  4.512938499450684
some episodes done, average rewards:  4.353668212890625
some episodes done, average rewards:  4.49338436126709
some episodes done, average rewards:  4.492128372192383
some episodes done, average rewards:  4.593710422515869
some episodes done, average rewards:  4.580751419067383

Algo mappo Exp check updates 5200/6103 episodes, total num timesteps 85213184/100000000, FPS 7306.

some episodes done, average rewards:  4.765133380889893
some episodes done, average rewards:  4.491447925567627
some episodes done, average rewards:  4.6638078689575195
some episodes done, average rewards:  4.841492176055908
some episodes done, average rewards:  4.9847798347473145
some episodes done, average rewards:  4.925911903381348
some episodes done, average rewards:  4.847341060638428
some episodes done, average rewards:  4.835241794586182
some episodes done, average rewards:  4.818994045257568
some episodes done, average rewards:  4.527888774871826
some episodes done, average rewards:  4.899213790893555
some episodes done, average rewards:  4.7118988037109375
some episodes done, average rewards:  4.694138526916504
some episodes done, average rewards:  4.769635200500488
some episodes done, average rewards:  4.6269755363464355
some episodes done, average rewards:  4.797235012054443
some episodes done, average rewards:  4.7012939453125
some episodes done, average rewards:  4.413652420043945
some episodes done, average rewards:  4.547992706298828
some episodes done, average rewards:  4.6612982749938965
some episodes done, average rewards:  4.605725288391113
some episodes done, average rewards:  4.568101406097412
some episodes done, average rewards:  4.578012943267822
some episodes done, average rewards:  4.639896869659424
some episodes done, average rewards:  4.504288673400879

Algo mappo Exp check updates 5225/6103 episodes, total num timesteps 85622784/100000000, FPS 7306.

some episodes done, average rewards:  4.283944129943848
some episodes done, average rewards:  4.421395301818848
some episodes done, average rewards:  4.516721725463867
some episodes done, average rewards:  4.747280597686768
some episodes done, average rewards:  4.56844425201416
some episodes done, average rewards:  4.5678935050964355
some episodes done, average rewards:  4.994216442108154
some episodes done, average rewards:  4.707333087921143
some episodes done, average rewards:  4.921300888061523
some episodes done, average rewards:  4.991796970367432
some episodes done, average rewards:  4.489920616149902
some episodes done, average rewards:  4.50905704498291
some episodes done, average rewards:  4.592884063720703
some episodes done, average rewards:  4.531618118286133
some episodes done, average rewards:  4.263528823852539
some episodes done, average rewards:  4.250092029571533
some episodes done, average rewards:  4.375101089477539
some episodes done, average rewards:  4.49757194519043
some episodes done, average rewards:  4.610723495483398
some episodes done, average rewards:  4.504482269287109
some episodes done, average rewards:  4.510627269744873
some episodes done, average rewards:  4.395456314086914
some episodes done, average rewards:  4.377326965332031
some episodes done, average rewards:  4.533535480499268
some episodes done, average rewards:  4.70311164855957

Algo mappo Exp check updates 5250/6103 episodes, total num timesteps 86032384/100000000, FPS 7307.

some episodes done, average rewards:  4.448651313781738
some episodes done, average rewards:  4.839028835296631
some episodes done, average rewards:  4.533360481262207
some episodes done, average rewards:  4.282162666320801
some episodes done, average rewards:  4.600743770599365
some episodes done, average rewards:  4.322068691253662
some episodes done, average rewards:  4.50893497467041
some episodes done, average rewards:  4.5867438316345215
some episodes done, average rewards:  4.51633882522583
some episodes done, average rewards:  4.523441791534424
some episodes done, average rewards:  4.411186218261719
some episodes done, average rewards:  4.751461982727051
some episodes done, average rewards:  4.519863605499268
some episodes done, average rewards:  4.799339294433594
some episodes done, average rewards:  4.608760356903076
some episodes done, average rewards:  4.52903938293457
some episodes done, average rewards:  4.875858783721924
some episodes done, average rewards:  4.892643451690674
some episodes done, average rewards:  5.110898494720459
some episodes done, average rewards:  4.906243324279785
some episodes done, average rewards:  5.037990570068359
some episodes done, average rewards:  5.03424072265625
some episodes done, average rewards:  5.068636417388916
some episodes done, average rewards:  5.005440711975098
some episodes done, average rewards:  4.890002727508545

Algo mappo Exp check updates 5275/6103 episodes, total num timesteps 86441984/100000000, FPS 7307.

some episodes done, average rewards:  5.0938944816589355
some episodes done, average rewards:  4.8430094718933105
some episodes done, average rewards:  4.808889389038086
some episodes done, average rewards:  5.23356294631958
some episodes done, average rewards:  5.0170183181762695
some episodes done, average rewards:  5.05433464050293
some episodes done, average rewards:  5.011669158935547
some episodes done, average rewards:  5.2010297775268555
some episodes done, average rewards:  4.996816635131836
some episodes done, average rewards:  4.890583038330078
some episodes done, average rewards:  5.010428428649902
some episodes done, average rewards:  5.2294230461120605
some episodes done, average rewards:  4.81824254989624
some episodes done, average rewards:  4.7799296379089355
some episodes done, average rewards:  4.926728248596191
some episodes done, average rewards:  5.042140007019043
some episodes done, average rewards:  5.039795875549316
some episodes done, average rewards:  4.929614543914795
some episodes done, average rewards:  4.856928825378418
some episodes done, average rewards:  4.822532653808594
some episodes done, average rewards:  5.204230308532715
some episodes done, average rewards:  4.694187641143799
some episodes done, average rewards:  4.869560718536377
some episodes done, average rewards:  5.184186935424805
some episodes done, average rewards:  5.070068836212158

Algo mappo Exp check updates 5300/6103 episodes, total num timesteps 86851584/100000000, FPS 7308.

some episodes done, average rewards:  4.791610240936279
some episodes done, average rewards:  4.959533214569092
some episodes done, average rewards:  4.708230495452881
some episodes done, average rewards:  4.958920001983643
some episodes done, average rewards:  4.865220069885254
some episodes done, average rewards:  4.871392250061035
some episodes done, average rewards:  4.682514667510986
some episodes done, average rewards:  4.634951114654541
some episodes done, average rewards:  4.717570781707764
some episodes done, average rewards:  4.721363067626953
some episodes done, average rewards:  4.953339099884033
some episodes done, average rewards:  4.580867767333984
some episodes done, average rewards:  4.681463241577148
some episodes done, average rewards:  4.851912021636963
some episodes done, average rewards:  4.76978874206543
some episodes done, average rewards:  5.0042033195495605
some episodes done, average rewards:  4.888604164123535
some episodes done, average rewards:  4.890699863433838
some episodes done, average rewards:  4.743487358093262
some episodes done, average rewards:  4.990509986877441
some episodes done, average rewards:  5.089075565338135
some episodes done, average rewards:  4.902318000793457
some episodes done, average rewards:  4.967280864715576
some episodes done, average rewards:  4.712777137756348
some episodes done, average rewards:  4.784551620483398

Algo mappo Exp check updates 5325/6103 episodes, total num timesteps 87261184/100000000, FPS 7309.

some episodes done, average rewards:  4.6720051765441895
some episodes done, average rewards:  4.57800817489624
some episodes done, average rewards:  4.879907131195068
some episodes done, average rewards:  4.826271057128906
some episodes done, average rewards:  5.000152587890625
some episodes done, average rewards:  5.009746551513672
some episodes done, average rewards:  4.959917068481445
some episodes done, average rewards:  5.192088603973389
some episodes done, average rewards:  5.2291131019592285
some episodes done, average rewards:  5.557494640350342
some episodes done, average rewards:  5.51826810836792
some episodes done, average rewards:  5.464598655700684
some episodes done, average rewards:  5.579258441925049
some episodes done, average rewards:  5.367569446563721
some episodes done, average rewards:  5.406398296356201
some episodes done, average rewards:  5.71394681930542
some episodes done, average rewards:  5.693553447723389
some episodes done, average rewards:  5.429234504699707
some episodes done, average rewards:  5.582984924316406
some episodes done, average rewards:  5.528147220611572
some episodes done, average rewards:  5.624290466308594
some episodes done, average rewards:  5.587291717529297
some episodes done, average rewards:  5.408313274383545
some episodes done, average rewards:  5.466263771057129
some episodes done, average rewards:  5.377593040466309

Algo mappo Exp check updates 5350/6103 episodes, total num timesteps 87670784/100000000, FPS 7309.

some episodes done, average rewards:  5.587282657623291
some episodes done, average rewards:  5.414251327514648
some episodes done, average rewards:  5.4654459953308105
some episodes done, average rewards:  5.712435245513916
some episodes done, average rewards:  5.653176307678223
some episodes done, average rewards:  5.54421854019165
some episodes done, average rewards:  5.839408874511719
some episodes done, average rewards:  5.75689697265625
some episodes done, average rewards:  5.8586344718933105
some episodes done, average rewards:  5.947957515716553
some episodes done, average rewards:  5.632840156555176
some episodes done, average rewards:  5.607970714569092
some episodes done, average rewards:  5.632081985473633
some episodes done, average rewards:  5.445498466491699
some episodes done, average rewards:  5.346983909606934
some episodes done, average rewards:  5.2026848793029785
some episodes done, average rewards:  5.038660049438477
some episodes done, average rewards:  4.90981912612915
some episodes done, average rewards:  5.0354838371276855
some episodes done, average rewards:  5.100069999694824
some episodes done, average rewards:  5.039159774780273
some episodes done, average rewards:  5.19401741027832
some episodes done, average rewards:  5.0900774002075195
some episodes done, average rewards:  5.114002227783203
some episodes done, average rewards:  5.34072732925415

Algo mappo Exp check updates 5375/6103 episodes, total num timesteps 88080384/100000000, FPS 7309.

some episodes done, average rewards:  5.142021656036377
some episodes done, average rewards:  5.4447455406188965
some episodes done, average rewards:  5.4573187828063965
some episodes done, average rewards:  5.269824028015137
some episodes done, average rewards:  5.284336090087891
some episodes done, average rewards:  5.319166660308838
some episodes done, average rewards:  5.534581184387207
some episodes done, average rewards:  5.281083583831787
some episodes done, average rewards:  5.486151695251465
some episodes done, average rewards:  5.586127758026123
some episodes done, average rewards:  5.590993881225586
some episodes done, average rewards:  5.316821098327637
some episodes done, average rewards:  5.47497034072876
some episodes done, average rewards:  5.327552795410156
some episodes done, average rewards:  5.244823932647705
some episodes done, average rewards:  5.487795352935791
some episodes done, average rewards:  5.476574897766113
some episodes done, average rewards:  5.588155269622803
some episodes done, average rewards:  5.3038506507873535
some episodes done, average rewards:  5.2053141593933105
some episodes done, average rewards:  5.538671970367432
some episodes done, average rewards:  5.346187114715576
some episodes done, average rewards:  5.418664455413818
some episodes done, average rewards:  5.458205699920654
some episodes done, average rewards:  5.505495071411133

Algo mappo Exp check updates 5400/6103 episodes, total num timesteps 88489984/100000000, FPS 7310.

some episodes done, average rewards:  5.403087139129639
some episodes done, average rewards:  5.463954448699951
some episodes done, average rewards:  5.390317916870117
some episodes done, average rewards:  5.703241348266602
some episodes done, average rewards:  5.583166599273682
some episodes done, average rewards:  5.6737380027771
some episodes done, average rewards:  5.447805404663086
some episodes done, average rewards:  5.794211387634277
some episodes done, average rewards:  5.287322998046875
some episodes done, average rewards:  5.212559223175049
some episodes done, average rewards:  5.353649139404297
some episodes done, average rewards:  5.387517929077148
some episodes done, average rewards:  5.515615463256836
some episodes done, average rewards:  5.531223297119141
some episodes done, average rewards:  5.775793552398682
some episodes done, average rewards:  5.808849334716797
some episodes done, average rewards:  5.688805103302002
some episodes done, average rewards:  5.706035137176514
some episodes done, average rewards:  5.629795074462891
some episodes done, average rewards:  5.668250560760498
some episodes done, average rewards:  5.648440361022949
some episodes done, average rewards:  5.73307991027832
some episodes done, average rewards:  5.6802897453308105
some episodes done, average rewards:  5.85047721862793
some episodes done, average rewards:  5.770742416381836

Algo mappo Exp check updates 5425/6103 episodes, total num timesteps 88899584/100000000, FPS 7310.

some episodes done, average rewards:  5.819614410400391
some episodes done, average rewards:  5.560305118560791
some episodes done, average rewards:  5.840373992919922
some episodes done, average rewards:  5.568713665008545
some episodes done, average rewards:  5.904588222503662
some episodes done, average rewards:  5.579287052154541
some episodes done, average rewards:  5.822044372558594
some episodes done, average rewards:  5.730456829071045
some episodes done, average rewards:  5.508195877075195
some episodes done, average rewards:  5.7125444412231445
some episodes done, average rewards:  5.364901542663574
some episodes done, average rewards:  5.6190924644470215
some episodes done, average rewards:  5.591007232666016
some episodes done, average rewards:  5.800777435302734
some episodes done, average rewards:  5.618221759796143
some episodes done, average rewards:  5.340653896331787
some episodes done, average rewards:  5.532712936401367
some episodes done, average rewards:  5.478395938873291
some episodes done, average rewards:  5.284788131713867
some episodes done, average rewards:  5.447406768798828
some episodes done, average rewards:  5.545217037200928
some episodes done, average rewards:  4.9276227951049805
some episodes done, average rewards:  5.106128692626953
some episodes done, average rewards:  5.195458889007568
some episodes done, average rewards:  5.145730018615723

Algo mappo Exp check updates 5450/6103 episodes, total num timesteps 89309184/100000000, FPS 7310.

some episodes done, average rewards:  5.363707542419434
some episodes done, average rewards:  5.441744327545166
some episodes done, average rewards:  5.0460734367370605
some episodes done, average rewards:  5.494429588317871
some episodes done, average rewards:  5.153371810913086
some episodes done, average rewards:  5.207541465759277
some episodes done, average rewards:  5.3261260986328125
some episodes done, average rewards:  5.37295389175415
some episodes done, average rewards:  5.032039642333984
some episodes done, average rewards:  5.29185676574707
some episodes done, average rewards:  5.143898963928223
some episodes done, average rewards:  5.0570478439331055
some episodes done, average rewards:  5.077206134796143
some episodes done, average rewards:  4.881147861480713
some episodes done, average rewards:  4.926347255706787
some episodes done, average rewards:  5.0137553215026855
some episodes done, average rewards:  4.992908477783203
some episodes done, average rewards:  5.231091499328613
some episodes done, average rewards:  5.258607864379883
some episodes done, average rewards:  5.176778793334961
some episodes done, average rewards:  5.36587381362915
some episodes done, average rewards:  5.4180450439453125
some episodes done, average rewards:  5.263859272003174
some episodes done, average rewards:  5.452195644378662
some episodes done, average rewards:  5.393978595733643

Algo mappo Exp check updates 5475/6103 episodes, total num timesteps 89718784/100000000, FPS 7310.

some episodes done, average rewards:  5.561615467071533
some episodes done, average rewards:  5.047003269195557
some episodes done, average rewards:  5.211877346038818
some episodes done, average rewards:  4.900200366973877
some episodes done, average rewards:  5.177953720092773
some episodes done, average rewards:  4.925455570220947
some episodes done, average rewards:  5.05746603012085
some episodes done, average rewards:  5.121031284332275
some episodes done, average rewards:  5.06674861907959
some episodes done, average rewards:  5.0866522789001465
some episodes done, average rewards:  4.88193941116333
some episodes done, average rewards:  4.895805835723877
some episodes done, average rewards:  5.141602516174316
some episodes done, average rewards:  5.355313777923584
some episodes done, average rewards:  5.060216426849365
some episodes done, average rewards:  5.1748528480529785
some episodes done, average rewards:  4.975308418273926
some episodes done, average rewards:  5.211122035980225
some episodes done, average rewards:  5.337170600891113
some episodes done, average rewards:  5.052760601043701
some episodes done, average rewards:  4.577391624450684
some episodes done, average rewards:  5.081981182098389
some episodes done, average rewards:  4.833378791809082
some episodes done, average rewards:  4.9323344230651855
some episodes done, average rewards:  4.830897808074951

Algo mappo Exp check updates 5500/6103 episodes, total num timesteps 90128384/100000000, FPS 7309.

some episodes done, average rewards:  4.584887981414795
some episodes done, average rewards:  5.000340461730957
some episodes done, average rewards:  4.787938117980957
some episodes done, average rewards:  4.943718910217285
some episodes done, average rewards:  5.285150527954102
some episodes done, average rewards:  4.718687534332275
some episodes done, average rewards:  4.891206741333008
some episodes done, average rewards:  5.0518693923950195
some episodes done, average rewards:  5.098110675811768
some episodes done, average rewards:  4.772815227508545
some episodes done, average rewards:  4.796072006225586
some episodes done, average rewards:  4.710177898406982
some episodes done, average rewards:  4.549484729766846
some episodes done, average rewards:  4.825833320617676
some episodes done, average rewards:  4.565180778503418
some episodes done, average rewards:  4.467807769775391
some episodes done, average rewards:  4.519913196563721
some episodes done, average rewards:  4.626444339752197
some episodes done, average rewards:  4.609340190887451
some episodes done, average rewards:  4.556182861328125
some episodes done, average rewards:  4.6602678298950195
some episodes done, average rewards:  4.690653324127197
some episodes done, average rewards:  4.500107765197754
some episodes done, average rewards:  4.973335266113281
some episodes done, average rewards:  4.5425004959106445

Algo mappo Exp check updates 5525/6103 episodes, total num timesteps 90537984/100000000, FPS 7306.

some episodes done, average rewards:  4.8538079261779785
some episodes done, average rewards:  4.772512435913086
some episodes done, average rewards:  4.884768486022949
some episodes done, average rewards:  4.795312881469727
some episodes done, average rewards:  4.687873363494873
some episodes done, average rewards:  4.665571212768555
some episodes done, average rewards:  4.775179386138916
some episodes done, average rewards:  4.7403154373168945
some episodes done, average rewards:  4.821743488311768
some episodes done, average rewards:  4.878123760223389
some episodes done, average rewards:  4.714746952056885
some episodes done, average rewards:  4.892742156982422
some episodes done, average rewards:  4.579628944396973
some episodes done, average rewards:  4.669839859008789
some episodes done, average rewards:  4.718930721282959
some episodes done, average rewards:  4.627077579498291
some episodes done, average rewards:  5.119801998138428
some episodes done, average rewards:  4.716162204742432
some episodes done, average rewards:  4.7967848777771
some episodes done, average rewards:  4.555654525756836
some episodes done, average rewards:  4.647847652435303
some episodes done, average rewards:  4.76723051071167
some episodes done, average rewards:  4.793755531311035
some episodes done, average rewards:  4.915433883666992
some episodes done, average rewards:  5.048765182495117

Algo mappo Exp check updates 5550/6103 episodes, total num timesteps 90947584/100000000, FPS 7303.

some episodes done, average rewards:  4.841437339782715
some episodes done, average rewards:  4.852175712585449
some episodes done, average rewards:  5.11593770980835
some episodes done, average rewards:  4.784599304199219
some episodes done, average rewards:  4.981269836425781
some episodes done, average rewards:  5.019439220428467
some episodes done, average rewards:  4.889282703399658
some episodes done, average rewards:  5.114900588989258
some episodes done, average rewards:  4.690388202667236
some episodes done, average rewards:  4.93609094619751
some episodes done, average rewards:  5.081299304962158
some episodes done, average rewards:  5.133342742919922
some episodes done, average rewards:  5.109989166259766
some episodes done, average rewards:  5.236694812774658
some episodes done, average rewards:  5.081612586975098
some episodes done, average rewards:  5.260762691497803
some episodes done, average rewards:  5.115435600280762
some episodes done, average rewards:  5.277284145355225
some episodes done, average rewards:  5.056564807891846
some episodes done, average rewards:  5.044889450073242
some episodes done, average rewards:  5.239006042480469
some episodes done, average rewards:  5.261646270751953
some episodes done, average rewards:  5.0712761878967285
some episodes done, average rewards:  4.916317939758301
some episodes done, average rewards:  4.868051052093506

Algo mappo Exp check updates 5575/6103 episodes, total num timesteps 91357184/100000000, FPS 7301.

some episodes done, average rewards:  5.057547569274902
some episodes done, average rewards:  4.868446350097656
some episodes done, average rewards:  4.9150214195251465
some episodes done, average rewards:  5.032884120941162
some episodes done, average rewards:  4.881034851074219
some episodes done, average rewards:  4.99485969543457
some episodes done, average rewards:  5.098313808441162
some episodes done, average rewards:  5.303047180175781
some episodes done, average rewards:  5.18902063369751
some episodes done, average rewards:  5.303342819213867
some episodes done, average rewards:  4.996335506439209
some episodes done, average rewards:  5.4343719482421875
some episodes done, average rewards:  5.363881587982178
some episodes done, average rewards:  5.3556742668151855
some episodes done, average rewards:  5.318614959716797
some episodes done, average rewards:  5.454036712646484
some episodes done, average rewards:  5.568918704986572
some episodes done, average rewards:  5.264841556549072
some episodes done, average rewards:  5.360441207885742
some episodes done, average rewards:  5.55720329284668
some episodes done, average rewards:  5.673403263092041
some episodes done, average rewards:  5.510520935058594
some episodes done, average rewards:  5.196087837219238
some episodes done, average rewards:  5.316534519195557
some episodes done, average rewards:  5.242981910705566

Algo mappo Exp check updates 5600/6103 episodes, total num timesteps 91766784/100000000, FPS 7298.

some episodes done, average rewards:  5.4823479652404785
some episodes done, average rewards:  5.246452808380127
some episodes done, average rewards:  5.24769926071167
some episodes done, average rewards:  5.432913303375244
some episodes done, average rewards:  5.3948564529418945
some episodes done, average rewards:  5.331583023071289
some episodes done, average rewards:  5.164801597595215
some episodes done, average rewards:  5.2693562507629395
some episodes done, average rewards:  5.321195602416992
some episodes done, average rewards:  5.406752109527588
some episodes done, average rewards:  5.0901594161987305
some episodes done, average rewards:  5.131702899932861
some episodes done, average rewards:  5.40307092666626
some episodes done, average rewards:  5.307597637176514
some episodes done, average rewards:  5.073390483856201
some episodes done, average rewards:  5.410699844360352
some episodes done, average rewards:  5.182569980621338
some episodes done, average rewards:  4.986333847045898
some episodes done, average rewards:  4.9996771812438965
some episodes done, average rewards:  4.897338390350342
some episodes done, average rewards:  5.041630268096924
some episodes done, average rewards:  5.1790313720703125
some episodes done, average rewards:  5.108544826507568
some episodes done, average rewards:  5.246188640594482
some episodes done, average rewards:  5.142370223999023

Algo mappo Exp check updates 5625/6103 episodes, total num timesteps 92176384/100000000, FPS 7297.

some episodes done, average rewards:  5.262909412384033
some episodes done, average rewards:  5.017798900604248
some episodes done, average rewards:  4.848208427429199
some episodes done, average rewards:  5.270867824554443
some episodes done, average rewards:  5.2603678703308105
some episodes done, average rewards:  5.293237209320068
some episodes done, average rewards:  5.090899467468262
some episodes done, average rewards:  5.223947048187256
some episodes done, average rewards:  5.277348518371582
some episodes done, average rewards:  5.031520366668701
some episodes done, average rewards:  5.445743560791016
some episodes done, average rewards:  5.071273326873779
some episodes done, average rewards:  5.203730583190918
some episodes done, average rewards:  4.874896049499512
some episodes done, average rewards:  4.936007976531982
some episodes done, average rewards:  5.198432922363281
some episodes done, average rewards:  5.034890651702881
some episodes done, average rewards:  4.75947904586792
some episodes done, average rewards:  4.757862567901611
some episodes done, average rewards:  4.900197505950928
some episodes done, average rewards:  4.938858509063721
some episodes done, average rewards:  4.856624603271484
some episodes done, average rewards:  5.020816326141357
some episodes done, average rewards:  4.943936824798584
some episodes done, average rewards:  5.040230751037598

Algo mappo Exp check updates 5650/6103 episodes, total num timesteps 92585984/100000000, FPS 7295.

some episodes done, average rewards:  5.318539142608643
some episodes done, average rewards:  5.447526931762695
some episodes done, average rewards:  5.349935054779053
some episodes done, average rewards:  5.240454196929932
some episodes done, average rewards:  5.159339427947998
some episodes done, average rewards:  5.275932788848877
some episodes done, average rewards:  5.305488586425781
some episodes done, average rewards:  5.161034107208252
some episodes done, average rewards:  5.413414001464844
some episodes done, average rewards:  4.8772149085998535
some episodes done, average rewards:  5.2989630699157715
some episodes done, average rewards:  5.337472438812256
some episodes done, average rewards:  5.0450310707092285
some episodes done, average rewards:  5.249141216278076
some episodes done, average rewards:  5.427937030792236
some episodes done, average rewards:  5.428922653198242
some episodes done, average rewards:  5.401529788970947
some episodes done, average rewards:  5.400564670562744
some episodes done, average rewards:  5.5848822593688965
some episodes done, average rewards:  5.327672004699707
some episodes done, average rewards:  5.079502105712891
some episodes done, average rewards:  5.104073524475098
some episodes done, average rewards:  5.403280735015869
some episodes done, average rewards:  5.21079683303833
some episodes done, average rewards:  5.1538166999816895

Algo mappo Exp check updates 5675/6103 episodes, total num timesteps 92995584/100000000, FPS 7292.

some episodes done, average rewards:  5.269071102142334
some episodes done, average rewards:  5.304862022399902
some episodes done, average rewards:  5.277773380279541
some episodes done, average rewards:  4.862456321716309
some episodes done, average rewards:  4.48969841003418
some episodes done, average rewards:  5.04467248916626
some episodes done, average rewards:  4.450048923492432
some episodes done, average rewards:  4.854231834411621
some episodes done, average rewards:  5.019651412963867
some episodes done, average rewards:  5.2953290939331055
some episodes done, average rewards:  5.358673572540283
some episodes done, average rewards:  5.099462032318115
some episodes done, average rewards:  5.206470012664795
some episodes done, average rewards:  5.359562397003174
some episodes done, average rewards:  5.373801231384277
some episodes done, average rewards:  5.3281025886535645
some episodes done, average rewards:  5.6645379066467285
some episodes done, average rewards:  5.012167930603027
some episodes done, average rewards:  5.397770404815674
some episodes done, average rewards:  4.9465436935424805
some episodes done, average rewards:  4.841969013214111
some episodes done, average rewards:  4.755631446838379
some episodes done, average rewards:  4.5996198654174805
some episodes done, average rewards:  4.512872219085693
some episodes done, average rewards:  4.565467834472656

Algo mappo Exp check updates 5700/6103 episodes, total num timesteps 93405184/100000000, FPS 7291.

some episodes done, average rewards:  4.637053966522217
some episodes done, average rewards:  4.733921051025391
some episodes done, average rewards:  4.556849002838135
some episodes done, average rewards:  4.898975372314453
some episodes done, average rewards:  4.627193450927734
some episodes done, average rewards:  4.747698783874512
some episodes done, average rewards:  4.684251308441162
some episodes done, average rewards:  4.735044956207275
some episodes done, average rewards:  4.838781833648682
some episodes done, average rewards:  4.913922309875488
some episodes done, average rewards:  4.638530254364014
some episodes done, average rewards:  4.545425891876221
some episodes done, average rewards:  4.755237579345703
some episodes done, average rewards:  4.6064372062683105
some episodes done, average rewards:  4.677259922027588
some episodes done, average rewards:  4.883270740509033
some episodes done, average rewards:  4.626382827758789
some episodes done, average rewards:  4.588149070739746
some episodes done, average rewards:  4.368834972381592
some episodes done, average rewards:  4.484507083892822
some episodes done, average rewards:  4.085250377655029
some episodes done, average rewards:  4.288271903991699
some episodes done, average rewards:  4.035521030426025
some episodes done, average rewards:  3.8608407974243164
some episodes done, average rewards:  4.011453151702881

Algo mappo Exp check updates 5725/6103 episodes, total num timesteps 93814784/100000000, FPS 7288.

some episodes done, average rewards:  3.806978702545166
some episodes done, average rewards:  3.752579689025879
some episodes done, average rewards:  4.004158973693848
some episodes done, average rewards:  4.0724711418151855
some episodes done, average rewards:  4.146069049835205
some episodes done, average rewards:  4.2212748527526855
some episodes done, average rewards:  3.9028923511505127
some episodes done, average rewards:  4.002063751220703
some episodes done, average rewards:  3.820308208465576
some episodes done, average rewards:  3.4750900268554688
some episodes done, average rewards:  3.615260601043701
some episodes done, average rewards:  3.7572338581085205
some episodes done, average rewards:  3.7023000717163086
some episodes done, average rewards:  3.8329474925994873
some episodes done, average rewards:  4.021381378173828
some episodes done, average rewards:  4.115484237670898
some episodes done, average rewards:  4.041113376617432
some episodes done, average rewards:  4.111540794372559
some episodes done, average rewards:  4.229996204376221
some episodes done, average rewards:  3.9176900386810303
some episodes done, average rewards:  4.263888835906982
some episodes done, average rewards:  4.325485706329346
some episodes done, average rewards:  4.44752836227417
some episodes done, average rewards:  4.304953575134277
some episodes done, average rewards:  4.149647235870361

Algo mappo Exp check updates 5750/6103 episodes, total num timesteps 94224384/100000000, FPS 7286.

some episodes done, average rewards:  4.413471221923828
some episodes done, average rewards:  4.147404193878174
some episodes done, average rewards:  4.249486923217773
some episodes done, average rewards:  4.290835857391357
some episodes done, average rewards:  4.176693916320801
some episodes done, average rewards:  4.176754474639893
some episodes done, average rewards:  4.3226423263549805
some episodes done, average rewards:  4.117359638214111
some episodes done, average rewards:  4.065943241119385
some episodes done, average rewards:  3.942188024520874
some episodes done, average rewards:  3.958383560180664
some episodes done, average rewards:  4.0120158195495605
some episodes done, average rewards:  3.9346983432769775
some episodes done, average rewards:  3.8503804206848145
some episodes done, average rewards:  3.8260202407836914
some episodes done, average rewards:  3.765024423599243
some episodes done, average rewards:  4.121035575866699
some episodes done, average rewards:  3.662019729614258
some episodes done, average rewards:  3.779876470565796
some episodes done, average rewards:  3.709137439727783
some episodes done, average rewards:  3.918161153793335
some episodes done, average rewards:  3.8418264389038086
some episodes done, average rewards:  4.126896858215332
some episodes done, average rewards:  4.097209453582764
some episodes done, average rewards:  4.303625583648682

Algo mappo Exp check updates 5775/6103 episodes, total num timesteps 94633984/100000000, FPS 7284.

some episodes done, average rewards:  4.368950843811035
some episodes done, average rewards:  4.215341091156006
some episodes done, average rewards:  4.3031110763549805
some episodes done, average rewards:  4.312599182128906
some episodes done, average rewards:  4.196744918823242
some episodes done, average rewards:  4.438216209411621
some episodes done, average rewards:  4.514852046966553
some episodes done, average rewards:  4.653825283050537
some episodes done, average rewards:  4.700286388397217
some episodes done, average rewards:  4.618884563446045
some episodes done, average rewards:  4.747445106506348
some episodes done, average rewards:  4.599277496337891
some episodes done, average rewards:  4.3875837326049805
some episodes done, average rewards:  4.362894058227539
some episodes done, average rewards:  4.5209503173828125
some episodes done, average rewards:  4.526655197143555
some episodes done, average rewards:  4.66770076751709
some episodes done, average rewards:  4.627430438995361
some episodes done, average rewards:  4.891676425933838
some episodes done, average rewards:  4.761769771575928
some episodes done, average rewards:  4.735171318054199
some episodes done, average rewards:  4.723025321960449
some episodes done, average rewards:  4.648116588592529
some episodes done, average rewards:  4.589310646057129
some episodes done, average rewards:  4.738598346710205

Algo mappo Exp check updates 5800/6103 episodes, total num timesteps 95043584/100000000, FPS 7283.

some episodes done, average rewards:  4.513904094696045
some episodes done, average rewards:  4.712135314941406
some episodes done, average rewards:  4.867971420288086
some episodes done, average rewards:  4.671278476715088
some episodes done, average rewards:  4.764529228210449
some episodes done, average rewards:  4.80097770690918
some episodes done, average rewards:  4.9349164962768555
some episodes done, average rewards:  4.640194892883301
some episodes done, average rewards:  4.757762432098389
some episodes done, average rewards:  4.686503887176514
some episodes done, average rewards:  4.751326084136963
some episodes done, average rewards:  4.784547328948975
some episodes done, average rewards:  4.892295837402344
some episodes done, average rewards:  4.791988849639893
some episodes done, average rewards:  4.670607089996338
some episodes done, average rewards:  4.800837993621826
some episodes done, average rewards:  4.983640670776367
some episodes done, average rewards:  5.097238540649414
some episodes done, average rewards:  4.653468132019043
some episodes done, average rewards:  4.341043472290039
some episodes done, average rewards:  4.484503746032715
some episodes done, average rewards:  4.6280517578125
some episodes done, average rewards:  4.367058277130127
some episodes done, average rewards:  4.286437034606934
some episodes done, average rewards:  4.3722662925720215

Algo mappo Exp check updates 5825/6103 episodes, total num timesteps 95453184/100000000, FPS 7282.

some episodes done, average rewards:  4.426577091217041
some episodes done, average rewards:  4.244076728820801
some episodes done, average rewards:  4.143022537231445
some episodes done, average rewards:  4.5838398933410645
some episodes done, average rewards:  4.285274028778076
some episodes done, average rewards:  4.488365650177002
some episodes done, average rewards:  4.561520099639893
some episodes done, average rewards:  4.295746803283691
some episodes done, average rewards:  4.409971237182617
some episodes done, average rewards:  4.116401672363281
some episodes done, average rewards:  4.2985711097717285
some episodes done, average rewards:  4.271970272064209
some episodes done, average rewards:  4.289663791656494
some episodes done, average rewards:  4.482224464416504
some episodes done, average rewards:  4.735414505004883
some episodes done, average rewards:  4.4922566413879395
some episodes done, average rewards:  4.843536376953125
some episodes done, average rewards:  4.447462558746338
some episodes done, average rewards:  4.435240745544434
some episodes done, average rewards:  4.2610321044921875
some episodes done, average rewards:  4.374983310699463
some episodes done, average rewards:  4.270946979522705
some episodes done, average rewards:  4.310786247253418
some episodes done, average rewards:  4.407187461853027
some episodes done, average rewards:  4.286154747009277

Algo mappo Exp check updates 5850/6103 episodes, total num timesteps 95862784/100000000, FPS 7281.

some episodes done, average rewards:  4.455535411834717
some episodes done, average rewards:  4.414976119995117
some episodes done, average rewards:  4.4210591316223145
some episodes done, average rewards:  4.343469619750977
some episodes done, average rewards:  4.4637017250061035
some episodes done, average rewards:  4.2161784172058105
some episodes done, average rewards:  4.0915446281433105
some episodes done, average rewards:  4.475864887237549
some episodes done, average rewards:  4.307130336761475
some episodes done, average rewards:  4.325547218322754
some episodes done, average rewards:  4.200462818145752
some episodes done, average rewards:  4.210200309753418
some episodes done, average rewards:  4.200363636016846
some episodes done, average rewards:  4.2561564445495605
some episodes done, average rewards:  4.236586093902588
some episodes done, average rewards:  4.051260471343994
some episodes done, average rewards:  3.8216679096221924
some episodes done, average rewards:  3.6103901863098145
some episodes done, average rewards:  3.790379285812378
some episodes done, average rewards:  3.665215015411377
some episodes done, average rewards:  3.7469327449798584
some episodes done, average rewards:  3.6020092964172363
some episodes done, average rewards:  3.518467903137207
some episodes done, average rewards:  3.5974888801574707
some episodes done, average rewards:  3.9213902950286865

Algo mappo Exp check updates 5875/6103 episodes, total num timesteps 96272384/100000000, FPS 7280.

some episodes done, average rewards:  3.7033419609069824
some episodes done, average rewards:  3.7013304233551025
some episodes done, average rewards:  3.3527588844299316
some episodes done, average rewards:  3.6172847747802734
some episodes done, average rewards:  3.2264814376831055
some episodes done, average rewards:  3.454375982284546
some episodes done, average rewards:  3.534532308578491
some episodes done, average rewards:  3.3639254570007324
some episodes done, average rewards:  3.4873764514923096
some episodes done, average rewards:  3.29289174079895
some episodes done, average rewards:  3.425210952758789
some episodes done, average rewards:  3.3341124057769775
some episodes done, average rewards:  3.1112523078918457
some episodes done, average rewards:  3.1222591400146484
some episodes done, average rewards:  3.102081537246704
some episodes done, average rewards:  3.020139694213867
some episodes done, average rewards:  3.12530517578125
some episodes done, average rewards:  3.1327109336853027
some episodes done, average rewards:  3.0899438858032227
some episodes done, average rewards:  2.857290029525757
some episodes done, average rewards:  2.9147543907165527
some episodes done, average rewards:  2.7876181602478027
some episodes done, average rewards:  2.6834423542022705
some episodes done, average rewards:  2.813878297805786
some episodes done, average rewards:  2.5849623680114746

Algo mappo Exp check updates 5900/6103 episodes, total num timesteps 96681984/100000000, FPS 7278.

some episodes done, average rewards:  2.7540078163146973
some episodes done, average rewards:  2.6129989624023438
some episodes done, average rewards:  2.6845169067382812
some episodes done, average rewards:  2.7169222831726074
some episodes done, average rewards:  2.761784076690674
some episodes done, average rewards:  2.9495508670806885
some episodes done, average rewards:  2.644505500793457
some episodes done, average rewards:  2.877592086791992
some episodes done, average rewards:  2.856865167617798
some episodes done, average rewards:  2.846717119216919
some episodes done, average rewards:  2.9017293453216553
some episodes done, average rewards:  2.73653244972229
some episodes done, average rewards:  2.6827096939086914
some episodes done, average rewards:  2.669377565383911
some episodes done, average rewards:  2.688340663909912
some episodes done, average rewards:  2.6160240173339844
some episodes done, average rewards:  2.841151475906372
some episodes done, average rewards:  3.051332712173462
some episodes done, average rewards:  3.169269561767578
some episodes done, average rewards:  3.0606231689453125
some episodes done, average rewards:  3.1107356548309326
some episodes done, average rewards:  3.337110757827759
some episodes done, average rewards:  3.277344226837158
some episodes done, average rewards:  3.4266955852508545
some episodes done, average rewards:  3.406691551208496

Algo mappo Exp check updates 5925/6103 episodes, total num timesteps 97091584/100000000, FPS 7277.

some episodes done, average rewards:  3.2999796867370605
some episodes done, average rewards:  3.324918270111084
some episodes done, average rewards:  3.1323087215423584
some episodes done, average rewards:  2.873438835144043
some episodes done, average rewards:  3.182992458343506
some episodes done, average rewards:  3.209458351135254
some episodes done, average rewards:  3.051866292953491
some episodes done, average rewards:  2.969125747680664
some episodes done, average rewards:  3.047823429107666
some episodes done, average rewards:  2.9217820167541504
some episodes done, average rewards:  2.8728067874908447
some episodes done, average rewards:  3.120210886001587
some episodes done, average rewards:  3.054047107696533
some episodes done, average rewards:  3.0944883823394775
some episodes done, average rewards:  3.0717198848724365
some episodes done, average rewards:  3.2865829467773438
some episodes done, average rewards:  3.09867262840271
some episodes done, average rewards:  3.2086944580078125
some episodes done, average rewards:  3.1028709411621094
some episodes done, average rewards:  2.9421820640563965
some episodes done, average rewards:  2.7140419483184814
some episodes done, average rewards:  2.7194268703460693
some episodes done, average rewards:  2.7120020389556885
some episodes done, average rewards:  2.6539502143859863
some episodes done, average rewards:  2.5215539932250977

Algo mappo Exp check updates 5950/6103 episodes, total num timesteps 97501184/100000000, FPS 7276.

some episodes done, average rewards:  2.54178524017334
some episodes done, average rewards:  2.618130922317505
some episodes done, average rewards:  2.5584354400634766
some episodes done, average rewards:  2.6366913318634033
some episodes done, average rewards:  2.669658899307251
some episodes done, average rewards:  2.5458264350891113
some episodes done, average rewards:  2.785484552383423
some episodes done, average rewards:  2.7557220458984375
some episodes done, average rewards:  2.7456111907958984
some episodes done, average rewards:  2.769223690032959
some episodes done, average rewards:  2.9050495624542236
some episodes done, average rewards:  2.8701164722442627
some episodes done, average rewards:  2.855461597442627
some episodes done, average rewards:  2.8328120708465576
some episodes done, average rewards:  2.885713815689087
some episodes done, average rewards:  2.897695541381836
some episodes done, average rewards:  2.817861318588257
some episodes done, average rewards:  2.9838831424713135
some episodes done, average rewards:  3.032390832901001
some episodes done, average rewards:  2.867626428604126
some episodes done, average rewards:  2.7730703353881836
some episodes done, average rewards:  2.935255765914917
some episodes done, average rewards:  2.918696880340576
some episodes done, average rewards:  2.6675307750701904
some episodes done, average rewards:  2.778425693511963

Algo mappo Exp check updates 5975/6103 episodes, total num timesteps 97910784/100000000, FPS 7274.

some episodes done, average rewards:  2.599391460418701
some episodes done, average rewards:  2.6399171352386475
some episodes done, average rewards:  2.7152583599090576
some episodes done, average rewards:  2.809600830078125
some episodes done, average rewards:  2.727694034576416
some episodes done, average rewards:  2.5632612705230713
some episodes done, average rewards:  2.5791587829589844
some episodes done, average rewards:  2.599362373352051
some episodes done, average rewards:  2.610994815826416
some episodes done, average rewards:  2.54148268699646
some episodes done, average rewards:  2.49776291847229
some episodes done, average rewards:  2.603632688522339
some episodes done, average rewards:  2.6499991416931152
some episodes done, average rewards:  2.52734112739563
some episodes done, average rewards:  2.449172019958496
some episodes done, average rewards:  2.433680772781372
some episodes done, average rewards:  2.563392400741577
some episodes done, average rewards:  2.5318517684936523
some episodes done, average rewards:  2.4662561416625977
some episodes done, average rewards:  2.3755440711975098
some episodes done, average rewards:  2.2868785858154297
some episodes done, average rewards:  2.481095552444458
some episodes done, average rewards:  2.5578043460845947
some episodes done, average rewards:  2.585347890853882
some episodes done, average rewards:  2.496384620666504

Algo mappo Exp check updates 6000/6103 episodes, total num timesteps 98320384/100000000, FPS 7273.

some episodes done, average rewards:  2.4659457206726074
some episodes done, average rewards:  2.531670570373535
some episodes done, average rewards:  2.7887749671936035
some episodes done, average rewards:  2.6492691040039062
some episodes done, average rewards:  2.5331764221191406
some episodes done, average rewards:  2.6022942066192627
some episodes done, average rewards:  2.543046712875366
some episodes done, average rewards:  2.766557216644287
some episodes done, average rewards:  2.5996711254119873
some episodes done, average rewards:  2.580294132232666
some episodes done, average rewards:  2.485962390899658
some episodes done, average rewards:  2.291254997253418
some episodes done, average rewards:  2.47058367729187
some episodes done, average rewards:  2.362701416015625
some episodes done, average rewards:  2.3355441093444824
some episodes done, average rewards:  2.493197441101074
some episodes done, average rewards:  2.367182731628418
some episodes done, average rewards:  2.5556840896606445
some episodes done, average rewards:  2.440885305404663
some episodes done, average rewards:  2.616729259490967
some episodes done, average rewards:  2.5988616943359375
some episodes done, average rewards:  2.4986917972564697
some episodes done, average rewards:  2.467313528060913
some episodes done, average rewards:  2.555802345275879
some episodes done, average rewards:  2.4003982543945312

Algo mappo Exp check updates 6025/6103 episodes, total num timesteps 98729984/100000000, FPS 7272.

some episodes done, average rewards:  2.371539354324341
some episodes done, average rewards:  2.4571003913879395
some episodes done, average rewards:  2.597393274307251
some episodes done, average rewards:  2.3966941833496094
some episodes done, average rewards:  2.5886306762695312
some episodes done, average rewards:  2.3929214477539062
some episodes done, average rewards:  2.314908742904663
some episodes done, average rewards:  2.201592445373535
some episodes done, average rewards:  2.21439790725708
some episodes done, average rewards:  2.3460381031036377
some episodes done, average rewards:  2.1934421062469482
some episodes done, average rewards:  2.384840488433838
some episodes done, average rewards:  2.306821584701538
some episodes done, average rewards:  2.2962865829467773
some episodes done, average rewards:  2.2647292613983154
some episodes done, average rewards:  2.1166296005249023
some episodes done, average rewards:  2.3309051990509033
some episodes done, average rewards:  2.1736741065979004
some episodes done, average rewards:  2.2529728412628174
some episodes done, average rewards:  2.196798801422119
some episodes done, average rewards:  2.395756721496582
some episodes done, average rewards:  2.2234549522399902
some episodes done, average rewards:  2.232919692993164
some episodes done, average rewards:  2.1201398372650146
some episodes done, average rewards:  2.1468660831451416
Loading extension module gymtorch...
Gym has been unmaintained since 2022 and does not support NumPy 2.0 amongst other critical functionality.
Please upgrade to Gymnasium, the maintained drop-in replacement of Gym, or contact the authors of your software and request that they upgrade.
Users of this version of Gym should be able to simply replace 'import gym' with 'import gymnasium as gym' in the vast majority of cases.
See the migration guide at https://gymnasium.farama.org/introduction/migration_guide/ for additional information.
/home/caozhuo/miniconda3/envs/rlgpu3/lib/python3.8/site-packages/gym/spaces/box.py:127: UserWarning: [33mWARN: Box bound precision lowered by casting to float32[0m
  logger.warn(f"Box bound precision lowered by casting to {self.dtype}")

Algo mappo Exp check updates 6050/6103 episodes, total num timesteps 99139584/100000000, FPS 7271.

some episodes done, average rewards:  2.158499002456665
some episodes done, average rewards:  2.0135443210601807
some episodes done, average rewards:  2.0936508178710938
some episodes done, average rewards:  1.9984720945358276
some episodes done, average rewards:  2.081167459487915
some episodes done, average rewards:  2.404247760772705
some episodes done, average rewards:  2.2364909648895264
some episodes done, average rewards:  2.2695014476776123
some episodes done, average rewards:  2.1875011920928955
some episodes done, average rewards:  2.2398831844329834
some episodes done, average rewards:  2.2990334033966064
some episodes done, average rewards:  2.2914910316467285
some episodes done, average rewards:  2.2605793476104736
some episodes done, average rewards:  2.387018918991089
some episodes done, average rewards:  2.2263925075531006
some episodes done, average rewards:  2.1417667865753174
some episodes done, average rewards:  2.1962227821350098
some episodes done, average rewards:  2.1774673461914062
some episodes done, average rewards:  2.108525037765503
some episodes done, average rewards:  2.090311288833618
some episodes done, average rewards:  2.2112746238708496
some episodes done, average rewards:  2.1756234169006348
some episodes done, average rewards:  2.0727016925811768
some episodes done, average rewards:  2.099163770675659
some episodes done, average rewards:  2.045090436935425

Algo mappo Exp check updates 6075/6103 episodes, total num timesteps 99549184/100000000, FPS 7269.

some episodes done, average rewards:  2.173171043395996
some episodes done, average rewards:  2.20377516746521
some episodes done, average rewards:  2.291717529296875
some episodes done, average rewards:  2.254063606262207
some episodes done, average rewards:  2.1518912315368652
some episodes done, average rewards:  2.2268824577331543
some episodes done, average rewards:  2.310608148574829
some episodes done, average rewards:  2.227670192718506
some episodes done, average rewards:  2.3168842792510986
some episodes done, average rewards:  2.3357086181640625
some episodes done, average rewards:  2.317540407180786
some episodes done, average rewards:  2.2526352405548096
some episodes done, average rewards:  2.204979658126831
some episodes done, average rewards:  2.1758432388305664
some episodes done, average rewards:  2.099046468734741
some episodes done, average rewards:  2.2986159324645996
some episodes done, average rewards:  2.246819257736206
some episodes done, average rewards:  2.171572685241699
some episodes done, average rewards:  2.1804959774017334
some episodes done, average rewards:  2.288302421569824
some episodes done, average rewards:  2.1408724784851074
some episodes done, average rewards:  2.22961163520813
some episodes done, average rewards:  2.2879419326782227
some episodes done, average rewards:  2.1636922359466553
some episodes done, average rewards:  2.163285732269287

Algo mappo Exp check updates 6100/6103 episodes, total num timesteps 99958784/100000000, FPS 7268.

some episodes done, average rewards:  2.1055619716644287
some episodes done, average rewards:  2.0088489055633545
some episodes done, average rewards:  2.032972812652588
